event_id,timestamp,language_pair,ai_model_version,content_type,sentence_length_words,latency_ms,user_edit_distance,quality_score
1,2026-04-01,en-pt,v1,documentation,45,302,0.4348,0.5261
2,2026-04-01,en-zh,v1,support_ticket,21,472,0.7841,0.2392
3,2026-04-01,en-pt,v1,support_ticket,32,368,0.371,0.64
4,2026-04-01,en-it,v1,support_ticket,21,379,0.3342,0.7025
5,2026-04-01,en-el,v1,support_ticket,18,451,0.4992,0.5118
6,2026-04-01,en-ja,v1,support_ticket,46,389,0.9167,0.0589
7,2026-04-01,en-es,v1,documentation,51,369,0.4024,0.5729
8,2026-04-01,en-ja,v1,documentation,42,433,0.9051,0.0984
9,2026-04-01,en-zh,v1,documentation,47,460,0.9076,0.0945
10,2026-04-01,en-pt,v1,support_ticket,13,391,0.2881,0.6927
11,2026-04-01,en-pt,v1,marketing,30,478,0.406,0.5435
12,2026-04-01,en-el,v1,documentation,42,467,0.617,0.3725
13,2026-04-01,en-pt,v1,documentation,47,343,0.3889,0.5771
14,2026-04-01,en-pt,v1,marketing,18,394,0.4461,0.5587
15,2026-04-01,en-el,v1,support_ticket,19,380,0.5381,0.4511
16,2026-04-01,en-el,v1,support_ticket,26,420,0.5139,0.5005
17,2026-04-01,en-el,v1,support_ticket,27,394,0.5331,0.4645
18,2026-04-01,en-ja,v1,marketing,11,443,0.9026,0.0702
19,2026-04-01,en-fr,v1,marketing,28,464,0.454,0.518
20,2026-04-01,en-zh,v1,marketing,15,316,0.9453,0.0677
21,2026-04-01,en-fr,v1,documentation,28,424,0.3149,0.6692
22,2026-04-01,en-zh,v1,support_ticket,38,358,0.8542,0.1511
23,2026-04-01,en-de,v1,marketing,28,441,0.5776,0.4663
24,2026-04-01,en-es,v1,marketing,13,337,0.385,0.6341
25,2026-04-01,en-ja,v1,marketing,10,438,0.8993,0.1258
26,2026-04-01,en-fr,v1,documentation,40,292,0.3655,0.6426
27,2026-04-01,en-de,v1,documentation,30,411,0.4275,0.6045
28,2026-04-01,en-el,v1,marketing,12,390,0.5246,0.4737
29,2026-04-01,en-it,v1,support_ticket,23,390,0.3917,0.5727
30,2026-04-01,en-es,v1,documentation,73,470,0.4255,0.5474
31,2026-04-01,en-el,v1,legal,54,417,0.738,0.2424
32,2026-04-01,en-es,v1,marketing,11,430,0.34,0.7074
33,2026-04-01,en-es,v1,support_ticket,21,498,0.3354,0.6712
34,2026-04-01,en-fr,v1,documentation,40,430,0.4791,0.4842
35,2026-04-01,en-zh,v1,documentation,62,409,0.95,0.05
36,2026-04-01,en-fr,v1,support_ticket,35,458,0.3472,0.6409
37,2026-04-02,en-de,v1,marketing,20,425,0.5833,0.436
38,2026-04-02,en-ja,v1,marketing,17,346,0.9246,0.05
39,2026-04-02,en-pt,v1,support_ticket,13,390,0.3039,0.6863
40,2026-04-02,en-pt,v1,documentation,42,410,0.4452,0.5339
41,2026-04-02,en-de,v1,support_ticket,23,425,0.3787,0.6281
42,2026-04-02,en-el,v1,legal,92,402,0.7716,0.1845
43,2026-04-02,en-zh,v1,marketing,27,380,0.9047,0.05
44,2026-04-02,en-pt,v1,documentation,24,367,0.3162,0.681
45,2026-04-02,en-it,v1,documentation,73,354,0.4246,0.6305
46,2026-04-02,en-pt,v1,marketing,11,440,0.3809,0.6709
47,2026-04-02,en-fr,v1,marketing,23,397,0.4771,0.5189
48,2026-04-02,en-fr,v1,marketing,16,433,0.428,0.5553
49,2026-04-02,en-de,v1,support_ticket,23,423,0.4433,0.5567
50,2026-04-02,en-ja,v1,legal,53,545,0.95,0.0972
51,2026-04-02,en-it,v1,marketing,12,435,0.4736,0.5408
52,2026-04-02,en-de,v1,marketing,24,353,0.5504,0.4354
53,2026-04-02,en-ja,v1,support_ticket,19,404,0.8628,0.1417
54,2026-04-02,en-pt,v1,support_ticket,8,430,0.2793,0.7295
55,2026-04-02,en-el,v1,documentation,39,327,0.6552,0.3707
56,2026-04-02,en-es,v1,documentation,34,399,0.3176,0.7214
57,2026-04-02,en-zh,v1,documentation,52,524,0.9298,0.0834
58,2026-04-02,en-it,v1,support_ticket,19,378,0.3405,0.6892
59,2026-04-02,en-el,v1,support_ticket,20,465,0.5727,0.4819
60,2026-04-02,en-es,v1,marketing,10,349,0.392,0.5925
61,2026-04-02,en-de,v1,support_ticket,17,421,0.3669,0.5966
62,2026-04-02,en-ja,v1,marketing,20,456,0.95,0.05
63,2026-04-02,en-zh,v1,support_ticket,25,296,0.9052,0.077
64,2026-04-02,en-ja,v1,marketing,10,442,0.95,0.0754
65,2026-04-02,en-it,v1,support_ticket,31,434,0.378,0.6301
66,2026-04-02,en-pt,v1,documentation,33,443,0.3556,0.6744
67,2026-04-02,en-ja,v1,documentation,58,370,0.9415,0.0645
68,2026-04-02,en-de,v1,documentation,35,471,0.5273,0.498
69,2026-04-02,en-de,v1,legal,44,516,0.5298,0.4564
70,2026-04-02,en-el,v1,marketing,28,344,0.5679,0.3841
71,2026-04-02,en-fr,v1,documentation,42,335,0.4274,0.5033
72,2026-04-02,en-de,v1,legal,40,462,0.6307,0.3735
73,2026-04-02,en-ja,v1,legal,57,409,0.95,0.0559
74,2026-04-02,en-el,v1,marketing,15,404,0.631,0.3655
75,2026-04-02,en-es,v1,support_ticket,13,279,0.2358,0.7439
76,2026-04-02,en-el,v1,support_ticket,19,485,0.5264,0.5134
77,2026-04-02,en-de,v1,marketing,28,369,0.5441,0.438
78,2026-04-02,en-el,v1,support_ticket,16,468,0.4939,0.5577
79,2026-04-02,en-zh,v1,marketing,12,412,0.9214,0.05
80,2026-04-02,en-ja,v1,marketing,14,355,0.931,0.05
81,2026-04-02,en-ja,v1,support_ticket,24,499,0.8963,0.0934
82,2026-04-02,en-pt,v1,documentation,50,486,0.3901,0.6214
83,2026-04-03,en-ja,v1,documentation,69,424,0.95,0.0548
84,2026-04-03,en-el,v1,documentation,39,438,0.5763,0.3987
85,2026-04-03,en-fr,v1,marketing,8,392,0.3697,0.6215
86,2026-04-03,en-de,v1,marketing,12,395,0.5156,0.4758
87,2026-04-03,en-de,v1,support_ticket,27,483,0.4222,0.5435
88,2026-04-03,en-ja,v1,documentation,37,425,0.95,0.0674
89,2026-04-03,en-zh,v1,documentation,32,445,0.8249,0.1495
90,2026-04-03,en-de,v1,marketing,22,441,0.5738,0.4176
91,2026-04-03,en-de,v1,documentation,31,310,0.4996,0.4903
92,2026-04-03,en-de,v1,legal,77,376,0.7428,0.2121
93,2026-04-03,en-pt,v1,documentation,28,446,0.4589,0.5243
94,2026-04-03,en-pt,v1,support_ticket,19,414,0.322,0.7017
95,2026-04-03,en-zh,v1,documentation,44,473,0.859,0.1898
96,2026-04-03,en-it,v1,support_ticket,35,504,0.3689,0.6178
97,2026-04-03,en-ja,v1,marketing,18,513,0.95,0.05
98,2026-04-03,en-fr,v1,legal,56,458,0.5095,0.4743
99,2026-04-03,en-es,v1,documentation,15,318,0.2821,0.6931
100,2026-04-03,en-pt,v1,support_ticket,20,432,0.3128,0.6569
101,2026-04-03,en-zh,v1,documentation,44,453,0.9073,0.1016
102,2026-04-03,en-zh,v1,documentation,31,358,0.8236,0.1391
103,2026-04-03,en-pt,v1,documentation,29,415,0.3125,0.6975
104,2026-04-03,en-zh,v1,marketing,24,410,0.95,0.05
105,2026-04-03,en-zh,v1,documentation,37,415,0.8073,0.2005
106,2026-04-03,en-es,v1,support_ticket,13,494,0.3626,0.6298
107,2026-04-03,en-zh,v1,legal,20,402,0.908,0.0599
108,2026-04-03,en-el,v1,support_ticket,14,434,0.4673,0.581
109,2026-04-03,en-el,v1,legal,52,320,0.822,0.1396
110,2026-04-03,en-ja,v1,documentation,46,313,0.95,0.0655
111,2026-04-03,en-pt,v1,support_ticket,34,381,0.3268,0.6895
112,2026-04-03,en-de,v1,marketing,9,357,0.5167,0.4903
113,2026-04-03,en-pt,v1,support_ticket,25,343,0.2962,0.7252
114,2026-04-03,en-de,v1,marketing,29,421,0.5227,0.4854
115,2026-04-03,en-el,v1,support_ticket,25,395,0.5085,0.5324
116,2026-04-03,en-fr,v1,support_ticket,38,395,0.5097,0.4322
117,2026-04-03,en-es,v1,documentation,31,353,0.349,0.6684
118,2026-04-03,en-zh,v1,support_ticket,28,430,0.9324,0.0575
119,2026-04-03,en-fr,v1,marketing,22,429,0.3771,0.6112
120,2026-04-03,en-es,v1,marketing,32,455,0.4003,0.6093
121,2026-04-03,en-de,v1,documentation,37,400,0.5271,0.4222
122,2026-04-03,en-it,v1,documentation,31,317,0.3738,0.5777
123,2026-04-03,en-pt,v1,legal,39,467,0.3921,0.6161
124,2026-04-03,en-el,v1,marketing,24,562,0.6457,0.3669
125,2026-04-03,en-fr,v1,support_ticket,20,457,0.3868,0.6508
126,2026-04-03,en-ja,v1,support_ticket,18,391,0.8454,0.1783
127,2026-04-04,en-fr,v1,support_ticket,18,405,0.3591,0.6694
128,2026-04-04,en-el,v1,legal,35,280,0.6623,0.3088
129,2026-04-04,en-it,v1,documentation,51,358,0.4165,0.5818
130,2026-04-04,en-de,v1,marketing,12,453,0.459,0.5343
131,2026-04-04,en-es,v1,marketing,23,419,0.3809,0.6128
132,2026-04-04,en-de,v1,documentation,20,398,0.4609,0.5085
133,2026-04-04,en-ja,v1,documentation,15,364,0.8002,0.2437
134,2026-04-04,en-fr,v1,documentation,45,352,0.3712,0.6422
135,2026-04-04,en-es,v1,marketing,16,429,0.4225,0.6008
136,2026-04-04,en-es,v1,marketing,10,480,0.2939,0.7418
137,2026-04-04,en-es,v1,support_ticket,22,527,0.3669,0.6486
138,2026-04-04,en-ja,v1,support_ticket,16,402,0.8605,0.109
139,2026-04-04,en-it,v1,legal,71,471,0.5661,0.4531
140,2026-04-04,en-ja,v1,support_ticket,34,464,0.9336,0.0855
141,2026-04-04,en-pt,v1,documentation,36,343,0.345,0.7055
142,2026-04-04,en-el,v1,support_ticket,35,501,0.569,0.4314
143,2026-04-04,en-pt,v1,support_ticket,25,341,0.3352,0.6632
144,2026-04-04,en-es,v1,marketing,33,420,0.4927,0.5147
145,2026-04-04,en-el,v1,documentation,23,375,0.5307,0.4318
146,2026-04-04,en-it,v1,marketing,20,412,0.3596,0.6703
147,2026-04-04,en-es,v1,support_ticket,22,354,0.287,0.7234
148,2026-04-04,en-es,v1,support_ticket,34,412,0.4045,0.5582
149,2026-04-04,en-es,v1,documentation,32,435,0.334,0.6509
150,2026-04-04,en-de,v1,marketing,20,434,0.5019,0.5063
151,2026-04-04,en-fr,v1,marketing,29,293,0.4202,0.5239
152,2026-04-04,en-it,v1,support_ticket,22,492,0.3397,0.5801
153,2026-04-04,en-ja,v1,support_ticket,14,374,0.8379,0.1353
154,2026-04-04,en-pt,v1,marketing,29,399,0.5252,0.532
155,2026-04-04,en-it,v1,support_ticket,21,441,0.3484,0.747
156,2026-04-04,en-de,v1,support_ticket,17,398,0.4561,0.5292
157,2026-04-04,en-el,v1,documentation,38,440,0.5756,0.4371
158,2026-04-04,en-es,v1,documentation,44,333,0.3458,0.6524
159,2026-04-04,en-ja,v1,documentation,46,395,0.8846,0.0979
160,2026-04-04,en-it,v1,marketing,19,463,0.3921,0.6097
161,2026-04-04,en-zh,v1,marketing,17,413,0.9026,0.0966
162,2026-04-04,en-de,v1,legal,66,349,0.625,0.3422
163,2026-04-04,en-de,v1,documentation,30,317,0.3424,0.6326
164,2026-04-04,en-es,v1,documentation,30,401,0.3567,0.6747
165,2026-04-04,en-fr,v1,support_ticket,26,443,0.2959,0.7072
166,2026-04-04,en-ja,v1,support_ticket,38,543,0.887,0.1062
167,2026-04-04,en-zh,v1,documentation,24,443,0.8062,0.2105
168,2026-04-04,en-el,v1,marketing,25,506,0.6846,0.3313
169,2026-04-04,en-zh,v1,documentation,31,427,0.8185,0.1644
170,2026-04-04,en-es,v1,documentation,67,444,0.4399,0.5532
171,2026-04-04,en-fr,v1,marketing,21,518,0.5049,0.5043
172,2026-04-04,en-es,v1,documentation,23,476,0.3335,0.6924
173,2026-04-04,en-es,v1,documentation,41,437,0.4365,0.5528
174,2026-04-04,en-it,v1,marketing,6,201,0.4222,0.5261
175,2026-04-05,en-es,v1,legal,31,502,0.4555,0.53
176,2026-04-05,en-zh,v1,support_ticket,25,427,0.9053,0.0647
177,2026-04-05,en-ja,v1,support_ticket,21,404,0.8111,0.1666
178,2026-04-05,en-de,v1,marketing,16,433,0.5052,0.5133
179,2026-04-05,en-de,v1,documentation,24,395,0.4897,0.4678
180,2026-04-05,en-el,v1,legal,28,464,0.6903,0.3209
181,2026-04-05,en-de,v1,marketing,11,401,0.5124,0.4731
182,2026-04-05,en-es,v1,legal,89,413,0.6692,0.3414
183,2026-04-05,en-fr,v1,support_ticket,22,469,0.3609,0.6373
184,2026-04-05,en-de,v1,documentation,43,440,0.4876,0.5325
185,2026-04-05,en-fr,v1,support_ticket,28,345,0.387,0.6562
186,2026-04-05,en-es,v1,support_ticket,15,423,0.2616,0.7302
187,2026-04-05,en-pt,v1,marketing,22,438,0.4403,0.572
188,2026-04-05,en-it,v1,support_ticket,19,422,0.2394,0.7605
189,2026-04-05,en-ja,v1,documentation,53,389,0.95,0.0646
190,2026-04-05,en-ja,v1,legal,67,468,0.95,0.0703
191,2026-04-05,en-de,v1,documentation,49,426,0.5339,0.4432
192,2026-04-05,en-pt,v1,legal,58,446,0.512,0.4508
193,2026-04-05,en-es,v1,support_ticket,22,337,0.435,0.6091
194,2026-04-05,en-ja,v1,documentation,36,410,0.94,0.1036
195,2026-04-05,en-zh,v1,support_ticket,32,416,0.821,0.1468
196,2026-04-05,en-de,v1,legal,46,353,0.6161,0.377
197,2026-04-05,en-pt,v1,legal,34,499,0.5052,0.5791
198,2026-04-05,en-it,v1,legal,52,445,0.5532,0.4487
199,2026-04-05,en-it,v1,support_ticket,19,327,0.2746,0.745
200,2026-04-05,en-es,v1,documentation,35,430,0.4033,0.577
201,2026-04-05,en-de,v1,legal,46,449,0.6961,0.3331
202,2026-04-05,en-fr,v1,documentation,43,451,0.4444,0.5227
203,2026-04-05,en-fr,v1,support_ticket,13,498,0.2967,0.7285
204,2026-04-05,en-es,v1,support_ticket,14,426,0.2942,0.7082
205,2026-04-05,en-zh,v1,marketing,15,360,0.9233,0.0902
206,2026-04-05,en-es,v1,documentation,32,403,0.3517,0.7014
207,2026-04-05,en-el,v1,marketing,16,366,0.5156,0.4765
208,2026-04-05,en-de,v1,marketing,16,423,0.568,0.4331
209,2026-04-05,en-pt,v1,documentation,35,280,0.4448,0.4951
210,2026-04-05,en-zh,v1,support_ticket,28,396,0.8613,0.1693
211,2026-04-05,en-es,v1,support_ticket,23,436,0.3708,0.6123
212,2026-04-05,en-es,v1,documentation,35,272,0.4338,0.5237
213,2026-04-05,en-de,v1,marketing,15,329,0.496,0.4744
214,2026-04-05,en-zh,v1,support_ticket,41,398,0.854,0.1116
215,2026-04-05,en-ja,v1,documentation,33,414,0.8676,0.0844
216,2026-04-05,en-fr,v1,documentation,39,340,0.4263,0.5994
217,2026-04-05,en-ja,v1,support_ticket,27,337,0.887,0.1035
218,2026-04-05,en-pt,v1,marketing,17,480,0.4814,0.5109
219,2026-04-05,en-zh,v1,marketing,35,346,0.95,0.05
220,2026-04-05,en-el,v1,marketing,11,445,0.5756,0.4213
221,2026-04-05,en-es,v1,support_ticket,17,367,0.2804,0.788
222,2026-04-05,en-fr,v1,support_ticket,18,377,0.3366,0.5838
223,2026-04-05,en-fr,v1,marketing,9,348,0.3213,0.7185
224,2026-04-05,en-it,v1,support_ticket,25,365,0.3877,0.628
225,2026-04-05,en-pt,v1,documentation,28,453,0.3752,0.6083
226,2026-04-06,en-it,v1,documentation,36,372,0.4047,0.5961
227,2026-04-06,en-zh,v1,marketing,30,359,0.95,0.1005
228,2026-04-06,en-fr,v1,documentation,50,395,0.4381,0.5077
229,2026-04-06,en-zh,v1,documentation,49,372,0.95,0.0591
230,2026-04-06,en-de,v1,support_ticket,17,417,0.4474,0.6048
231,2026-04-06,en-fr,v1,support_ticket,22,393,0.3908,0.6077
232,2026-04-06,en-es,v1,marketing,13,459,0.4323,0.5855
233,2026-04-06,en-it,v1,legal,42,382,0.5518,0.4489
234,2026-04-06,en-el,v1,marketing,31,406,0.6639,0.3719
235,2026-04-06,en-es,v1,documentation,46,435,0.3977,0.5625
236,2026-04-06,en-pt,v1,support_ticket,44,430,0.4171,0.5697
237,2026-04-06,en-de,v1,documentation,38,325,0.513,0.4671
238,2026-04-06,en-pt,v1,marketing,12,294,0.4024,0.616
239,2026-04-06,en-ja,v1,support_ticket,9,493,0.7977,0.119
240,2026-04-06,en-de,v1,documentation,23,379,0.4737,0.5384
241,2026-04-06,en-zh,v1,legal,44,330,0.95,0.0857
242,2026-04-06,en-fr,v1,marketing,14,326,0.434,0.5729
243,2026-04-06,en-ja,v1,documentation,20,464,0.8744,0.0692
244,2026-04-06,en-de,v1,marketing,24,444,0.5422,0.5136
245,2026-04-06,en-es,v1,support_ticket,56,372,0.4004,0.6125
246,2026-04-06,en-el,v1,marketing,14,558,0.5585,0.4513
247,2026-04-06,en-es,v1,documentation,33,453,0.3511,0.6101
248,2026-04-06,en-zh,v1,marketing,23,447,0.95,0.05
249,2026-04-06,en-el,v1,documentation,32,474,0.543,0.405
250,2026-04-06,en-it,v1,documentation,30,352,0.392,0.6479
251,2026-04-06,en-zh,v1,support_ticket,12,444,0.8373,0.1145
252,2026-04-06,en-pt,v1,marketing,20,430,0.445,0.5637
253,2026-04-06,en-es,v1,support_ticket,8,410,0.2757,0.6717
254,2026-04-06,en-it,v1,documentation,54,440,0.3861,0.5864
255,2026-04-06,en-es,v1,support_ticket,18,307,0.3358,0.7201
256,2026-04-06,en-it,v1,marketing,16,335,0.4559,0.5796
257,2026-04-06,en-ja,v1,marketing,15,461,0.9314,0.0763
258,2026-04-06,en-el,v1,documentation,34,394,0.5881,0.4788
259,2026-04-06,en-zh,v1,legal,77,553,0.95,0.0799
260,2026-04-06,en-pt,v1,legal,48,407,0.5202,0.4915
261,2026-04-06,en-ja,v1,support_ticket,15,475,0.8946,0.125
262,2026-04-06,en-fr,v1,marketing,16,367,0.3982,0.5527
263,2026-04-06,en-ja,v1,documentation,30,345,0.772,0.2616
264,2026-04-06,en-ja,v1,documentation,39,506,0.8649,0.1308
265,2026-04-06,en-ja,v1,legal,81,384,0.95,0.05
266,2026-04-06,en-el,v1,support_ticket,21,508,0.5047,0.4919
267,2026-04-06,en-es,v1,support_ticket,41,477,0.3886,0.5897
268,2026-04-06,en-pt,v1,documentation,41,422,0.427,0.5344
269,2026-04-06,en-de,v1,marketing,9,487,0.4974,0.5022
270,2026-04-06,en-de,v1,support_ticket,20,545,0.4127,0.5436
271,2026-04-06,en-pt,v1,marketing,21,426,0.4478,0.562
272,2026-04-06,en-es,v1,support_ticket,16,337,0.3495,0.6603
273,2026-04-06,en-de,v1,documentation,34,355,0.437,0.5524
274,2026-04-06,en-fr,v1,documentation,39,462,0.3557,0.6088
275,2026-04-06,en-de,v1,marketing,28,407,0.5549,0.4601
276,2026-04-06,en-pt,v1,marketing,17,427,0.5024,0.4996
277,2026-04-07,en-de,v1,documentation,17,432,0.3468,0.6318
278,2026-04-07,en-fr,v1,support_ticket,11,255,0.2704,0.7225
279,2026-04-07,en-de,v1,legal,41,491,0.661,0.3338
280,2026-04-07,en-ja,v1,documentation,42,478,0.9489,0.05
281,2026-04-07,en-de,v1,marketing,12,318,0.5337,0.4384
282,2026-04-07,en-zh,v1,legal,64,413,0.95,0.0909
283,2026-04-07,en-pt,v1,legal,25,453,0.4364,0.5755
284,2026-04-07,en-es,v1,marketing,14,337,0.3886,0.5926
285,2026-04-07,en-es,v1,marketing,23,411,0.4639,0.5243
286,2026-04-07,en-pt,v1,support_ticket,14,381,0.2627,0.7024
287,2026-04-07,en-es,v1,marketing,23,421,0.3561,0.6373
288,2026-04-07,en-ja,v1,documentation,21,421,0.8257,0.2052
289,2026-04-07,en-pt,v1,legal,54,410,0.5985,0.418
290,2026-04-07,en-pt,v1,documentation,19,476,0.222,0.7484
291,2026-04-07,en-el,v1,documentation,21,409,0.4691,0.5091
292,2026-04-07,en-es,v1,documentation,39,514,0.3882,0.5797
293,2026-04-07,en-it,v1,support_ticket,32,334,0.4269,0.5637
294,2026-04-07,en-de,v1,documentation,37,396,0.4627,0.5459
295,2026-04-07,en-de,v1,documentation,34,379,0.4685,0.5474
296,2026-04-07,en-it,v1,support_ticket,24,454,0.3158,0.6856
297,2026-04-07,en-es,v1,support_ticket,33,487,0.3612,0.5685
298,2026-04-07,en-el,v1,marketing,26,370,0.5801,0.4243
299,2026-04-07,en-es,v1,marketing,19,314,0.4663,0.5629
300,2026-04-07,en-el,v1,documentation,20,275,0.5526,0.4668
301,2026-04-07,en-it,v1,marketing,18,490,0.4296,0.565
302,2026-04-07,en-pt,v1,legal,74,396,0.6191,0.3738
303,2026-04-07,en-pt,v1,marketing,20,465,0.3408,0.6631
304,2026-04-07,en-es,v1,documentation,33,491,0.4434,0.5357
305,2026-04-07,en-it,v1,documentation,35,378,0.4002,0.5971
306,2026-04-07,en-ja,v1,legal,56,323,0.95,0.0797
307,2026-04-07,en-it,v1,support_ticket,17,329,0.3199,0.6494
308,2026-04-07,en-fr,v1,documentation,27,387,0.4063,0.6011
309,2026-04-07,en-ja,v1,documentation,47,325,0.9234,0.05
310,2026-04-07,en-es,v1,support_ticket,14,392,0.3235,0.7478
311,2026-04-07,en-zh,v1,documentation,37,390,0.8217,0.1825
312,2026-04-08,en-zh,v1,documentation,68,435,0.9296,0.1012
313,2026-04-08,en-el,v1,support_ticket,9,413,0.5213,0.4483
314,2026-04-08,en-it,v1,legal,39,456,0.5037,0.4561
315,2026-04-08,en-es,v1,marketing,14,487,0.4915,0.5114
316,2026-04-08,en-el,v1,support_ticket,18,422,0.5183,0.479
317,2026-04-08,en-fr,v1,documentation,21,474,0.3393,0.6197
318,2026-04-08,en-zh,v1,marketing,13,396,0.9075,0.1368
319,2026-04-08,en-pt,v1,documentation,44,385,0.3551,0.6543
320,2026-04-08,en-pt,v1,marketing,24,382,0.3951,0.5852
321,2026-04-08,en-it,v1,marketing,22,556,0.5219,0.4471
322,2026-04-08,en-ja,v1,marketing,11,382,0.9125,0.0558
323,2026-04-08,en-pt,v1,documentation,22,364,0.3729,0.7114
324,2026-04-08,en-de,v1,marketing,16,424,0.4897,0.4715
325,2026-04-08,en-ja,v1,support_ticket,24,432,0.8194,0.147
326,2026-04-08,en-de,v1,support_ticket,29,273,0.4468,0.5237
327,2026-04-08,en-fr,v1,documentation,51,438,0.3659,0.6646
328,2026-04-08,en-de,v1,marketing,17,401,0.5248,0.4196
329,2026-04-08,en-zh,v1,support_ticket,20,393,0.7946,0.2042
330,2026-04-08,en-el,v1,documentation,31,425,0.5391,0.4033
331,2026-04-08,en-es,v1,documentation,35,302,0.4107,0.5301
332,2026-04-08,en-it,v1,marketing,17,392,0.4402,0.5798
333,2026-04-08,en-el,v1,documentation,31,466,0.4627,0.574
334,2026-04-08,en-it,v1,documentation,25,471,0.3928,0.6539
335,2026-04-08,en-de,v1,legal,62,352,0.6676,0.3449
336,2026-04-08,en-it,v1,documentation,36,404,0.3999,0.6445
337,2026-04-08,en-pt,v1,documentation,35,330,0.4071,0.5536
338,2026-04-08,en-fr,v1,marketing,18,396,0.3947,0.6252
339,2026-04-08,en-el,v1,support_ticket,19,448,0.5477,0.4315
340,2026-04-08,en-es,v1,marketing,25,336,0.4502,0.5695
341,2026-04-08,en-zh,v1,marketing,25,429,0.9455,0.05
342,2026-04-08,en-de,v1,legal,42,472,0.6256,0.3575
343,2026-04-08,en-es,v1,documentation,24,463,0.2577,0.7965
344,2026-04-08,en-zh,v1,documentation,19,505,0.8601,0.1262
345,2026-04-08,en-fr,v1,documentation,38,431,0.3571,0.596
346,2026-04-08,en-el,v1,support_ticket,31,351,0.5123,0.4231
347,2026-04-08,en-es,v1,marketing,10,393,0.4154,0.5523
348,2026-04-08,en-el,v1,legal,69,412,0.8096,0.2089
349,2026-04-08,en-ja,v1,marketing,18,446,0.9439,0.05
350,2026-04-08,en-it,v1,documentation,42,491,0.2737,0.6348
351,2026-04-08,en-de,v1,support_ticket,19,354,0.3515,0.6793
352,2026-04-08,en-de,v1,legal,71,348,0.685,0.2975
353,2026-04-08,en-es,v1,documentation,45,395,0.3151,0.659
354,2026-04-09,en-ja,v1,documentation,61,350,0.95,0.05
355,2026-04-09,en-zh,v1,support_ticket,14,346,0.8093,0.1253
356,2026-04-09,en-ja,v1,marketing,13,367,0.9116,0.1484
357,2026-04-09,en-es,v1,support_ticket,23,380,0.2476,0.7589
358,2026-04-09,en-fr,v1,documentation,22,384,0.3521,0.6528
359,2026-04-09,en-pt,v1,documentation,31,375,0.3469,0.6677
360,2026-04-09,en-ja,v1,marketing,15,405,0.95,0.05
361,2026-04-09,en-fr,v1,marketing,32,466,0.4197,0.5235
362,2026-04-09,en-de,v1,marketing,21,386,0.5302,0.4708
363,2026-04-09,en-el,v1,documentation,26,431,0.532,0.445
364,2026-04-09,en-pt,v1,marketing,20,433,0.4445,0.5844
365,2026-04-09,en-de,v1,support_ticket,25,414,0.4462,0.5379
366,2026-04-09,en-it,v1,marketing,14,435,0.4445,0.5133
367,2026-04-09,en-it,v1,legal,46,491,0.495,0.5238
368,2026-04-09,en-el,v1,legal,60,515,0.7595,0.2452
369,2026-04-09,en-de,v1,documentation,27,448,0.4737,0.5268
370,2026-04-09,en-it,v1,marketing,17,331,0.3725,0.6445
371,2026-04-09,en-it,v1,support_ticket,23,498,0.326,0.6592
372,2026-04-09,en-zh,v1,marketing,18,392,0.9482,0.0817
373,2026-04-09,en-fr,v1,support_ticket,24,459,0.4015,0.656
374,2026-04-09,en-de,v1,documentation,24,449,0.4697,0.5333
375,2026-04-09,en-de,v1,documentation,45,489,0.4374,0.6483
376,2026-04-09,en-zh,v1,marketing,22,311,0.9028,0.0791
377,2026-04-09,en-zh,v1,support_ticket,13,436,0.88,0.1314
378,2026-04-09,en-pt,v1,marketing,25,451,0.431,0.5631
379,2026-04-09,en-ja,v1,marketing,11,404,0.8585,0.1432
380,2026-04-09,en-fr,v1,documentation,35,365,0.3005,0.7117
381,2026-04-09,en-es,v1,marketing,12,481,0.4071,0.6162
382,2026-04-09,en-el,v1,documentation,28,431,0.5711,0.4478
383,2026-04-09,en-ja,v1,legal,63,467,0.95,0.0761
384,2026-04-09,en-el,v1,marketing,30,317,0.6565,0.322
385,2026-04-09,en-it,v1,marketing,16,504,0.407,0.5616
386,2026-04-09,en-fr,v1,marketing,20,474,0.4723,0.5336
387,2026-04-09,en-el,v1,documentation,31,426,0.5603,0.4461
388,2026-04-09,en-it,v1,documentation,35,424,0.3511,0.6481
389,2026-04-09,en-de,v1,marketing,38,445,0.5414,0.4906
390,2026-04-09,en-it,v1,legal,42,372,0.5496,0.4399
391,2026-04-09,en-fr,v1,documentation,47,495,0.4419,0.5553
392,2026-04-09,en-es,v1,marketing,20,378,0.3876,0.5841
393,2026-04-09,en-it,v1,support_ticket,19,416,0.3432,0.6787
394,2026-04-09,en-de,v1,legal,51,439,0.6645,0.3112
395,2026-04-09,en-el,v1,support_ticket,16,363,0.4865,0.5525
396,2026-04-09,en-fr,v1,legal,74,317,0.7516,0.2263
397,2026-04-09,en-de,v1,documentation,25,402,0.394,0.5695
398,2026-04-09,en-ja,v1,documentation,41,456,0.95,0.05
399,2026-04-09,en-it,v1,documentation,37,359,0.3087,0.6391
400,2026-04-09,en-de,v1,marketing,15,452,0.598,0.4238
401,2026-04-09,en-it,v1,marketing,12,430,0.4217,0.5227
402,2026-04-09,en-zh,v1,support_ticket,20,387,0.7834,0.2113
403,2026-04-10,en-el,v1,documentation,51,392,0.5943,0.4189
404,2026-04-10,en-de,v1,marketing,15,478,0.5431,0.4957
405,2026-04-10,en-el,v1,documentation,35,414,0.568,0.4125
406,2026-04-10,en-el,v1,support_ticket,22,425,0.4904,0.4858
407,2026-04-10,en-ja,v1,marketing,18,551,0.95,0.0583
408,2026-04-10,en-pt,v1,documentation,24,514,0.2821,0.6902
409,2026-04-10,en-zh,v1,legal,46,401,0.95,0.0869
410,2026-04-10,en-el,v1,support_ticket,13,449,0.5449,0.4365
411,2026-04-10,en-el,v1,marketing,17,357,0.665,0.3325
412,2026-04-10,en-zh,v1,documentation,15,349,0.864,0.1459
413,2026-04-10,en-ja,v1,support_ticket,26,372,0.778,0.2261
414,2026-04-10,en-de,v1,marketing,21,456,0.558,0.4356
415,2026-04-10,en-pt,v1,legal,55,457,0.4984,0.5288
416,2026-04-10,en-de,v1,documentation,11,533,0.35,0.6336
417,2026-04-10,en-de,v1,support_ticket,22,436,0.4747,0.539
418,2026-04-10,en-de,v1,support_ticket,28,478,0.5425,0.4101
419,2026-04-10,en-fr,v1,marketing,27,489,0.4483,0.5795
420,2026-04-10,en-es,v1,support_ticket,16,401,0.2872,0.6981
421,2026-04-10,en-ja,v1,documentation,30,390,0.9216,0.1364
422,2026-04-10,en-pt,v1,documentation,54,469,0.4268,0.5816
423,2026-04-10,en-fr,v1,legal,57,402,0.599,0.4132
424,2026-04-10,en-de,v1,documentation,31,495,0.4764,0.5578
425,2026-04-10,en-pt,v1,documentation,41,508,0.2826,0.7225
426,2026-04-10,en-fr,v1,support_ticket,16,435,0.2701,0.7289
427,2026-04-10,en-el,v1,support_ticket,57,482,0.6501,0.3753
428,2026-04-10,en-el,v1,documentation,32,408,0.4675,0.5568
429,2026-04-10,en-es,v1,marketing,14,464,0.4726,0.547
430,2026-04-10,en-it,v1,support_ticket,21,348,0.3514,0.583
431,2026-04-10,en-ja,v1,documentation,53,514,0.95,0.05
432,2026-04-10,en-ja,v1,documentation,41,508,0.95,0.0836
433,2026-04-10,en-it,v1,marketing,23,405,0.398,0.5986
434,2026-04-10,en-ja,v1,marketing,15,450,0.8477,0.1313
435,2026-04-10,en-pt,v1,support_ticket,19,328,0.3531,0.6314
436,2026-04-10,en-zh,v1,support_ticket,17,460,0.7401,0.2936
437,2026-04-10,en-zh,v1,legal,61,438,0.95,0.05
438,2026-04-10,en-pt,v1,documentation,29,381,0.3443,0.6734
439,2026-04-10,en-fr,v1,support_ticket,24,368,0.3286,0.622
440,2026-04-10,en-zh,v1,documentation,30,387,0.7483,0.2247
441,2026-04-10,en-de,v1,marketing,10,501,0.5449,0.4327
442,2026-04-10,en-ja,v1,documentation,43,308,0.8328,0.1588
443,2026-04-11,en-fr,v1,marketing,18,546,0.496,0.4867
444,2026-04-11,en-de,v1,marketing,10,358,0.5412,0.4618
445,2026-04-11,en-ja,v1,support_ticket,15,436,0.8133,0.2166
446,2026-04-11,en-it,v1,support_ticket,26,464,0.3113,0.7133
447,2026-04-11,en-it,v1,documentation,30,466,0.3544,0.6702
448,2026-04-11,en-zh,v1,marketing,21,395,0.8853,0.1174
449,2026-04-11,en-fr,v1,documentation,28,305,0.2971,0.6651
450,2026-04-11,en-fr,v1,marketing,11,373,0.3959,0.5909
451,2026-04-11,en-pt,v1,documentation,44,392,0.3907,0.5963
452,2026-04-11,en-it,v1,legal,34,298,0.5166,0.4897
453,2026-04-11,en-it,v1,support_ticket,19,367,0.4192,0.5873
454,2026-04-11,en-es,v1,marketing,17,470,0.4173,0.624
455,2026-04-11,en-de,v1,marketing,19,468,0.5174,0.4615
456,2026-04-11,en-ja,v1,documentation,51,412,0.95,0.05
457,2026-04-11,en-fr,v1,documentation,53,434,0.4674,0.5629
458,2026-04-11,en-pt,v1,documentation,48,441,0.4685,0.5587
459,2026-04-11,en-el,v1,documentation,28,432,0.6268,0.3973
460,2026-04-11,en-de,v1,support_ticket,22,453,0.4896,0.459
461,2026-04-11,en-el,v1,support_ticket,41,311,0.5629,0.4939
462,2026-04-11,en-zh,v1,marketing,15,387,0.95,0.0844
463,2026-04-11,en-es,v1,documentation,38,409,0.3815,0.6498
464,2026-04-11,en-zh,v1,marketing,22,448,0.95,0.0622
465,2026-04-11,en-it,v1,support_ticket,28,390,0.3579,0.6327
466,2026-04-11,en-de,v1,marketing,21,413,0.4469,0.5401
467,2026-04-11,en-ja,v1,documentation,40,294,0.9129,0.1123
468,2026-04-11,en-de,v1,legal,54,499,0.6471,0.4034
469,2026-04-11,en-pt,v1,legal,34,446,0.5041,0.4417
470,2026-04-11,en-el,v1,marketing,22,430,0.6913,0.3065
471,2026-04-11,en-fr,v1,documentation,26,495,0.3316,0.7095
472,2026-04-11,en-de,v1,support_ticket,21,447,0.4378,0.592
473,2026-04-11,en-es,v1,support_ticket,36,457,0.3739,0.6011
474,2026-04-11,en-el,v1,documentation,44,370,0.5176,0.5195
475,2026-04-11,en-it,v1,documentation,17,387,0.3892,0.6531
476,2026-04-11,en-zh,v1,documentation,52,360,0.8696,0.1245
477,2026-04-11,en-de,v1,marketing,11,469,0.4224,0.5595
478,2026-04-11,en-fr,v1,documentation,27,475,0.3772,0.5997
479,2026-04-11,en-de,v1,support_ticket,17,512,0.3818,0.6246
480,2026-04-11,en-el,v1,marketing,28,370,0.706,0.2927
481,2026-04-11,en-ja,v1,documentation,24,420,0.8875,0.1467
482,2026-04-11,en-de,v1,marketing,27,407,0.5227,0.4972
483,2026-04-12,en-pt,v1,documentation,33,362,0.3189,0.7245
484,2026-04-12,en-zh,v1,legal,85,437,0.95,0.1218
485,2026-04-12,en-el,v1,marketing,19,370,0.6754,0.324
486,2026-04-12,en-es,v1,legal,52,409,0.4972,0.5163
487,2026-04-12,en-fr,v1,documentation,30,394,0.3207,0.6829
488,2026-04-12,en-fr,v1,documentation,31,380,0.3866,0.6341
489,2026-04-12,en-el,v1,marketing,21,441,0.6117,0.4353
490,2026-04-12,en-fr,v1,documentation,18,493,0.3754,0.6179
491,2026-04-12,en-pt,v1,support_ticket,13,314,0.3089,0.684
492,2026-04-12,en-fr,v1,marketing,9,358,0.3649,0.6332
493,2026-04-12,en-de,v1,legal,67,428,0.6998,0.312
494,2026-04-12,en-pt,v1,legal,64,470,0.52,0.5156
495,2026-04-12,en-ja,v1,support_ticket,25,438,0.7537,0.2429
496,2026-04-12,en-de,v1,legal,61,351,0.6591,0.3366
497,2026-04-12,en-ja,v1,documentation,37,354,0.95,0.0553
498,2026-04-12,en-ja,v1,documentation,19,384,0.8856,0.1033
499,2026-04-12,en-ja,v1,documentation,66,349,0.9381,0.05
500,2026-04-12,en-it,v1,support_ticket,18,395,0.3338,0.6378
501,2026-04-12,en-pt,v1,legal,78,458,0.5666,0.4084
502,2026-04-12,en-pt,v1,marketing,25,482,0.4847,0.5012
503,2026-04-12,en-el,v1,support_ticket,15,396,0.5251,0.4263
504,2026-04-12,en-el,v1,marketing,26,458,0.5811,0.4288
505,2026-04-12,en-zh,v1,marketing,14,387,0.8322,0.1944
506,2026-04-12,en-zh,v1,marketing,14,525,0.823,0.2017
507,2026-04-12,en-ja,v1,support_ticket,26,410,0.874,0.1132
508,2026-04-12,en-de,v1,documentation,42,447,0.4641,0.5055
509,2026-04-12,en-pt,v1,marketing,21,443,0.4705,0.5324
510,2026-04-12,en-es,v1,documentation,34,393,0.339,0.7053
511,2026-04-12,en-ja,v1,legal,40,460,0.95,0.0668
512,2026-04-12,en-pt,v1,documentation,42,404,0.356,0.6731
513,2026-04-12,en-pt,v1,documentation,25,523,0.3474,0.5951
514,2026-04-12,en-de,v1,marketing,11,398,0.469,0.5184
515,2026-04-12,en-fr,v1,marketing,14,466,0.3692,0.6534
516,2026-04-12,en-ja,v1,documentation,20,460,0.8935,0.0756
517,2026-04-12,en-zh,v1,marketing,34,320,0.95,0.1248
518,2026-04-12,en-es,v1,marketing,25,360,0.4762,0.5386
519,2026-04-12,en-el,v1,legal,52,424,0.7938,0.2011
520,2026-04-12,en-de,v1,legal,58,380,0.6879,0.2807
521,2026-04-12,en-pt,v1,documentation,46,410,0.4389,0.604
522,2026-04-12,en-es,v1,support_ticket,23,514,0.2905,0.7077
523,2026-04-12,en-pt,v1,support_ticket,16,457,0.2439,0.7326
524,2026-04-12,en-es,v1,documentation,23,450,0.2809,0.765
525,2026-04-12,en-zh,v1,support_ticket,11,355,0.767,0.1761
526,2026-04-12,en-it,v1,marketing,8,387,0.3505,0.6246
527,2026-04-12,en-zh,v1,documentation,47,488,0.9314,0.0686
528,2026-04-12,en-fr,v1,marketing,21,396,0.4589,0.5312
529,2026-04-12,en-es,v1,marketing,17,380,0.3827,0.581
530,2026-04-12,en-fr,v1,documentation,35,468,0.3587,0.6245
531,2026-04-12,en-es,v1,marketing,14,422,0.3866,0.6477
532,2026-04-12,en-ja,v1,documentation,23,390,0.912,0.1447
533,2026-04-12,en-ja,v1,support_ticket,24,514,0.95,0.1049
534,2026-04-12,en-it,v1,marketing,24,433,0.4175,0.5443
535,2026-04-13,en-pt,v1,support_ticket,30,436,0.381,0.5785
536,2026-04-13,en-pt,v1,marketing,24,483,0.483,0.4943
537,2026-04-13,en-zh,v1,documentation,18,395,0.889,0.0885
538,2026-04-13,en-ja,v1,marketing,18,412,0.95,0.0568
539,2026-04-13,en-el,v1,support_ticket,25,490,0.5652,0.3997
540,2026-04-13,en-ja,v1,documentation,31,292,0.7943,0.1752
541,2026-04-13,en-fr,v1,documentation,36,537,0.4083,0.5536
542,2026-04-13,en-zh,v1,support_ticket,17,324,0.8138,0.2285
543,2026-04-13,en-de,v1,support_ticket,44,481,0.4785,0.5199
544,2026-04-13,en-it,v1,legal,50,372,0.5693,0.4269
545,2026-04-13,en-de,v1,legal,107,512,0.706,0.2882
546,2026-04-13,en-el,v1,documentation,29,515,0.562,0.4447
547,2026-04-13,en-pt,v1,documentation,43,416,0.4607,0.611
548,2026-04-13,en-el,v1,documentation,22,469,0.6399,0.3501
549,2026-04-13,en-de,v1,legal,61,327,0.751,0.2411
550,2026-04-13,en-zh,v1,support_ticket,31,464,0.8353,0.2355
551,2026-04-13,en-fr,v1,support_ticket,18,479,0.3503,0.6327
552,2026-04-13,en-de,v1,documentation,39,346,0.3855,0.6595
553,2026-04-13,en-de,v1,marketing,13,420,0.4948,0.5272
554,2026-04-13,en-es,v1,legal,52,454,0.5355,0.4276
555,2026-04-13,en-es,v1,support_ticket,32,428,0.3719,0.6252
556,2026-04-13,en-de,v1,support_ticket,34,366,0.4496,0.5356
557,2026-04-13,en-zh,v1,documentation,30,451,0.8768,0.1498
558,2026-04-13,en-pt,v1,marketing,12,415,0.3593,0.6271
559,2026-04-13,en-de,v1,legal,41,379,0.5911,0.3994
560,2026-04-13,en-fr,v1,support_ticket,52,402,0.4377,0.5625
561,2026-04-13,en-zh,v1,documentation,40,369,0.95,0.0758
562,2026-04-13,en-de,v1,support_ticket,28,368,0.497,0.5027
563,2026-04-13,en-zh,v1,support_ticket,14,392,0.8522,0.1146
564,2026-04-13,en-el,v1,marketing,15,350,0.6408,0.3321
565,2026-04-13,en-el,v1,marketing,25,380,0.6882,0.3399
566,2026-04-13,en-el,v1,marketing,12,380,0.6598,0.4006
567,2026-04-13,en-es,v1,legal,33,466,0.469,0.5626
568,2026-04-13,en-zh,v1,documentation,45,342,0.8984,0.0772
569,2026-04-13,en-el,v1,marketing,27,466,0.7102,0.2984
570,2026-04-13,en-ja,v1,marketing,17,345,0.9254,0.0846
571,2026-04-13,en-fr,v1,documentation,44,434,0.4446,0.5721
572,2026-04-13,en-ja,v1,legal,37,460,0.95,0.05
573,2026-04-13,en-pt,v1,marketing,14,352,0.3813,0.6567
574,2026-04-13,en-es,v1,support_ticket,43,601,0.369,0.6242
575,2026-04-13,en-zh,v1,documentation,30,470,0.8718,0.1248
576,2026-04-13,en-fr,v1,marketing,19,445,0.4066,0.5894
577,2026-04-13,en-zh,v1,documentation,26,404,0.95,0.05
578,2026-04-13,en-ja,v1,marketing,21,460,0.95,0.05
579,2026-04-13,en-es,v1,support_ticket,16,364,0.2821,0.6822
580,2026-04-13,en-it,v1,documentation,49,466,0.4243,0.5229
581,2026-04-13,en-ja,v1,support_ticket,23,442,0.9057,0.0647
582,2026-04-14,en-el,v1,documentation,42,337,0.6161,0.3545
583,2026-04-14,en-fr,v1,documentation,21,370,0.2985,0.7041
584,2026-04-14,en-el,v1,legal,46,341,0.7726,0.2212
585,2026-04-14,en-zh,v1,support_ticket,17,401,0.8649,0.1683
586,2026-04-14,en-zh,v1,marketing,15,439,0.9291,0.1015
587,2026-04-14,en-es,v1,support_ticket,21,358,0.3542,0.6763
588,2026-04-14,en-es,v1,documentation,22,554,0.3894,0.6407
589,2026-04-14,en-el,v1,support_ticket,12,435,0.417,0.5652
590,2026-04-14,en-it,v1,documentation,34,332,0.4127,0.5738
591,2026-04-14,en-de,v1,marketing,24,452,0.5082,0.5247
592,2026-04-14,en-ja,v1,documentation,48,486,0.8982,0.0762
593,2026-04-14,en-pt,v1,marketing,21,369,0.4377,0.5218
594,2026-04-14,en-fr,v1,support_ticket,23,417,0.4092,0.5486
595,2026-04-14,en-el,v1,marketing,20,518,0.5909,0.3828
596,2026-04-14,en-it,v1,documentation,36,439,0.3409,0.7075
597,2026-04-14,en-zh,v1,marketing,6,401,0.8832,0.0922
598,2026-04-14,en-pt,v1,documentation,31,397,0.3495,0.593
599,2026-04-14,en-it,v1,documentation,16,396,0.3055,0.7468
600,2026-04-14,en-el,v1,support_ticket,18,375,0.5737,0.4566
601,2026-04-14,en-pt,v1,marketing,15,406,0.3612,0.6471
602,2026-04-14,en-ja,v1,documentation,42,457,0.9088,0.1045
603,2026-04-14,en-fr,v1,documentation,36,543,0.4248,0.6034
604,2026-04-14,en-ja,v1,documentation,103,449,0.95,0.0711
605,2026-04-14,en-ja,v1,documentation,29,409,0.9316,0.0725
606,2026-04-14,en-zh,v1,support_ticket,29,379,0.8352,0.1988
607,2026-04-14,en-pt,v1,marketing,16,466,0.4174,0.6099
608,2026-04-14,en-el,v1,documentation,42,379,0.5879,0.4043
609,2026-04-14,en-fr,v1,documentation,18,423,0.3371,0.6544
610,2026-04-14,en-fr,v1,marketing,21,322,0.4039,0.5856
611,2026-04-14,en-zh,v1,legal,63,406,0.95,0.0577
612,2026-04-14,en-el,v1,marketing,21,423,0.5812,0.4314
613,2026-04-14,en-de,v1,support_ticket,19,382,0.2958,0.6884
614,2026-04-14,en-pt,v1,documentation,37,284,0.37,0.6365
615,2026-04-14,en-pt,v1,marketing,11,403,0.3989,0.6102
616,2026-04-14,en-es,v1,support_ticket,20,331,0.2509,0.7316
617,2026-04-14,en-zh,v1,marketing,22,362,0.9124,0.0792
618,2026-04-15,en-el,v1,support_ticket,42,415,0.5449,0.4679
619,2026-04-15,en-el,v1,support_ticket,18,389,0.4453,0.5225
620,2026-04-15,en-pt,v1,documentation,24,456,0.3663,0.6066
621,2026-04-15,en-it,v1,documentation,18,443,0.3228,0.702
622,2026-04-15,en-fr,v1,support_ticket,12,462,0.2739,0.7763
623,2026-04-15,en-de,v1,marketing,17,298,0.4137,0.5902
624,2026-04-15,en-ja,v1,support_ticket,22,476,0.8802,0.1239
625,2026-04-15,en-pt,v1,documentation,35,483,0.3623,0.6083
626,2026-04-15,en-zh,v1,support_ticket,25,532,0.8561,0.1676
627,2026-04-15,en-de,v1,legal,78,426,0.6897,0.272
628,2026-04-15,en-pt,v1,documentation,36,535,0.3572,0.7023
629,2026-04-15,en-es,v1,documentation,35,486,0.3507,0.6394
630,2026-04-15,en-de,v1,documentation,28,325,0.4483,0.5728
631,2026-04-15,en-pt,v1,support_ticket,28,369,0.4058,0.6013
632,2026-04-15,en-es,v1,support_ticket,28,335,0.3446,0.616
633,2026-04-15,en-fr,v1,documentation,41,501,0.5054,0.4377
634,2026-04-15,en-de,v1,support_ticket,12,485,0.3864,0.6302
635,2026-04-15,en-pt,v1,documentation,43,406,0.2913,0.7428
636,2026-04-15,en-ja,v1,legal,65,498,0.95,0.0762
637,2026-04-15,en-ja,v1,documentation,45,425,0.95,0.05
638,2026-04-15,en-es,v1,documentation,31,506,0.3684,0.6304
639,2026-04-15,en-fr,v1,support_ticket,32,455,0.3696,0.6231
640,2026-04-15,en-ja,v1,legal,31,518,0.95,0.05
641,2026-04-15,en-zh,v1,documentation,42,450,0.8384,0.1198
642,2026-04-15,en-fr,v1,legal,54,446,0.5613,0.4369
643,2026-04-15,en-el,v1,documentation,44,422,0.5573,0.4334
644,2026-04-15,en-es,v1,marketing,31,340,0.4648,0.489
645,2026-04-15,en-es,v1,support_ticket,37,498,0.3541,0.6565
646,2026-04-15,en-pt,v1,legal,66,471,0.5599,0.4156
647,2026-04-15,en-fr,v1,support_ticket,24,444,0.3531,0.6389
648,2026-04-15,en-es,v1,marketing,25,454,0.3983,0.5795
649,2026-04-15,en-es,v1,marketing,25,475,0.3558,0.6366
650,2026-04-15,en-zh,v1,marketing,22,463,0.8878,0.1156
651,2026-04-15,en-fr,v1,documentation,32,520,0.4522,0.5694
652,2026-04-15,en-it,v1,documentation,47,467,0.4502,0.5607
653,2026-04-16,en-it,v1,support_ticket,17,440,0.2471,0.7585
654,2026-04-16,en-de,v1,support_ticket,13,543,0.4315,0.5708
655,2026-04-16,en-it,v1,documentation,71,432,0.4314,0.5446
656,2026-04-16,en-de,v1,support_ticket,21,528,0.4831,0.5303
657,2026-04-16,en-it,v1,support_ticket,18,313,0.3093,0.7326
658,2026-04-16,en-el,v1,marketing,41,507,0.61,0.3921
659,2026-04-16,en-zh,v1,support_ticket,36,417,0.8954,0.124
660,2026-04-16,en-el,v1,marketing,14,308,0.5841,0.4417
661,2026-04-16,en-it,v1,marketing,20,439,0.4281,0.5531
662,2026-04-16,en-zh,v1,support_ticket,31,541,0.8446,0.1568
663,2026-04-16,en-it,v1,support_ticket,27,491,0.3902,0.5902
664,2026-04-16,en-pt,v1,support_ticket,20,404,0.2619,0.7782
665,2026-04-16,en-pt,v1,legal,27,414,0.5524,0.4282
666,2026-04-16,en-pt,v1,legal,28,396,0.544,0.497
667,2026-04-16,en-es,v1,support_ticket,24,463,0.3684,0.6503
668,2026-04-16,en-fr,v1,support_ticket,20,365,0.4362,0.5639
669,2026-04-16,en-pt,v1,marketing,15,409,0.4217,0.5309
670,2026-04-16,en-it,v1,support_ticket,14,428,0.247,0.7677
671,2026-04-16,en-el,v1,marketing,9,538,0.5313,0.4373
672,2026-04-16,en-it,v1,marketing,14,382,0.4286,0.5883
673,2026-04-16,en-fr,v1,legal,33,347,0.5345,0.4783
674,2026-04-16,en-zh,v1,documentation,56,414,0.95,0.05
675,2026-04-16,en-zh,v1,support_ticket,16,410,0.7785,0.1896
676,2026-04-16,en-el,v1,legal,47,375,0.6874,0.2892
677,2026-04-16,en-zh,v1,marketing,16,411,0.9369,0.0548
678,2026-04-16,en-fr,v1,support_ticket,27,424,0.3609,0.6157
679,2026-04-16,en-el,v1,marketing,21,436,0.643,0.3584
680,2026-04-16,en-fr,v1,legal,66,413,0.646,0.3956
681,2026-04-16,en-es,v1,documentation,38,375,0.3861,0.6349
682,2026-04-16,en-el,v1,support_ticket,19,393,0.5207,0.4647
683,2026-04-16,en-ja,v1,documentation,29,374,0.8311,0.1177
684,2026-04-16,en-zh,v1,documentation,93,319,0.95,0.077
685,2026-04-16,en-el,v1,support_ticket,19,409,0.4891,0.5337
686,2026-04-16,en-de,v1,support_ticket,18,343,0.4061,0.6059
687,2026-04-16,en-ja,v1,documentation,45,455,0.95,0.05
688,2026-04-16,en-es,v1,support_ticket,30,475,0.3651,0.6574
689,2026-04-16,en-de,v1,documentation,40,485,0.5046,0.4673
690,2026-04-16,en-el,v1,documentation,41,306,0.5793,0.432
691,2026-04-16,en-es,v1,marketing,28,347,0.5221,0.468
692,2026-04-17,en-es,v1,legal,40,512,0.4885,0.5002
693,2026-04-17,en-el,v1,support_ticket,13,320,0.4948,0.4735
694,2026-04-17,en-pt,v1,marketing,16,406,0.3763,0.6327
695,2026-04-17,en-it,v1,legal,19,429,0.4401,0.557
696,2026-04-17,en-ja,v1,marketing,16,405,0.9363,0.0982
697,2026-04-17,en-es,v1,support_ticket,21,513,0.3308,0.6602
698,2026-04-17,en-el,v1,support_ticket,21,400,0.513,0.4793
699,2026-04-17,en-de,v1,documentation,37,352,0.4831,0.4879
700,2026-04-17,en-es,v1,legal,36,436,0.5644,0.4529
701,2026-04-17,en-fr,v1,marketing,16,337,0.4324,0.565
702,2026-04-17,en-zh,v1,documentation,36,414,0.765,0.3172
703,2026-04-17,en-el,v1,marketing,13,375,0.6291,0.3303
704,2026-04-17,en-pt,v1,support_ticket,11,420,0.2458,0.742
705,2026-04-17,en-es,v1,documentation,22,348,0.3671,0.6821
706,2026-04-17,en-el,v1,legal,55,438,0.8224,0.1945
707,2026-04-17,en-ja,v1,marketing,12,347,0.9279,0.05
708,2026-04-17,en-de,v1,marketing,12,341,0.5144,0.4945
709,2026-04-17,en-de,v1,documentation,57,494,0.5371,0.4403
710,2026-04-17,en-zh,v1,documentation,30,376,0.8432,0.1203
711,2026-04-17,en-es,v1,marketing,7,457,0.34,0.6121
712,2026-04-17,en-el,v1,legal,38,458,0.7194,0.3004
713,2026-04-17,en-it,v1,marketing,16,566,0.3572,0.595
714,2026-04-17,en-es,v1,support_ticket,13,565,0.3634,0.6224
715,2026-04-17,en-es,v1,marketing,8,401,0.379,0.6014
716,2026-04-17,en-fr,v1,marketing,20,353,0.4358,0.5842
717,2026-04-17,en-fr,v1,marketing,24,334,0.4956,0.4614
718,2026-04-17,en-it,v1,documentation,45,485,0.4283,0.5836
719,2026-04-17,en-es,v1,support_ticket,33,424,0.3736,0.6708
720,2026-04-17,en-pt,v1,documentation,26,494,0.3766,0.6218
721,2026-04-17,en-zh,v1,support_ticket,11,417,0.795,0.1832
722,2026-04-17,en-pt,v1,marketing,15,299,0.4087,0.5685
723,2026-04-17,en-de,v1,support_ticket,17,498,0.3752,0.665
724,2026-04-17,en-es,v1,legal,44,360,0.4838,0.4849
725,2026-04-17,en-fr,v1,marketing,12,433,0.3596,0.6474
726,2026-04-17,en-zh,v1,legal,53,404,0.95,0.0723
727,2026-04-17,en-zh,v1,marketing,20,398,0.9085,0.0505
728,2026-04-17,en-el,v1,documentation,23,491,0.5573,0.4155
729,2026-04-17,en-es,v1,documentation,24,378,0.3263,0.6918
730,2026-04-17,en-zh,v1,marketing,16,344,0.8808,0.1268
731,2026-04-17,en-es,v1,documentation,38,505,0.4757,0.515
732,2026-04-17,en-de,v1,support_ticket,16,441,0.4625,0.5452
733,2026-04-17,en-fr,v1,support_ticket,40,413,0.4077,0.6376
734,2026-04-18,en-pt,v1,support_ticket,22,441,0.3338,0.6255
735,2026-04-18,en-fr,v1,documentation,24,458,0.341,0.6539
736,2026-04-18,en-pt,v1,documentation,22,455,0.3142,0.7036
737,2026-04-18,en-ja,v1,legal,103,378,0.95,0.05
738,2026-04-18,en-pt,v1,documentation,33,333,0.3611,0.61
739,2026-04-18,en-es,v1,documentation,28,423,0.342,0.6846
740,2026-04-18,en-pt,v1,marketing,20,454,0.3956,0.6156
741,2026-04-18,en-it,v1,documentation,47,455,0.4496,0.5474
742,2026-04-18,en-es,v1,legal,69,382,0.5532,0.4523
743,2026-04-18,en-zh,v1,legal,46,287,0.95,0.05
744,2026-04-18,en-fr,v1,documentation,33,347,0.4562,0.519
745,2026-04-18,en-fr,v1,documentation,30,486,0.3621,0.6638
746,2026-04-18,en-it,v1,support_ticket,19,418,0.3837,0.5918
747,2026-04-18,en-fr,v1,legal,62,423,0.6974,0.2796
748,2026-04-18,en-de,v1,documentation,42,453,0.4056,0.6189
749,2026-04-18,en-it,v1,documentation,42,373,0.4127,0.6428
750,2026-04-18,en-fr,v1,marketing,23,496,0.3487,0.6954
751,2026-04-18,en-it,v1,marketing,21,452,0.4136,0.5622
752,2026-04-18,en-pt,v1,documentation,51,377,0.4514,0.5266
753,2026-04-18,en-el,v1,marketing,12,464,0.6161,0.3813
754,2026-04-18,en-zh,v1,documentation,31,361,0.8479,0.1826
755,2026-04-18,en-it,v1,documentation,34,383,0.3376,0.7039
756,2026-04-18,en-es,v1,support_ticket,15,411,0.3212,0.7824
757,2026-04-18,en-zh,v1,support_ticket,36,425,0.7772,0.2827
758,2026-04-18,en-zh,v1,documentation,19,507,0.8097,0.2016
759,2026-04-18,en-fr,v1,marketing,14,500,0.4513,0.5803
760,2026-04-18,en-fr,v1,marketing,11,451,0.3677,0.5919
761,2026-04-18,en-zh,v1,documentation,23,414,0.7914,0.2237
762,2026-04-18,en-it,v1,support_ticket,27,375,0.3608,0.6071
763,2026-04-18,en-el,v1,marketing,20,372,0.5255,0.5106
764,2026-04-18,en-es,v1,marketing,10,418,0.501,0.5105
765,2026-04-18,en-it,v1,legal,37,480,0.618,0.4067
766,2026-04-18,en-es,v1,marketing,12,369,0.4575,0.551
767,2026-04-18,en-es,v1,documentation,39,300,0.3411,0.6751
768,2026-04-18,en-de,v1,legal,78,420,0.6934,0.3332
769,2026-04-18,en-es,v1,legal,48,453,0.5435,0.4525
770,2026-04-18,en-fr,v1,support_ticket,22,492,0.4171,0.5972
771,2026-04-18,en-el,v1,documentation,61,616,0.6569,0.3073
772,2026-04-18,en-pt,v1,marketing,20,537,0.4379,0.5421
773,2026-04-18,en-es,v1,marketing,23,504,0.3843,0.6526
774,2026-04-18,en-it,v1,marketing,19,415,0.4477,0.5715
775,2026-04-18,en-it,v1,marketing,12,357,0.3818,0.5956
776,2026-04-18,en-es,v1,support_ticket,21,450,0.3322,0.649
777,2026-04-18,en-it,v1,support_ticket,18,309,0.3567,0.6196
778,2026-04-18,en-el,v1,documentation,19,510,0.5778,0.4111
779,2026-04-18,en-it,v1,legal,40,379,0.569,0.4166
780,2026-04-18,en-zh,v1,documentation,39,408,0.9296,0.05
781,2026-04-19,en-ja,v1,marketing,34,396,0.95,0.073
782,2026-04-19,en-it,v1,documentation,25,267,0.4259,0.5981
783,2026-04-19,en-ja,v1,documentation,30,377,0.95,0.05
784,2026-04-19,en-el,v1,documentation,29,368,0.4817,0.5568
785,2026-04-19,en-pt,v1,support_ticket,25,380,0.3207,0.7296
786,2026-04-19,en-ja,v1,documentation,51,384,0.925,0.0753
787,2026-04-19,en-el,v1,support_ticket,24,440,0.6241,0.3045
788,2026-04-19,en-es,v1,marketing,18,418,0.4261,0.5724
789,2026-04-19,en-es,v1,documentation,28,601,0.3074,0.6712
790,2026-04-19,en-fr,v1,marketing,18,393,0.403,0.6283
791,2026-04-19,en-de,v1,legal,58,530,0.5753,0.3889
792,2026-04-19,en-pt,v1,marketing,22,429,0.3865,0.5993
793,2026-04-19,en-pt,v1,support_ticket,20,487,0.2283,0.7693
794,2026-04-19,en-de,v1,support_ticket,24,284,0.3898,0.6224
795,2026-04-19,en-de,v1,support_ticket,20,425,0.3683,0.5877
796,2026-04-19,en-fr,v1,support_ticket,29,393,0.3562,0.7025
797,2026-04-19,en-el,v1,marketing,20,384,0.6034,0.331
798,2026-04-19,en-it,v1,legal,45,464,0.5363,0.417
799,2026-04-19,en-es,v1,support_ticket,14,472,0.3847,0.5492
800,2026-04-19,en-de,v1,support_ticket,18,536,0.3554,0.654
801,2026-04-19,en-de,v1,support_ticket,17,397,0.445,0.5465
802,2026-04-19,en-pt,v1,legal,83,496,0.6182,0.3495
803,2026-04-19,en-pt,v1,documentation,23,423,0.3488,0.6373
804,2026-04-19,en-pt,v1,documentation,34,378,0.344,0.7024
805,2026-04-19,en-ja,v1,support_ticket,34,434,0.881,0.1173
806,2026-04-19,en-it,v1,marketing,17,374,0.4661,0.529
807,2026-04-19,en-el,v1,marketing,27,442,0.6515,0.3892
808,2026-04-19,en-de,v1,support_ticket,13,359,0.3712,0.6506
809,2026-04-19,en-zh,v1,support_ticket,13,330,0.794,0.2044
810,2026-04-19,en-el,v1,support_ticket,25,470,0.6184,0.369
811,2026-04-19,en-el,v1,legal,29,439,0.6392,0.2961
812,2026-04-19,en-es,v1,support_ticket,22,445,0.2765,0.7241
813,2026-04-19,en-fr,v1,support_ticket,22,405,0.3204,0.6393
814,2026-04-19,en-de,v1,support_ticket,52,403,0.472,0.5107
815,2026-04-19,en-el,v1,marketing,20,485,0.6176,0.3639
816,2026-04-19,en-it,v1,documentation,34,565,0.3708,0.6047
817,2026-04-19,en-ja,v1,marketing,13,473,0.95,0.05
818,2026-04-19,en-zh,v1,support_ticket,18,443,0.8491,0.1574
819,2026-04-19,en-zh,v1,documentation,40,423,0.8903,0.0904
820,2026-04-19,en-pt,v1,support_ticket,25,525,0.3181,0.6548
821,2026-04-19,en-de,v1,marketing,12,337,0.5146,0.4711
822,2026-04-19,en-zh,v1,support_ticket,18,485,0.748,0.2127
823,2026-04-19,en-it,v1,marketing,14,464,0.4971,0.4727
824,2026-04-19,en-zh,v1,documentation,31,496,0.8499,0.1277
825,2026-04-19,en-de,v1,documentation,48,410,0.5364,0.4549
826,2026-04-19,en-ja,v1,support_ticket,28,439,0.8425,0.1534
827,2026-04-19,en-el,v1,marketing,25,405,0.5791,0.4266
828,2026-04-19,en-it,v1,documentation,48,527,0.4331,0.522
829,2026-04-19,en-el,v1,marketing,20,438,0.5788,0.388
830,2026-04-19,en-zh,v1,marketing,19,361,0.8341,0.1828
831,2026-04-19,en-it,v1,marketing,7,428,0.4634,0.512
832,2026-04-19,en-it,v1,marketing,14,526,0.4411,0.6076
833,2026-04-19,en-ja,v1,support_ticket,25,344,0.9181,0.1012
834,2026-04-20,en-fr,v1,marketing,16,427,0.4626,0.4453
835,2026-04-20,en-de,v1,marketing,21,518,0.5179,0.4915
836,2026-04-20,en-es,v1,documentation,50,366,0.4213,0.5055
837,2026-04-20,en-de,v1,legal,42,428,0.6511,0.3876
838,2026-04-20,en-zh,v1,documentation,41,510,0.9053,0.05
839,2026-04-20,en-it,v1,marketing,24,434,0.5196,0.4717
840,2026-04-20,en-fr,v1,documentation,39,472,0.4416,0.5476
841,2026-04-20,en-de,v1,marketing,34,422,0.5884,0.41
842,2026-04-20,en-ja,v1,documentation,33,356,0.921,0.1179
843,2026-04-20,en-pt,v1,support_ticket,22,394,0.4146,0.5654
844,2026-04-20,en-fr,v1,legal,85,359,0.5134,0.5685
845,2026-04-20,en-pt,v1,marketing,17,470,0.4155,0.6396
846,2026-04-20,en-zh,v1,support_ticket,18,378,0.8504,0.1186
847,2026-04-20,en-ja,v1,legal,35,438,0.95,0.05
848,2026-04-20,en-ja,v1,documentation,24,383,0.8688,0.1768
849,2026-04-20,en-de,v1,legal,47,369,0.6256,0.3726
850,2026-04-20,en-el,v1,documentation,37,363,0.5619,0.4679
851,2026-04-20,en-ja,v1,support_ticket,23,367,0.8737,0.1284
852,2026-04-20,en-zh,v1,marketing,12,398,0.827,0.19
853,2026-04-20,en-ja,v1,legal,65,467,0.95,0.1056
854,2026-04-20,en-fr,v1,documentation,14,453,0.3249,0.6796
855,2026-04-20,en-pt,v1,legal,54,363,0.581,0.3862
856,2026-04-20,en-fr,v1,support_ticket,22,382,0.327,0.6536
857,2026-04-20,en-fr,v1,support_ticket,13,384,0.3237,0.7095
858,2026-04-20,en-de,v1,support_ticket,24,412,0.3966,0.6143
859,2026-04-20,en-zh,v1,marketing,26,467,0.9354,0.05
860,2026-04-20,en-de,v1,support_ticket,24,454,0.4626,0.55
861,2026-04-20,en-fr,v1,marketing,21,386,0.4717,0.5616
862,2026-04-20,en-de,v1,documentation,28,472,0.5236,0.4656
863,2026-04-20,en-it,v1,marketing,6,416,0.3642,0.6251
864,2026-04-20,en-el,v1,marketing,26,356,0.6205,0.3892
865,2026-04-20,en-el,v1,marketing,16,285,0.7109,0.2775
866,2026-04-20,en-zh,v1,marketing,13,468,0.943,0.0556
867,2026-04-20,en-ja,v1,documentation,33,408,0.909,0.0986
868,2026-04-20,en-el,v1,support_ticket,14,315,0.4577,0.5683
869,2026-04-20,en-it,v1,documentation,21,383,0.4328,0.5722
870,2026-04-20,en-zh,v1,support_ticket,15,430,0.7829,0.3028
871,2026-04-20,en-ja,v1,support_ticket,33,360,0.9191,0.1127
872,2026-04-20,en-es,v1,marketing,31,260,0.4565,0.5333
873,2026-04-20,en-de,v1,documentation,44,341,0.4517,0.5461
874,2026-04-20,en-de,v1,legal,42,368,0.6702,0.3392
875,2026-04-20,en-it,v1,support_ticket,13,538,0.323,0.6943
876,2026-04-20,en-it,v1,marketing,6,414,0.438,0.5963
877,2026-04-21,en-fr,v1,support_ticket,29,394,0.3524,0.6484
878,2026-04-21,en-zh,v1,legal,67,340,0.95,0.1093
879,2026-04-21,en-fr,v1,support_ticket,18,424,0.342,0.6464
880,2026-04-21,en-fr,v1,support_ticket,23,532,0.2514,0.7442
881,2026-04-21,en-fr,v1,marketing,11,379,0.4063,0.6378
882,2026-04-21,en-it,v1,support_ticket,17,405,0.3121,0.7264
883,2026-04-21,en-ja,v1,documentation,22,354,0.7974,0.1783
884,2026-04-21,en-it,v1,support_ticket,10,492,0.2692,0.7429
885,2026-04-21,en-es,v1,marketing,12,351,0.3309,0.6678
886,2026-04-21,en-el,v1,documentation,43,421,0.5543,0.436
887,2026-04-21,en-fr,v1,documentation,71,405,0.4082,0.6281
888,2026-04-21,en-ja,v1,support_ticket,18,324,0.855,0.1629
889,2026-04-21,en-es,v1,marketing,21,425,0.3833,0.5897
890,2026-04-21,en-es,v1,marketing,18,430,0.3616,0.5979
891,2026-04-21,en-it,v1,documentation,24,476,0.34,0.6773
892,2026-04-21,en-ja,v1,documentation,28,382,0.9122,0.0794
893,2026-04-21,en-ja,v1,documentation,30,515,0.9152,0.0797
894,2026-04-21,en-es,v1,documentation,20,369,0.2804,0.694
895,2026-04-21,en-es,v1,documentation,43,438,0.444,0.5426
896,2026-04-21,en-fr,v1,support_ticket,22,546,0.3632,0.674
897,2026-04-21,en-pt,v1,documentation,24,414,0.3169,0.6598
898,2026-04-21,en-el,v1,documentation,23,426,0.5914,0.3568
899,2026-04-21,en-el,v1,support_ticket,24,399,0.5738,0.4511
900,2026-04-21,en-ja,v1,documentation,21,491,0.933,0.0767
901,2026-04-21,en-de,v1,legal,69,365,0.7133,0.3387
902,2026-04-21,en-ja,v1,documentation,27,319,0.9091,0.1119
903,2026-04-21,en-pt,v1,marketing,20,404,0.3965,0.5808
904,2026-04-21,en-fr,v1,support_ticket,35,418,0.4035,0.6219
905,2026-04-21,en-ja,v1,documentation,26,310,0.8915,0.1422
906,2026-04-21,en-de,v1,marketing,8,365,0.5174,0.4627
907,2026-04-21,en-de,v1,documentation,38,381,0.453,0.5507
908,2026-04-21,en-it,v1,legal,42,409,0.5503,0.4073
909,2026-04-21,en-de,v1,documentation,13,382,0.3924,0.612
910,2026-04-21,en-ja,v1,legal,37,431,0.95,0.05
911,2026-04-21,en-pt,v1,support_ticket,13,443,0.3214,0.6869
912,2026-04-21,en-zh,v1,marketing,10,386,0.892,0.0876
913,2026-04-21,en-pt,v1,legal,69,466,0.5671,0.4344
914,2026-04-21,en-zh,v1,documentation,31,445,0.8262,0.1809
915,2026-04-21,en-ja,v1,documentation,19,371,0.8966,0.1125
916,2026-04-21,en-it,v1,marketing,10,441,0.4903,0.4971
917,2026-04-21,en-es,v1,marketing,15,473,0.3539,0.6228
918,2026-04-21,en-zh,v1,documentation,24,262,0.8208,0.1756
919,2026-04-21,en-it,v1,marketing,24,489,0.3651,0.6595
920,2026-04-21,en-el,v1,marketing,25,462,0.5663,0.4106
921,2026-04-21,en-el,v1,legal,32,370,0.6902,0.321
922,2026-04-21,en-fr,v1,documentation,56,357,0.4907,0.5092
923,2026-04-21,en-zh,v1,support_ticket,25,485,0.8392,0.1389
924,2026-04-21,en-ja,v1,documentation,31,424,0.89,0.1111
925,2026-04-21,en-el,v1,support_ticket,29,406,0.4986,0.4926
926,2026-04-21,en-de,v1,support_ticket,30,493,0.4145,0.5711
927,2026-04-21,en-it,v1,support_ticket,42,494,0.3825,0.6187
928,2026-04-21,en-es,v1,marketing,24,360,0.3992,0.5817
929,2026-04-22,en-zh,v1,marketing,23,361,0.95,0.05
930,2026-04-22,en-el,v1,marketing,36,448,0.6737,0.2861
931,2026-04-22,en-es,v1,marketing,16,558,0.4584,0.5132
932,2026-04-22,en-de,v1,marketing,13,482,0.5748,0.4212
933,2026-04-22,en-el,v1,marketing,24,404,0.6129,0.4054
934,2026-04-22,en-el,v1,documentation,32,467,0.5605,0.4889
935,2026-04-22,en-zh,v1,support_ticket,20,459,0.7881,0.217
936,2026-04-22,en-de,v1,documentation,31,389,0.4538,0.5907
937,2026-04-22,en-zh,v1,documentation,38,363,0.8787,0.1217
938,2026-04-22,en-pt,v1,support_ticket,13,400,0.2782,0.7342
939,2026-04-22,en-it,v1,documentation,41,247,0.3943,0.5912
940,2026-04-22,en-zh,v1,documentation,19,515,0.8326,0.1446
941,2026-04-22,en-zh,v1,support_ticket,38,422,0.8613,0.1794
942,2026-04-22,en-it,v1,support_ticket,16,449,0.3009,0.6804
943,2026-04-22,en-it,v1,documentation,20,430,0.4227,0.5501
944,2026-04-22,en-it,v1,documentation,18,480,0.2955,0.7714
945,2026-04-22,en-de,v1,support_ticket,18,543,0.372,0.6224
946,2026-04-22,en-zh,v1,marketing,29,380,0.8642,0.1158
947,2026-04-22,en-es,v1,support_ticket,62,433,0.3765,0.642
948,2026-04-22,en-el,v1,marketing,23,357,0.6325,0.3707
949,2026-04-22,en-ja,v1,legal,58,476,0.95,0.0521
950,2026-04-22,en-el,v1,support_ticket,17,435,0.5026,0.483
951,2026-04-22,en-fr,v1,documentation,19,331,0.3469,0.6231
952,2026-04-22,en-it,v1,marketing,11,464,0.4346,0.5489
953,2026-04-22,en-fr,v1,marketing,14,491,0.3998,0.6267
954,2026-04-22,en-pt,v1,marketing,24,501,0.341,0.6707
955,2026-04-22,en-pt,v1,legal,48,442,0.5176,0.473
956,2026-04-22,en-es,v1,legal,27,542,0.4531,0.5281
957,2026-04-22,en-de,v1,marketing,20,408,0.4869,0.5386
958,2026-04-22,en-zh,v1,documentation,46,483,0.932,0.0722
959,2026-04-22,en-de,v1,marketing,26,367,0.5496,0.4475
960,2026-04-22,en-it,v1,support_ticket,40,467,0.4565,0.5058
961,2026-04-22,en-it,v1,marketing,10,451,0.4258,0.6013
962,2026-04-22,en-pt,v1,documentation,42,413,0.3407,0.6141
963,2026-04-22,en-el,v1,documentation,26,486,0.5843,0.3972
964,2026-04-22,en-de,v1,marketing,14,427,0.4219,0.5639
965,2026-04-22,en-el,v1,support_ticket,12,360,0.5172,0.51
966,2026-04-22,en-ja,v1,documentation,39,374,0.885,0.1428
967,2026-04-22,en-fr,v1,marketing,13,565,0.4478,0.5553
968,2026-04-22,en-de,v1,documentation,27,457,0.4456,0.5663
969,2026-04-22,en-it,v1,support_ticket,31,510,0.4211,0.633
970,2026-04-22,en-it,v1,support_ticket,19,462,0.3983,0.5722
971,2026-04-22,en-de,v1,legal,45,484,0.6213,0.4015
972,2026-04-22,en-es,v1,support_ticket,11,461,0.3089,0.6453
973,2026-04-22,en-zh,v1,documentation,35,541,0.9408,0.05
974,2026-04-23,en-it,v1,documentation,40,438,0.418,0.6327
975,2026-04-23,en-it,v1,support_ticket,15,473,0.3633,0.6461
976,2026-04-23,en-fr,v1,support_ticket,23,298,0.363,0.6346
977,2026-04-23,en-pt,v1,marketing,11,450,0.462,0.5371
978,2026-04-23,en-it,v1,documentation,49,419,0.3853,0.6408
979,2026-04-23,en-es,v1,documentation,34,411,0.3457,0.6393
980,2026-04-23,en-zh,v1,support_ticket,19,539,0.8306,0.1529
981,2026-04-23,en-de,v1,legal,48,465,0.7102,0.299
982,2026-04-23,en-ja,v1,marketing,18,419,0.95,0.05
983,2026-04-23,en-fr,v1,documentation,49,379,0.4876,0.4923
984,2026-04-23,en-el,v1,documentation,52,404,0.5537,0.4184
985,2026-04-23,en-de,v1,marketing,31,322,0.4835,0.4917
986,2026-04-23,en-el,v1,legal,55,314,0.8004,0.2352
987,2026-04-23,en-fr,v1,documentation,45,420,0.3629,0.6441
988,2026-04-23,en-es,v1,documentation,35,450,0.3187,0.7047
989,2026-04-23,en-ja,v1,support_ticket,18,501,0.9067,0.05
990,2026-04-23,en-pt,v1,documentation,31,476,0.303,0.661
991,2026-04-23,en-zh,v1,support_ticket,21,382,0.8547,0.1248
992,2026-04-23,en-fr,v1,legal,106,438,0.5722,0.3952
993,2026-04-23,en-es,v1,marketing,12,384,0.3696,0.6281
994,2026-04-23,en-el,v1,marketing,17,463,0.5527,0.4458
995,2026-04-23,en-es,v1,legal,37,417,0.4304,0.6085
996,2026-04-23,en-ja,v1,documentation,25,358,0.95,0.05
997,2026-04-23,en-de,v1,documentation,18,457,0.4824,0.5446
998,2026-04-23,en-fr,v1,marketing,12,361,0.4237,0.5909
999,2026-04-23,en-ja,v1,support_ticket,36,475,0.9267,0.0644
1000,2026-04-23,en-de,v1,documentation,30,356,0.4671,0.5064
1001,2026-04-23,en-it,v1,support_ticket,30,460,0.3206,0.6634
1002,2026-04-23,en-de,v1,marketing,23,534,0.5633,0.4156
1003,2026-04-23,en-zh,v1,documentation,27,278,0.836,0.1577
1004,2026-04-23,en-it,v1,support_ticket,24,455,0.323,0.6987
1005,2026-04-23,en-ja,v1,marketing,15,354,0.8574,0.1204
1006,2026-04-23,en-ja,v1,support_ticket,18,430,0.8099,0.2029
1007,2026-04-23,en-fr,v1,support_ticket,22,382,0.2857,0.7021
1008,2026-04-23,en-fr,v1,legal,79,360,0.674,0.3463
1009,2026-04-23,en-es,v1,marketing,13,410,0.4407,0.517
1010,2026-04-23,en-zh,v1,marketing,16,376,0.9083,0.11
1011,2026-04-23,en-de,v1,documentation,37,350,0.4886,0.4846
1012,2026-04-23,en-ja,v1,documentation,22,442,0.891,0.1271
1013,2026-04-23,en-pt,v1,documentation,34,522,0.4402,0.5895
1014,2026-04-23,en-pt,v1,documentation,45,453,0.3854,0.5956
1015,2026-04-23,en-es,v1,support_ticket,23,449,0.3386,0.644
1016,2026-04-23,en-ja,v1,support_ticket,25,446,0.95,0.05
1017,2026-04-23,en-pt,v1,marketing,21,347,0.4829,0.5134
1018,2026-04-23,en-zh,v1,documentation,31,457,0.7871,0.2466
1019,2026-04-24,en-ja,v1,support_ticket,18,481,0.8269,0.1847
1020,2026-04-24,en-pt,v1,support_ticket,37,386,0.315,0.6897
1021,2026-04-24,en-fr,v1,marketing,16,423,0.3953,0.6098
1022,2026-04-24,en-el,v1,documentation,40,439,0.6008,0.3936
1023,2026-04-24,en-es,v1,support_ticket,19,500,0.3935,0.6254
1024,2026-04-24,en-zh,v1,legal,46,407,0.95,0.053
1025,2026-04-24,en-fr,v1,support_ticket,30,379,0.3439,0.6997
1026,2026-04-24,en-it,v1,legal,41,413,0.5277,0.4733
1027,2026-04-24,en-es,v1,support_ticket,23,318,0.3573,0.6281
1028,2026-04-24,en-el,v1,marketing,20,460,0.4225,0.6351
1029,2026-04-24,en-pt,v1,documentation,13,419,0.3547,0.5748
1030,2026-04-24,en-ja,v1,documentation,52,455,0.95,0.05
1031,2026-04-24,en-fr,v1,marketing,33,300,0.5333,0.4212
1032,2026-04-24,en-zh,v1,documentation,20,443,0.832,0.1251
1033,2026-04-24,en-it,v1,support_ticket,18,303,0.3272,0.6628
1034,2026-04-24,en-de,v1,support_ticket,23,434,0.4445,0.5475
1035,2026-04-24,en-it,v1,documentation,33,408,0.3968,0.5838
1036,2026-04-24,en-de,v1,support_ticket,18,421,0.4324,0.5585
1037,2026-04-24,en-pt,v1,support_ticket,12,433,0.3172,0.7083
1038,2026-04-24,en-el,v1,marketing,34,367,0.6379,0.3323
1039,2026-04-24,en-de,v1,marketing,29,366,0.5695,0.4848
1040,2026-04-24,en-zh,v1,documentation,31,459,0.9222,0.1439
1041,2026-04-24,en-fr,v1,documentation,28,403,0.2969,0.7375
1042,2026-04-24,en-zh,v1,marketing,18,433,0.8702,0.1602
1043,2026-04-24,en-es,v1,support_ticket,16,232,0.349,0.6625
1044,2026-04-24,en-de,v1,legal,28,419,0.5691,0.417
1045,2026-04-24,en-ja,v1,support_ticket,23,421,0.9134,0.182
1046,2026-04-24,en-pt,v1,marketing,19,387,0.3405,0.6939
1047,2026-04-24,en-fr,v1,support_ticket,22,422,0.4167,0.5732
1048,2026-04-24,en-pt,v1,marketing,21,313,0.4523,0.5818
1049,2026-04-24,en-de,v1,support_ticket,26,451,0.4644,0.5616
1050,2026-04-24,en-es,v1,legal,28,412,0.4469,0.5648
1051,2026-04-24,en-zh,v1,marketing,26,434,0.8957,0.0788
1052,2026-04-24,en-pt,v1,marketing,20,564,0.2666,0.7504
1053,2026-04-24,en-it,v1,support_ticket,19,390,0.3435,0.7061
1054,2026-04-24,en-el,v1,support_ticket,23,455,0.5817,0.4167
1055,2026-04-24,en-zh,v1,marketing,20,430,0.9253,0.1141
1056,2026-04-24,en-it,v1,support_ticket,19,348,0.2683,0.7162
1057,2026-04-24,en-zh,v1,support_ticket,26,376,0.794,0.2473
1058,2026-04-24,en-el,v1,support_ticket,22,487,0.5051,0.4651
1059,2026-04-24,en-pt,v1,marketing,16,373,0.4192,0.5931
1060,2026-04-24,en-fr,v1,support_ticket,13,487,0.364,0.6266
1061,2026-04-24,en-de,v1,marketing,17,359,0.4872,0.5696
1062,2026-04-24,en-pt,v1,support_ticket,26,466,0.3748,0.6129
1063,2026-04-24,en-ja,v1,support_ticket,25,397,0.8979,0.0622
1064,2026-04-25,en-pt,v1,marketing,9,477,0.4153,0.6605
1065,2026-04-25,en-el,v1,support_ticket,18,432,0.4651,0.541
1066,2026-04-25,en-de,v1,documentation,17,373,0.4642,0.5348
1067,2026-04-25,en-el,v1,documentation,28,419,0.5374,0.477
1068,2026-04-25,en-fr,v1,documentation,49,454,0.4976,0.5013
1069,2026-04-25,en-pt,v1,legal,69,332,0.6117,0.3631
1070,2026-04-25,en-de,v1,support_ticket,21,498,0.4737,0.5623
1071,2026-04-25,en-it,v1,support_ticket,15,383,0.3492,0.6013
1072,2026-04-25,en-ja,v1,legal,56,430,0.95,0.1234
1073,2026-04-25,en-zh,v1,marketing,18,486,0.8574,0.1275
1074,2026-04-25,en-de,v1,support_ticket,32,398,0.5009,0.4975
1075,2026-04-25,en-pt,v1,support_ticket,28,442,0.4099,0.6493
1076,2026-04-25,en-ja,v1,marketing,24,539,0.95,0.0856
1077,2026-04-25,en-it,v1,support_ticket,20,520,0.3659,0.6471
1078,2026-04-25,en-de,v1,marketing,16,428,0.5027,0.5488
1079,2026-04-25,en-de,v1,documentation,35,462,0.4286,0.6124
1080,2026-04-25,en-pt,v1,marketing,22,451,0.4181,0.5913
1081,2026-04-25,en-es,v1,support_ticket,23,402,0.3478,0.6449
1082,2026-04-25,en-pt,v1,support_ticket,14,362,0.2483,0.7486
1083,2026-04-25,en-fr,v1,legal,59,451,0.5952,0.384
1084,2026-04-25,en-el,v1,documentation,20,352,0.4777,0.5452
1085,2026-04-25,en-ja,v1,marketing,22,330,0.8922,0.1277
1086,2026-04-25,en-ja,v1,documentation,18,366,0.913,0.1185
1087,2026-04-25,en-de,v1,support_ticket,9,311,0.4238,0.589
1088,2026-04-25,en-el,v1,marketing,13,333,0.6376,0.3996
1089,2026-04-25,en-zh,v1,documentation,21,415,0.9043,0.153
1090,2026-04-25,en-it,v1,marketing,17,511,0.4379,0.5752
1091,2026-04-25,en-ja,v1,support_ticket,20,498,0.8677,0.1324
1092,2026-04-25,en-es,v1,documentation,28,374,0.2869,0.758
1093,2026-04-25,en-el,v1,marketing,17,271,0.6442,0.3729
1094,2026-04-25,en-fr,v1,support_ticket,23,292,0.3352,0.6925
1095,2026-04-25,en-zh,v1,marketing,16,331,0.8665,0.1402
1096,2026-04-25,en-pt,v1,support_ticket,13,416,0.3126,0.7133
1097,2026-04-25,en-el,v1,legal,16,359,0.6745,0.2828
1098,2026-04-25,en-it,v1,documentation,19,465,0.3792,0.6222
1099,2026-04-25,en-fr,v1,legal,34,329,0.5712,0.4608
1100,2026-04-25,en-fr,v1,support_ticket,12,456,0.3234,0.6365
1101,2026-04-25,en-it,v1,documentation,36,471,0.361,0.5729
1102,2026-04-25,en-ja,v1,documentation,57,401,0.95,0.05
1103,2026-04-25,en-zh,v1,support_ticket,26,465,0.7987,0.2653
1104,2026-04-25,en-es,v1,support_ticket,13,416,0.3374,0.6889
1105,2026-04-25,en-fr,v1,documentation,46,376,0.4179,0.5701
1106,2026-04-25,en-it,v1,legal,46,387,0.574,0.3944
1107,2026-04-26,en-de,v1,documentation,29,429,0.4133,0.6016
1108,2026-04-26,en-de,v1,marketing,20,463,0.549,0.4164
1109,2026-04-26,en-ja,v1,documentation,21,437,0.9183,0.0841
1110,2026-04-26,en-de,v1,marketing,36,543,0.5198,0.4368
1111,2026-04-26,en-de,v1,documentation,39,355,0.4279,0.5309
1112,2026-04-26,en-it,v1,documentation,44,378,0.4915,0.515
1113,2026-04-26,en-el,v1,marketing,15,481,0.6284,0.4013
1114,2026-04-26,en-es,v1,legal,68,400,0.578,0.4007
1115,2026-04-26,en-de,v1,documentation,38,404,0.4829,0.5905
1116,2026-04-26,en-de,v1,documentation,27,407,0.4352,0.5692
1117,2026-04-26,en-de,v1,documentation,58,352,0.4659,0.5196
1118,2026-04-26,en-zh,v1,marketing,36,476,0.95,0.05
1119,2026-04-26,en-el,v1,support_ticket,28,497,0.5621,0.4316
1120,2026-04-26,en-el,v1,marketing,19,331,0.6576,0.3644
1121,2026-04-26,en-pt,v1,legal,23,506,0.4614,0.5889
1122,2026-04-26,en-ja,v1,legal,95,477,0.95,0.05
1123,2026-04-26,en-it,v1,marketing,8,381,0.4679,0.508
1124,2026-04-26,en-zh,v1,marketing,16,545,0.95,0.05
1125,2026-04-26,en-pt,v1,support_ticket,31,381,0.3604,0.6418
1126,2026-04-26,en-es,v1,documentation,61,460,0.4571,0.4629
1127,2026-04-26,en-es,v1,support_ticket,34,401,0.2719,0.6921
1128,2026-04-26,en-de,v1,support_ticket,23,422,0.3929,0.5288
1129,2026-04-26,en-pt,v1,documentation,47,397,0.3101,0.7201
1130,2026-04-26,en-zh,v1,legal,52,522,0.95,0.05
1131,2026-04-26,en-it,v1,legal,30,392,0.4951,0.5008
1132,2026-04-26,en-zh,v1,documentation,42,428,0.8513,0.1934
1133,2026-04-26,en-ja,v1,support_ticket,20,322,0.8672,0.1752
1134,2026-04-26,en-fr,v1,documentation,50,382,0.407,0.6294
1135,2026-04-26,en-fr,v1,documentation,45,419,0.4095,0.5706
1136,2026-04-26,en-zh,v1,documentation,27,401,0.9143,0.0863
1137,2026-04-26,en-ja,v1,legal,43,473,0.95,0.05
1138,2026-04-26,en-es,v1,marketing,18,414,0.4539,0.6003
1139,2026-04-26,en-el,v1,support_ticket,20,357,0.4608,0.5233
1140,2026-04-26,en-pt,v1,marketing,17,493,0.3907,0.6558
1141,2026-04-26,en-zh,v1,marketing,15,434,0.95,0.05
1142,2026-04-26,en-it,v1,documentation,49,433,0.3968,0.631
1143,2026-04-26,en-fr,v1,support_ticket,14,386,0.2907,0.7236
1144,2026-04-26,en-es,v1,support_ticket,17,351,0.3148,0.698
1145,2026-04-26,en-es,v1,marketing,16,298,0.4268,0.5893
1146,2026-04-26,en-de,v1,support_ticket,21,464,0.4171,0.6322
1147,2026-04-26,en-es,v1,documentation,42,457,0.5007,0.4646
1148,2026-04-26,en-ja,v1,marketing,11,362,0.95,0.0522
1149,2026-04-26,en-el,v1,marketing,30,386,0.6497,0.316
1150,2026-04-26,en-fr,v1,documentation,22,478,0.37,0.6132
1151,2026-04-27,en-zh,v1,support_ticket,20,479,0.7714,0.2915
1152,2026-04-27,en-pt,v1,documentation,54,454,0.3499,0.6868
1153,2026-04-27,en-pt,v1,marketing,19,525,0.4423,0.6162
1154,2026-04-27,en-zh,v1,documentation,25,337,0.8865,0.106
1155,2026-04-27,en-pt,v1,marketing,15,573,0.4201,0.5763
1156,2026-04-27,en-zh,v1,support_ticket,23,429,0.8923,0.1003
1157,2026-04-27,en-zh,v1,documentation,19,442,0.7449,0.2142
1158,2026-04-27,en-fr,v1,support_ticket,20,457,0.312,0.6638
1159,2026-04-27,en-ja,v1,support_ticket,33,405,0.9185,0.1008
1160,2026-04-27,en-es,v1,marketing,13,385,0.4957,0.551
1161,2026-04-27,en-pt,v1,marketing,23,488,0.4605,0.5142
1162,2026-04-27,en-el,v1,legal,54,422,0.7334,0.2509
1163,2026-04-27,en-fr,v1,marketing,32,363,0.4348,0.6135
1164,2026-04-27,en-ja,v1,marketing,15,380,0.95,0.0543
1165,2026-04-27,en-es,v1,marketing,22,416,0.4396,0.5487
1166,2026-04-27,en-it,v1,documentation,23,544,0.3805,0.664
1167,2026-04-27,en-el,v1,support_ticket,18,415,0.534,0.4241
1168,2026-04-27,en-zh,v1,legal,93,490,0.95,0.05
1169,2026-04-27,en-es,v1,legal,61,362,0.6113,0.3895
1170,2026-04-27,en-ja,v1,legal,64,405,0.95,0.05
1171,2026-04-27,en-ja,v1,documentation,64,359,0.95,0.05
1172,2026-04-27,en-fr,v1,support_ticket,35,533,0.3811,0.6161
1173,2026-04-27,en-pt,v1,marketing,22,432,0.3047,0.6938
1174,2026-04-27,en-zh,v1,documentation,23,404,0.8934,0.0795
1175,2026-04-27,en-zh,v1,documentation,32,440,0.9292,0.0769
1176,2026-04-27,en-pt,v1,marketing,23,456,0.4914,0.5137
1177,2026-04-27,en-zh,v1,support_ticket,21,523,0.824,0.2247
1178,2026-04-27,en-zh,v1,documentation,58,438,0.95,0.05
1179,2026-04-27,en-es,v1,marketing,17,427,0.3826,0.6254
1180,2026-04-27,en-it,v1,documentation,54,403,0.4786,0.544
1181,2026-04-27,en-zh,v1,legal,31,428,0.95,0.1278
1182,2026-04-27,en-it,v1,support_ticket,24,359,0.3574,0.5905
1183,2026-04-27,en-zh,v1,documentation,34,387,0.7703,0.2223
1184,2026-04-27,en-it,v1,documentation,31,459,0.4551,0.5281
1185,2026-04-27,en-it,v1,documentation,34,373,0.3504,0.6799
1186,2026-04-27,en-fr,v1,documentation,34,301,0.4003,0.5985
1187,2026-04-27,en-de,v1,support_ticket,25,495,0.5328,0.5106
1188,2026-04-27,en-el,v1,documentation,37,386,0.6163,0.3869
1189,2026-04-28,en-fr,v1,legal,38,444,0.5041,0.4918
1190,2026-04-28,en-de,v1,support_ticket,13,367,0.3509,0.6616
1191,2026-04-28,en-pt,v1,documentation,45,456,0.4407,0.5656
1192,2026-04-28,en-it,v1,support_ticket,30,496,0.3819,0.5477
1193,2026-04-28,en-de,v1,support_ticket,32,332,0.5207,0.5216
1194,2026-04-28,en-zh,v1,documentation,23,400,0.827,0.1263
1195,2026-04-28,en-de,v1,marketing,26,417,0.5155,0.4836
1196,2026-04-28,en-es,v1,support_ticket,8,420,0.2469,0.7205
1197,2026-04-28,en-pt,v1,documentation,27,457,0.3504,0.6425
1198,2026-04-28,en-de,v1,marketing,16,315,0.5097,0.5042
1199,2026-04-28,en-ja,v1,legal,59,359,0.95,0.05
1200,2026-04-28,en-ja,v1,support_ticket,17,509,0.9188,0.05
1201,2026-04-28,en-fr,v1,marketing,22,323,0.3758,0.6389
1202,2026-04-28,en-el,v1,documentation,29,444,0.5598,0.436
1203,2026-04-28,en-ja,v1,documentation,38,422,0.8959,0.1156
1204,2026-04-28,en-it,v1,marketing,23,383,0.5022,0.4821
1205,2026-04-28,en-zh,v1,support_ticket,15,473,0.8645,0.1264
1206,2026-04-28,en-fr,v1,documentation,37,339,0.4349,0.5607
1207,2026-04-28,en-ja,v1,documentation,28,355,0.7875,0.2107
1208,2026-04-28,en-de,v1,documentation,63,424,0.5637,0.4353
1209,2026-04-28,en-el,v1,support_ticket,20,505,0.471,0.5408
1210,2026-04-28,en-de,v1,support_ticket,21,404,0.4454,0.5385
1211,2026-04-28,en-el,v1,marketing,15,339,0.5871,0.4152
1212,2026-04-28,en-ja,v1,legal,42,464,0.95,0.071
1213,2026-04-28,en-pt,v1,marketing,14,384,0.358,0.6426
1214,2026-04-28,en-pt,v1,marketing,18,320,0.3716,0.653
1215,2026-04-28,en-fr,v1,legal,32,502,0.539,0.4489
1216,2026-04-28,en-zh,v1,marketing,26,538,0.8535,0.2198
1217,2026-04-28,en-ja,v1,documentation,27,394,0.8856,0.1388
1218,2026-04-28,en-ja,v1,support_ticket,15,450,0.8498,0.1147
1219,2026-04-28,en-el,v1,documentation,27,396,0.5413,0.4751
1220,2026-04-28,en-zh,v1,legal,58,336,0.95,0.05
1221,2026-04-28,en-fr,v1,documentation,46,509,0.3761,0.6785
1222,2026-04-28,en-es,v1,marketing,20,457,0.3646,0.6205
1223,2026-04-28,en-fr,v1,documentation,29,476,0.3679,0.6086
1224,2026-04-28,en-fr,v1,documentation,22,359,0.4377,0.5623
1225,2026-04-28,en-it,v1,documentation,46,491,0.4825,0.5054
1226,2026-04-28,en-el,v1,documentation,26,351,0.5004,0.4865
1227,2026-04-28,en-zh,v1,support_ticket,21,487,0.8907,0.0917
1228,2026-04-28,en-fr,v1,marketing,21,486,0.3482,0.6454
1229,2026-04-28,en-pt,v1,legal,66,400,0.5705,0.3884
1230,2026-04-28,en-ja,v1,documentation,44,480,0.95,0.05
1231,2026-04-29,en-fr,v1,support_ticket,36,508,0.355,0.6608
1232,2026-04-29,en-el,v1,marketing,22,397,0.6243,0.3966
1233,2026-04-29,en-zh,v1,documentation,26,416,0.872,0.1427
1234,2026-04-29,en-el,v1,legal,88,473,0.8796,0.1088
1235,2026-04-29,en-fr,v1,support_ticket,35,382,0.3716,0.6846
1236,2026-04-29,en-pt,v1,support_ticket,13,544,0.3258,0.6751
1237,2026-04-29,en-fr,v1,support_ticket,14,373,0.3837,0.6135
1238,2026-04-29,en-it,v1,legal,71,350,0.6061,0.44
1239,2026-04-29,en-ja,v1,documentation,23,381,0.8082,0.1482
1240,2026-04-29,en-fr,v1,documentation,30,376,0.401,0.6009
1241,2026-04-29,en-es,v1,documentation,30,326,0.3723,0.6733
1242,2026-04-29,en-pt,v1,documentation,33,460,0.39,0.5964
1243,2026-04-29,en-it,v1,support_ticket,16,396,0.365,0.6455
1244,2026-04-29,en-it,v1,support_ticket,15,422,0.3386,0.6452
1245,2026-04-29,en-fr,v1,marketing,18,412,0.4173,0.5526
1246,2026-04-29,en-es,v1,support_ticket,24,301,0.3827,0.5405
1247,2026-04-29,en-pt,v1,legal,29,432,0.4719,0.5558
1248,2026-04-29,en-pt,v1,marketing,18,388,0.4306,0.6109
1249,2026-04-29,en-pt,v1,marketing,33,464,0.4169,0.5813
1250,2026-04-29,en-ja,v1,marketing,16,236,0.8402,0.198
1251,2026-04-29,en-el,v1,documentation,67,342,0.6467,0.3407
1252,2026-04-29,en-pt,v1,marketing,32,448,0.5508,0.4489
1253,2026-04-29,en-el,v1,marketing,30,402,0.6484,0.366
1254,2026-04-29,en-el,v1,marketing,22,485,0.5601,0.4368
1255,2026-04-29,en-es,v1,documentation,32,347,0.3539,0.6689
1256,2026-04-29,en-ja,v1,documentation,35,317,0.923,0.0701
1257,2026-04-29,en-fr,v1,documentation,30,429,0.3749,0.6213
1258,2026-04-29,en-es,v1,documentation,49,397,0.3552,0.6034
1259,2026-04-29,en-el,v1,support_ticket,21,425,0.4842,0.4797
1260,2026-04-29,en-de,v1,marketing,12,376,0.5611,0.4529
1261,2026-04-29,en-de,v1,legal,62,422,0.6188,0.3828
1262,2026-04-29,en-es,v1,marketing,14,548,0.4358,0.5153
1263,2026-04-29,en-zh,v1,support_ticket,20,400,0.8012,0.1596
1264,2026-04-29,en-fr,v1,marketing,16,418,0.4871,0.4836
1265,2026-04-29,en-fr,v1,marketing,16,432,0.4059,0.552
1266,2026-04-29,en-es,v1,marketing,19,393,0.4823,0.4959
1267,2026-04-29,en-fr,v1,support_ticket,20,370,0.3459,0.5934
1268,2026-04-29,en-fr,v1,documentation,36,537,0.454,0.5688
1269,2026-04-29,en-zh,v1,legal,62,531,0.95,0.0785
1270,2026-04-29,en-it,v1,support_ticket,21,457,0.3273,0.6511
1271,2026-04-29,en-de,v1,marketing,7,406,0.565,0.4486
1272,2026-04-29,en-fr,v1,support_ticket,36,563,0.3341,0.6985
1273,2026-04-29,en-zh,v1,support_ticket,36,402,0.8074,0.2359
1274,2026-04-29,en-el,v1,documentation,42,325,0.6736,0.3747
1275,2026-04-29,en-it,v1,marketing,15,354,0.3725,0.6396
1276,2026-04-29,en-de,v1,legal,38,388,0.5504,0.4597
1277,2026-04-29,en-pt,v1,marketing,18,484,0.4463,0.5444
1278,2026-04-29,en-pt,v1,marketing,21,366,0.3568,0.6217
1279,2026-04-30,en-de,v1,documentation,44,325,0.4178,0.5722
1280,2026-04-30,en-fr,v1,marketing,10,395,0.3977,0.5905
1281,2026-04-30,en-de,v1,support_ticket,36,371,0.482,0.5209
1282,2026-04-30,en-fr,v1,legal,73,466,0.5955,0.4058
1283,2026-04-30,en-ja,v1,support_ticket,23,450,0.8657,0.1289
1284,2026-04-30,en-it,v1,support_ticket,22,392,0.3267,0.6369
1285,2026-04-30,en-ja,v1,marketing,26,427,0.9268,0.1077
1286,2026-04-30,en-pt,v1,marketing,36,428,0.4409,0.5763
1287,2026-04-30,en-zh,v1,marketing,25,525,0.95,0.0657
1288,2026-04-30,en-el,v1,marketing,24,576,0.5487,0.434
1289,2026-04-30,en-it,v1,support_ticket,31,457,0.3365,0.6559
1290,2026-04-30,en-fr,v1,support_ticket,25,290,0.4046,0.5928
1291,2026-04-30,en-el,v1,support_ticket,30,422,0.5285,0.5069
1292,2026-04-30,en-es,v1,support_ticket,27,365,0.3225,0.6876
1293,2026-04-30,en-it,v1,marketing,17,472,0.4719,0.5255
1294,2026-04-30,en-zh,v1,support_ticket,17,417,0.8502,0.1184
1295,2026-04-30,en-zh,v1,legal,39,494,0.95,0.05
1296,2026-04-30,en-fr,v1,support_ticket,20,494,0.3671,0.593
1297,2026-04-30,en-es,v1,marketing,16,445,0.4038,0.6065
1298,2026-04-30,en-zh,v1,support_ticket,26,479,0.7908,0.2442
1299,2026-04-30,en-es,v1,support_ticket,21,351,0.3312,0.6579
1300,2026-04-30,en-fr,v1,marketing,22,321,0.4625,0.5481
1301,2026-04-30,en-el,v1,documentation,30,373,0.5189,0.4649
1302,2026-04-30,en-it,v1,marketing,18,394,0.4264,0.563
1303,2026-04-30,en-zh,v1,documentation,28,445,0.95,0.05
1304,2026-04-30,en-ja,v1,documentation,25,407,0.9334,0.0534
1305,2026-04-30,en-pt,v1,documentation,49,393,0.4221,0.5963
1306,2026-04-30,en-zh,v1,marketing,18,471,0.95,0.0564
1307,2026-04-30,en-it,v1,support_ticket,14,433,0.3209,0.6666
1308,2026-04-30,en-it,v1,marketing,18,459,0.4698,0.5352
1309,2026-04-30,en-el,v1,documentation,33,399,0.5589,0.4265
1310,2026-04-30,en-fr,v1,legal,77,413,0.6525,0.3661
1311,2026-04-30,en-fr,v1,marketing,20,435,0.4301,0.576
1312,2026-04-30,en-es,v1,support_ticket,17,365,0.3445,0.6384
1313,2026-04-30,en-de,v1,legal,68,378,0.6364,0.4013
1314,2026-04-30,en-it,v1,documentation,32,469,0.3345,0.6909
1315,2026-04-30,en-de,v1,documentation,35,371,0.4439,0.5948
1316,2026-04-30,en-fr,v1,support_ticket,17,401,0.3443,0.6219
1317,2026-04-30,en-it,v1,marketing,12,326,0.3534,0.6354
1318,2026-04-30,en-fr,v1,documentation,25,416,0.4018,0.6155
1319,2026-04-30,en-zh,v1,documentation,36,452,0.8132,0.1587
1320,2026-04-30,en-ja,v1,documentation,31,352,0.95,0.05
1321,2026-05-01,en-zh,v1,support_ticket,39,530,0.8694,0.1219
1322,2026-05-01,en-es,v1,marketing,20,352,0.3146,0.6994
1323,2026-05-01,en-el,v1,legal,55,389,0.7883,0.1826
1324,2026-05-01,en-ja,v1,support_ticket,21,401,0.8771,0.1731
1325,2026-05-01,en-zh,v1,documentation,56,424,0.8731,0.1623
1326,2026-05-01,en-pt,v1,marketing,21,387,0.4415,0.577
1327,2026-05-01,en-zh,v1,documentation,41,460,0.908,0.05
1328,2026-05-01,en-fr,v1,support_ticket,17,404,0.4398,0.538
1329,2026-05-01,en-ja,v1,support_ticket,15,494,0.8374,0.1639
1330,2026-05-01,en-zh,v1,marketing,15,383,0.95,0.0815
1331,2026-05-01,en-es,v1,documentation,25,443,0.3338,0.6405
1332,2026-05-01,en-de,v1,documentation,32,424,0.4622,0.5427
1333,2026-05-01,en-fr,v1,documentation,28,417,0.3747,0.6122
1334,2026-05-01,en-es,v1,legal,37,368,0.4899,0.559
1335,2026-05-01,en-el,v1,documentation,37,419,0.5508,0.4128
1336,2026-05-01,en-ja,v1,documentation,31,352,0.7923,0.2516
1337,2026-05-01,en-es,v1,support_ticket,34,460,0.4174,0.569
1338,2026-05-01,en-zh,v1,support_ticket,22,398,0.9372,0.122
1339,2026-05-01,en-zh,v1,marketing,28,358,0.95,0.05
1340,2026-05-01,en-fr,v1,marketing,22,423,0.4462,0.5705
1341,2026-05-01,en-es,v1,marketing,28,451,0.4243,0.5943
1342,2026-05-01,en-zh,v1,documentation,16,432,0.8226,0.1464
1343,2026-05-01,en-it,v1,documentation,30,460,0.3146,0.6685
1344,2026-05-01,en-de,v1,marketing,27,424,0.5357,0.4511
1345,2026-05-01,en-ja,v1,documentation,56,461,0.95,0.0682
1346,2026-05-01,en-ja,v1,legal,44,356,0.95,0.05
1347,2026-05-01,en-fr,v1,documentation,31,372,0.3844,0.618
1348,2026-05-01,en-es,v1,legal,45,432,0.5538,0.4041
1349,2026-05-01,en-it,v1,marketing,11,375,0.4126,0.5988
1350,2026-05-01,en-pt,v1,marketing,7,474,0.4133,0.5638
1351,2026-05-01,en-fr,v1,documentation,37,331,0.4721,0.5005
1352,2026-05-01,en-el,v1,legal,24,253,0.6438,0.3634
1353,2026-05-01,en-fr,v1,documentation,25,475,0.3513,0.5962
1354,2026-05-01,en-el,v1,documentation,26,344,0.5318,0.4747
1355,2026-05-01,en-it,v1,marketing,21,432,0.4515,0.5051
1356,2026-05-01,en-el,v1,documentation,33,376,0.6097,0.4309
1357,2026-05-01,en-zh,v1,support_ticket,28,288,0.7959,0.2365
1358,2026-05-01,en-zh,v1,documentation,52,394,0.8712,0.1445
1359,2026-05-01,en-es,v1,support_ticket,21,432,0.3715,0.6659
1360,2026-05-01,en-fr,v1,marketing,7,465,0.3677,0.5858
1361,2026-05-01,en-el,v1,marketing,20,385,0.6861,0.2946
1362,2026-05-01,en-el,v1,marketing,17,372,0.6597,0.3439
1363,2026-05-01,en-fr,v1,documentation,30,428,0.4228,0.6009
1364,2026-05-01,en-it,v1,marketing,14,493,0.3966,0.6225
1365,2026-05-01,en-pt,v1,legal,51,385,0.4307,0.5982
1366,2026-05-01,en-de,v1,documentation,12,440,0.3923,0.6216
1367,2026-05-01,en-zh,v1,documentation,32,340,0.8525,0.1413
1368,2026-05-02,en-it,v1,legal,32,403,0.5779,0.4287
1369,2026-05-02,en-zh,v1,documentation,48,386,0.8023,0.1961
1370,2026-05-02,en-pt,v1,documentation,27,371,0.2648,0.7127
1371,2026-05-02,en-zh,v1,marketing,11,429,0.911,0.1178
1372,2026-05-02,en-pt,v1,support_ticket,29,446,0.3348,0.6202
1373,2026-05-02,en-ja,v1,support_ticket,25,388,0.9039,0.1408
1374,2026-05-02,en-fr,v1,marketing,20,523,0.4768,0.5137
1375,2026-05-02,en-de,v1,marketing,30,447,0.564,0.5295
1376,2026-05-02,en-de,v1,documentation,22,361,0.4262,0.5619
1377,2026-05-02,en-pt,v1,documentation,21,437,0.4042,0.5891
1378,2026-05-02,en-zh,v1,support_ticket,25,461,0.8449,0.1591
1379,2026-05-02,en-pt,v1,support_ticket,23,511,0.3176,0.6681
1380,2026-05-02,en-de,v1,support_ticket,25,371,0.4051,0.5843
1381,2026-05-02,en-es,v1,support_ticket,17,495,0.3245,0.6922
1382,2026-05-02,en-it,v1,documentation,43,447,0.3824,0.6172
1383,2026-05-02,en-zh,v1,support_ticket,21,418,0.883,0.1496
1384,2026-05-02,en-fr,v1,support_ticket,27,486,0.2871,0.6992
1385,2026-05-02,en-fr,v1,documentation,23,362,0.4564,0.5779
1386,2026-05-02,en-zh,v1,support_ticket,18,341,0.813,0.1866
1387,2026-05-02,en-pt,v1,support_ticket,30,331,0.3564,0.6691
1388,2026-05-02,en-it,v1,documentation,28,409,0.4036,0.5614
1389,2026-05-02,en-el,v1,support_ticket,21,490,0.5043,0.48
1390,2026-05-02,en-es,v1,documentation,27,469,0.4072,0.5851
1391,2026-05-02,en-zh,v1,legal,43,439,0.95,0.05
1392,2026-05-02,en-fr,v1,marketing,20,408,0.3741,0.6168
1393,2026-05-02,en-fr,v1,documentation,30,477,0.3633,0.6354
1394,2026-05-02,en-it,v1,legal,60,434,0.5615,0.4278
1395,2026-05-02,en-ja,v1,legal,35,493,0.95,0.05
1396,2026-05-02,en-es,v1,documentation,33,239,0.2777,0.6764
1397,2026-05-02,en-it,v1,marketing,22,353,0.4203,0.5673
1398,2026-05-02,en-it,v1,documentation,37,474,0.357,0.6244
1399,2026-05-02,en-zh,v1,support_ticket,32,378,0.844,0.1838
1400,2026-05-02,en-pt,v1,marketing,19,482,0.473,0.5088
1401,2026-05-02,en-zh,v1,documentation,108,407,0.9223,0.0589
1402,2026-05-02,en-es,v1,documentation,26,451,0.3321,0.6643
1403,2026-05-02,en-pt,v1,documentation,20,450,0.341,0.6667
1404,2026-05-02,en-el,v1,legal,52,351,0.7188,0.3034
1405,2026-05-02,en-el,v1,documentation,28,390,0.6031,0.4165
1406,2026-05-02,en-el,v1,documentation,32,401,0.451,0.5517
1407,2026-05-02,en-pt,v1,documentation,23,365,0.3121,0.6709
1408,2026-05-02,en-zh,v1,support_ticket,36,376,0.8285,0.1368
1409,2026-05-02,en-de,v1,legal,46,341,0.5622,0.4429
1410,2026-05-02,en-ja,v1,documentation,16,517,0.8555,0.1379
1411,2026-05-02,en-ja,v1,legal,32,412,0.95,0.05
1412,2026-05-02,en-el,v1,documentation,59,484,0.5835,0.4034
1413,2026-05-03,en-el,v1,support_ticket,17,297,0.5381,0.4751
1414,2026-05-03,en-fr,v1,documentation,47,342,0.4555,0.5094
1415,2026-05-03,en-ja,v1,marketing,19,419,0.8761,0.1333
1416,2026-05-03,en-el,v1,marketing,19,303,0.5931,0.4109
1417,2026-05-03,en-de,v1,marketing,14,505,0.5266,0.4723
1418,2026-05-03,en-de,v1,legal,52,493,0.6373,0.3465
1419,2026-05-03,en-el,v1,marketing,26,353,0.6309,0.4457
1420,2026-05-03,en-de,v1,support_ticket,24,408,0.442,0.5524
1421,2026-05-03,en-el,v1,support_ticket,14,406,0.6018,0.4161
1422,2026-05-03,en-zh,v1,legal,40,410,0.9403,0.05
1423,2026-05-03,en-de,v1,legal,31,366,0.5615,0.4817
1424,2026-05-03,en-fr,v1,marketing,25,337,0.4559,0.5032
1425,2026-05-03,en-pt,v1,legal,30,426,0.5026,0.5087
1426,2026-05-03,en-pt,v1,support_ticket,15,382,0.3397,0.5778
1427,2026-05-03,en-pt,v1,legal,33,503,0.5135,0.487
1428,2026-05-03,en-ja,v1,support_ticket,38,419,0.8672,0.153
1429,2026-05-03,en-es,v1,marketing,26,544,0.4156,0.6481
1430,2026-05-03,en-zh,v1,support_ticket,33,341,0.7991,0.2386
1431,2026-05-03,en-de,v1,support_ticket,20,276,0.4205,0.5738
1432,2026-05-03,en-el,v1,marketing,25,443,0.6585,0.2966
1433,2026-05-03,en-de,v1,documentation,43,547,0.5435,0.4057
1434,2026-05-03,en-fr,v1,support_ticket,23,405,0.3581,0.6727
1435,2026-05-03,en-ja,v1,legal,33,398,0.95,0.05
1436,2026-05-03,en-ja,v1,support_ticket,16,416,0.8993,0.1326
1437,2026-05-03,en-it,v1,marketing,17,419,0.4072,0.6142
1438,2026-05-03,en-el,v1,documentation,26,385,0.5792,0.4464
1439,2026-05-03,en-de,v1,marketing,30,331,0.4931,0.4884
1440,2026-05-03,en-zh,v1,marketing,22,391,0.9248,0.0636
1441,2026-05-03,en-ja,v1,marketing,32,340,0.95,0.0739
1442,2026-05-03,en-el,v1,legal,39,484,0.7456,0.2388
1443,2026-05-03,en-fr,v1,documentation,45,335,0.4484,0.5178
1444,2026-05-03,en-el,v1,support_ticket,20,318,0.5127,0.4544
1445,2026-05-03,en-zh,v1,support_ticket,17,455,0.8178,0.2503
1446,2026-05-03,en-it,v1,legal,35,398,0.4421,0.5099
1447,2026-05-03,en-es,v1,documentation,26,524,0.2571,0.7268
1448,2026-05-03,en-el,v1,documentation,27,375,0.5966,0.3872
1449,2026-05-03,en-fr,v1,legal,59,414,0.6221,0.3938
1450,2026-05-03,en-fr,v1,marketing,17,455,0.3775,0.6238
1451,2026-05-03,en-ja,v1,documentation,54,518,0.9007,0.0986
1452,2026-05-04,en-es,v1,support_ticket,12,440,0.2937,0.7266
1453,2026-05-04,en-ja,v1,support_ticket,12,354,0.9423,0.1005
1454,2026-05-04,en-it,v1,documentation,32,370,0.4081,0.6396
1455,2026-05-04,en-it,v1,support_ticket,20,514,0.3696,0.6264
1456,2026-05-04,en-de,v1,legal,38,449,0.6394,0.3286
1457,2026-05-04,en-it,v1,support_ticket,16,428,0.3461,0.6517
1458,2026-05-04,en-it,v1,support_ticket,21,428,0.326,0.6547
1459,2026-05-04,en-it,v1,documentation,21,389,0.3262,0.735
1460,2026-05-04,en-fr,v1,marketing,20,440,0.4612,0.5759
1461,2026-05-04,en-de,v1,marketing,19,425,0.4336,0.5426
1462,2026-05-04,en-de,v1,documentation,19,318,0.4457,0.5587
1463,2026-05-04,en-fr,v1,documentation,52,488,0.4665,0.5803
1464,2026-05-04,en-it,v1,marketing,30,464,0.3991,0.5861
1465,2026-05-04,en-it,v1,support_ticket,30,432,0.4062,0.5978
1466,2026-05-04,en-fr,v1,support_ticket,24,432,0.3844,0.6409
1467,2026-05-04,en-ja,v1,legal,29,518,0.95,0.05
1468,2026-05-04,en-es,v1,documentation,45,388,0.2995,0.7115
1469,2026-05-04,en-es,v1,documentation,51,442,0.4526,0.5738
1470,2026-05-04,en-it,v1,documentation,42,426,0.3908,0.5902
1471,2026-05-04,en-ja,v1,support_ticket,35,362,0.8891,0.1492
1472,2026-05-04,en-pt,v1,marketing,20,445,0.3915,0.576
1473,2026-05-04,en-ja,v1,marketing,31,337,0.95,0.0559
1474,2026-05-04,en-it,v1,legal,35,504,0.5148,0.5037
1475,2026-05-04,en-pt,v1,legal,33,348,0.5476,0.4465
1476,2026-05-04,en-zh,v1,documentation,50,447,0.9326,0.0553
1477,2026-05-04,en-el,v1,marketing,25,461,0.6631,0.3399
1478,2026-05-04,en-fr,v1,support_ticket,17,387,0.3329,0.6666
1479,2026-05-04,en-el,v1,support_ticket,20,500,0.4656,0.5329
1480,2026-05-04,en-fr,v1,marketing,23,274,0.5037,0.4716
1481,2026-05-04,en-pt,v1,marketing,15,463,0.3701,0.6159
1482,2026-05-04,en-it,v1,legal,32,465,0.4491,0.5584
1483,2026-05-04,en-el,v1,marketing,13,328,0.6637,0.3738
1484,2026-05-04,en-ja,v1,support_ticket,29,371,0.8615,0.1321
1485,2026-05-04,en-it,v1,documentation,43,357,0.4367,0.5836
1486,2026-05-04,en-el,v1,documentation,59,483,0.6531,0.3612
1487,2026-05-04,en-it,v1,support_ticket,21,405,0.3407,0.6726
1488,2026-05-04,en-fr,v1,marketing,20,375,0.442,0.5909
1489,2026-05-04,en-ja,v1,support_ticket,20,422,0.7916,0.2025
1490,2026-05-04,en-ja,v1,legal,83,462,0.95,0.1156
1491,2026-05-04,en-pt,v1,support_ticket,14,395,0.2437,0.7357
1492,2026-05-04,en-el,v1,marketing,16,449,0.6054,0.3575
1493,2026-05-04,en-es,v1,documentation,32,433,0.4426,0.509
1494,2026-05-04,en-pt,v1,marketing,21,347,0.4169,0.6359
1495,2026-05-04,en-ja,v1,support_ticket,23,522,0.9045,0.1123
1496,2026-05-04,en-de,v1,marketing,26,429,0.5066,0.4546
1497,2026-05-04,en-it,v1,documentation,39,449,0.3209,0.6545
1498,2026-05-04,en-pt,v1,support_ticket,19,424,0.2669,0.7056
1499,2026-05-04,en-it,v1,documentation,33,359,0.4091,0.5522
1500,2026-05-04,en-zh,v1,legal,32,470,0.9405,0.0753
1501,2026-05-04,en-el,v1,support_ticket,16,474,0.5899,0.3974
1502,2026-05-04,en-pt,v1,marketing,11,426,0.3672,0.6463
1503,2026-05-04,en-de,v1,support_ticket,22,402,0.4176,0.5696
1504,2026-05-04,en-it,v1,legal,55,349,0.5764,0.3936
1505,2026-05-04,en-de,v1,legal,50,433,0.6165,0.3494
1506,2026-05-05,en-ja,v1,marketing,14,388,0.9475,0.0919
1507,2026-05-05,en-el,v1,support_ticket,23,375,0.5533,0.4525
1508,2026-05-05,en-ja,v1,support_ticket,24,427,0.8779,0.1231
1509,2026-05-05,en-zh,v1,documentation,55,399,0.8644,0.1556
1510,2026-05-05,en-pt,v1,marketing,47,487,0.5151,0.4757
1511,2026-05-05,en-el,v1,support_ticket,19,444,0.5495,0.4626
1512,2026-05-05,en-de,v1,legal,45,470,0.6551,0.3147
1513,2026-05-05,en-pt,v1,marketing,14,408,0.4261,0.6209
1514,2026-05-05,en-zh,v1,marketing,22,415,0.8857,0.1063
1515,2026-05-05,en-ja,v1,support_ticket,18,384,0.915,0.102
1516,2026-05-05,en-fr,v1,marketing,21,457,0.3889,0.5959
1517,2026-05-05,en-ja,v1,documentation,22,475,0.8905,0.0853
1518,2026-05-05,en-es,v1,documentation,41,540,0.273,0.7429
1519,2026-05-05,en-es,v1,documentation,33,460,0.279,0.704
1520,2026-05-05,en-it,v1,marketing,16,373,0.4407,0.5852
1521,2026-05-05,en-zh,v1,support_ticket,48,517,0.95,0.0883
1522,2026-05-05,en-es,v1,marketing,17,510,0.3426,0.6913
1523,2026-05-05,en-fr,v1,documentation,22,310,0.3386,0.6897
1524,2026-05-05,en-fr,v1,support_ticket,16,434,0.2758,0.7142
1525,2026-05-05,en-ja,v1,support_ticket,14,276,0.8209,0.1135
1526,2026-05-05,en-it,v1,marketing,18,402,0.3979,0.6283
1527,2026-05-05,en-pt,v1,support_ticket,23,385,0.3269,0.6573
1528,2026-05-05,en-ja,v1,legal,56,427,0.95,0.0915
1529,2026-05-05,en-de,v1,marketing,24,391,0.4494,0.5515
1530,2026-05-05,en-ja,v1,documentation,33,372,0.95,0.05
1531,2026-05-05,en-pt,v1,documentation,37,446,0.443,0.5969
1532,2026-05-05,en-fr,v1,support_ticket,20,449,0.2978,0.6906
1533,2026-05-05,en-pt,v1,marketing,21,466,0.371,0.6146
1534,2026-05-05,en-it,v1,support_ticket,23,430,0.3759,0.6464
1535,2026-05-05,en-es,v1,support_ticket,12,414,0.3454,0.6783
1536,2026-05-05,en-de,v1,marketing,13,401,0.532,0.4961
1537,2026-05-05,en-zh,v1,support_ticket,31,437,0.8665,0.1222
1538,2026-05-05,en-fr,v1,support_ticket,21,422,0.3764,0.6273
1539,2026-05-05,en-de,v1,marketing,27,432,0.5411,0.4379
1540,2026-05-05,en-es,v1,marketing,24,353,0.4637,0.5656
1541,2026-05-05,en-el,v1,documentation,24,507,0.6001,0.4078
1542,2026-05-05,en-fr,v1,legal,78,340,0.6678,0.3925
1543,2026-05-05,en-fr,v1,marketing,15,450,0.3912,0.6005
1544,2026-05-05,en-de,v1,legal,39,443,0.5573,0.4267
1545,2026-05-05,en-fr,v1,support_ticket,13,462,0.3212,0.697
1546,2026-05-05,en-ja,v1,marketing,18,444,0.95,0.05
1547,2026-05-05,en-it,v1,support_ticket,37,322,0.3917,0.6144
1548,2026-05-05,en-fr,v1,marketing,18,425,0.4348,0.571
1549,2026-05-06,en-el,v1,documentation,54,398,0.6097,0.3702
1550,2026-05-06,en-pt,v1,documentation,38,447,0.4674,0.5532
1551,2026-05-06,en-de,v1,documentation,49,509,0.5929,0.4313
1552,2026-05-06,en-fr,v1,marketing,19,333,0.4136,0.5526
1553,2026-05-06,en-de,v1,support_ticket,13,400,0.4008,0.564
1554,2026-05-06,en-es,v1,marketing,16,475,0.3823,0.5607
1555,2026-05-06,en-pt,v1,support_ticket,22,387,0.3432,0.6293
1556,2026-05-06,en-zh,v1,marketing,15,400,0.95,0.05
1557,2026-05-06,en-zh,v1,support_ticket,26,463,0.8641,0.1446
1558,2026-05-06,en-de,v1,support_ticket,22,439,0.3991,0.6618
1559,2026-05-06,en-pt,v1,documentation,47,404,0.3584,0.67
1560,2026-05-06,en-ja,v1,support_ticket,16,550,0.8382,0.1646
1561,2026-05-06,en-it,v1,marketing,19,476,0.4238,0.617
1562,2026-05-06,en-es,v1,marketing,15,412,0.4487,0.5365
1563,2026-05-06,en-el,v1,legal,41,347,0.7221,0.2511
1564,2026-05-06,en-pt,v1,support_ticket,22,377,0.2815,0.6866
1565,2026-05-06,en-es,v1,support_ticket,15,445,0.2237,0.7223
1566,2026-05-06,en-pt,v1,marketing,31,311,0.5228,0.4861
1567,2026-05-06,en-de,v1,legal,46,455,0.6803,0.2983
1568,2026-05-06,en-fr,v1,documentation,15,370,0.3136,0.6887
1569,2026-05-06,en-fr,v1,marketing,16,452,0.441,0.5635
1570,2026-05-06,en-de,v1,documentation,40,386,0.5172,0.481
1571,2026-05-06,en-it,v1,legal,90,399,0.5697,0.4018
1572,2026-05-06,en-pt,v1,support_ticket,18,397,0.2925,0.7104
1573,2026-05-06,en-el,v1,documentation,10,421,0.5076,0.5236
1574,2026-05-06,en-de,v1,legal,44,353,0.6567,0.3663
1575,2026-05-06,en-ja,v1,support_ticket,20,430,0.933,0.1119
1576,2026-05-06,en-el,v1,marketing,25,433,0.6032,0.4033
1577,2026-05-06,en-it,v1,support_ticket,16,523,0.3696,0.6129
1578,2026-05-06,en-ja,v1,legal,57,412,0.95,0.0667
1579,2026-05-06,en-de,v1,marketing,17,421,0.5786,0.3843
1580,2026-05-06,en-ja,v1,documentation,36,326,0.8692,0.1499
1581,2026-05-06,en-ja,v1,marketing,19,456,0.95,0.0681
1582,2026-05-06,en-de,v1,legal,46,451,0.6142,0.3735
1583,2026-05-06,en-it,v1,support_ticket,22,487,0.4129,0.5836
1584,2026-05-06,en-it,v1,marketing,6,338,0.3903,0.6163
1585,2026-05-06,en-ja,v1,support_ticket,35,556,0.9063,0.1007
1586,2026-05-06,en-el,v1,marketing,14,455,0.5882,0.3834
1587,2026-05-06,en-el,v1,legal,41,458,0.749,0.286
1588,2026-05-06,en-es,v1,documentation,53,336,0.3511,0.6125
1589,2026-05-06,en-fr,v1,support_ticket,17,407,0.321,0.6961
1590,2026-05-06,en-ja,v1,documentation,29,385,0.842,0.1934
1591,2026-05-06,en-fr,v1,documentation,53,505,0.4162,0.6259
1592,2026-05-06,en-el,v1,documentation,20,443,0.633,0.3573
1593,2026-05-06,en-ja,v1,support_ticket,34,439,0.8752,0.0892
1594,2026-05-06,en-it,v1,legal,47,411,0.5601,0.4323
1595,2026-05-06,en-de,v1,marketing,30,453,0.5199,0.493
1596,2026-05-06,en-zh,v1,documentation,20,373,0.7714,0.1644
1597,2026-05-06,en-es,v1,support_ticket,21,310,0.2239,0.776
1598,2026-05-06,en-zh,v1,support_ticket,17,391,0.8514,0.1503
1599,2026-05-06,en-de,v1,legal,37,422,0.6663,0.3664
1600,2026-05-06,en-fr,v1,marketing,29,446,0.4848,0.5191
1601,2026-05-07,en-zh,v1,support_ticket,18,407,0.8582,0.0969
1602,2026-05-07,en-de,v1,support_ticket,27,438,0.3857,0.6184
1603,2026-05-07,en-ja,v1,legal,55,257,0.95,0.05
1604,2026-05-07,en-pt,v1,support_ticket,39,399,0.3062,0.6469
1605,2026-05-07,en-it,v1,marketing,25,429,0.4683,0.5731
1606,2026-05-07,en-pt,v1,documentation,41,466,0.3668,0.6577
1607,2026-05-07,en-el,v1,support_ticket,19,519,0.5685,0.409
1608,2026-05-07,en-el,v1,support_ticket,26,533,0.5115,0.5012
1609,2026-05-07,en-de,v1,documentation,64,414,0.5198,0.4426
1610,2026-05-07,en-it,v1,marketing,23,403,0.4664,0.5306
1611,2026-05-07,en-el,v1,documentation,23,461,0.5467,0.3998
1612,2026-05-07,en-fr,v1,marketing,17,505,0.3901,0.5751
1613,2026-05-07,en-el,v1,marketing,18,329,0.5964,0.4194
1614,2026-05-07,en-de,v1,support_ticket,17,497,0.4486,0.5845
1615,2026-05-07,en-el,v1,documentation,14,508,0.5326,0.5044
1616,2026-05-07,en-ja,v1,documentation,29,334,0.95,0.05
1617,2026-05-07,en-it,v1,documentation,30,511,0.3218,0.692
1618,2026-05-07,en-zh,v1,support_ticket,45,503,0.8814,0.1454
1619,2026-05-07,en-zh,v1,marketing,15,507,0.95,0.05
1620,2026-05-07,en-it,v1,marketing,12,339,0.4318,0.5542
1621,2026-05-07,en-es,v1,documentation,29,359,0.3493,0.6979
1622,2026-05-07,en-pt,v1,documentation,33,525,0.3378,0.6449
1623,2026-05-07,en-ja,v1,documentation,45,462,0.8868,0.1307
1624,2026-05-07,en-fr,v1,documentation,55,368,0.4425,0.6208
1625,2026-05-07,en-es,v1,documentation,21,517,0.3579,0.6478
1626,2026-05-07,en-es,v1,support_ticket,18,466,0.2307,0.7229
1627,2026-05-07,en-ja,v1,documentation,41,410,0.95,0.0671
1628,2026-05-07,en-de,v1,support_ticket,14,456,0.4304,0.5964
1629,2026-05-07,en-fr,v1,marketing,11,419,0.4586,0.527
1630,2026-05-07,en-it,v1,documentation,47,360,0.3537,0.6365
1631,2026-05-07,en-es,v1,support_ticket,31,501,0.2737,0.7668
1632,2026-05-07,en-es,v1,documentation,34,515,0.4155,0.5584
1633,2026-05-07,en-fr,v1,documentation,16,394,0.3334,0.7011
1634,2026-05-07,en-pt,v1,support_ticket,13,450,0.3413,0.6085
1635,2026-05-07,en-pt,v1,marketing,14,409,0.4517,0.5097
1636,2026-05-07,en-de,v1,marketing,17,533,0.4427,0.5875
1637,2026-05-07,en-el,v1,support_ticket,19,352,0.5337,0.476
1638,2026-05-07,en-zh,v1,support_ticket,14,518,0.7547,0.2471
1639,2026-05-07,en-it,v1,support_ticket,10,447,0.2881,0.7177
1640,2026-05-07,en-zh,v1,marketing,20,380,0.95,0.05
1641,2026-05-07,en-de,v1,marketing,12,256,0.5332,0.4534
1642,2026-05-07,en-pt,v1,support_ticket,30,323,0.2711,0.772
1643,2026-05-07,en-pt,v1,documentation,36,426,0.3197,0.6459
1644,2026-05-07,en-it,v1,legal,56,267,0.5414,0.408
1645,2026-05-07,en-it,v1,documentation,24,459,0.3433,0.7012
1646,2026-05-07,en-el,v1,support_ticket,22,385,0.4968,0.5156
1647,2026-05-07,en-pt,v1,legal,101,489,0.6297,0.3381
1648,2026-05-07,en-el,v1,legal,55,422,0.7785,0.2937
1649,2026-05-07,en-pt,v1,documentation,52,525,0.4444,0.5125
1650,2026-05-08,en-es,v1,documentation,28,493,0.3753,0.5901
1651,2026-05-08,en-fr,v1,legal,44,626,0.5884,0.4241
1652,2026-05-08,en-ja,v1,support_ticket,13,363,0.8379,0.1762
1653,2026-05-08,en-zh,v1,legal,96,412,0.95,0.0692
1654,2026-05-08,en-pt,v1,support_ticket,34,483,0.3743,0.6058
1655,2026-05-08,en-de,v1,legal,81,365,0.6349,0.3898
1656,2026-05-08,en-fr,v1,documentation,41,385,0.4602,0.5269
1657,2026-05-08,en-es,v1,documentation,29,375,0.3218,0.6701
1658,2026-05-08,en-el,v1,documentation,67,440,0.6298,0.3529
1659,2026-05-08,en-fr,v1,documentation,20,431,0.3057,0.7266
1660,2026-05-08,en-pt,v1,support_ticket,18,404,0.2535,0.7788
1661,2026-05-08,en-zh,v1,documentation,58,374,0.9456,0.0592
1662,2026-05-08,en-ja,v1,documentation,40,337,0.95,0.0553
1663,2026-05-08,en-de,v1,support_ticket,29,401,0.464,0.564
1664,2026-05-08,en-es,v1,marketing,11,415,0.2537,0.7216
1665,2026-05-08,en-de,v1,legal,38,358,0.6262,0.3861
1666,2026-05-08,en-zh,v1,marketing,17,477,0.9393,0.0635
1667,2026-05-08,en-el,v1,documentation,43,409,0.5415,0.4469
1668,2026-05-08,en-ja,v1,documentation,24,451,0.8067,0.2223
1669,2026-05-08,en-pt,v1,support_ticket,32,394,0.3768,0.5949
1670,2026-05-08,en-it,v1,support_ticket,23,409,0.3518,0.6157
1671,2026-05-08,en-de,v1,support_ticket,23,520,0.4325,0.5488
1672,2026-05-08,en-pt,v1,legal,37,494,0.5524,0.4388
1673,2026-05-08,en-es,v1,marketing,13,487,0.3857,0.642
1674,2026-05-08,en-fr,v1,documentation,33,389,0.4017,0.6691
1675,2026-05-08,en-it,v1,support_ticket,33,480,0.3561,0.5939
1676,2026-05-08,en-el,v1,support_ticket,31,373,0.6182,0.3551
1677,2026-05-08,en-es,v1,support_ticket,20,387,0.3594,0.5816
1678,2026-05-08,en-zh,v1,documentation,35,402,0.7836,0.1746
1679,2026-05-08,en-zh,v1,documentation,24,362,0.8516,0.1392
1680,2026-05-08,en-fr,v1,legal,40,363,0.5271,0.5073
1681,2026-05-08,en-fr,v1,support_ticket,21,471,0.3228,0.7133
1682,2026-05-08,en-ja,v1,documentation,72,497,0.946,0.0585
1683,2026-05-08,en-es,v1,marketing,17,364,0.4219,0.5711
1684,2026-05-08,en-ja,v1,legal,31,351,0.95,0.05
1685,2026-05-08,en-es,v1,documentation,69,448,0.353,0.6472
1686,2026-05-08,en-ja,v1,support_ticket,28,430,0.8826,0.0951
1687,2026-05-08,en-el,v1,documentation,45,390,0.5915,0.4016
1688,2026-05-08,en-es,v1,marketing,28,493,0.5855,0.3975
1689,2026-05-09,en-ja,v1,documentation,25,416,0.8358,0.1885
1690,2026-05-09,en-it,v1,legal,58,504,0.5769,0.3808
1691,2026-05-09,en-fr,v1,legal,28,416,0.4187,0.5473
1692,2026-05-09,en-it,v1,support_ticket,20,445,0.3021,0.6884
1693,2026-05-09,en-fr,v1,legal,45,318,0.5091,0.4857
1694,2026-05-09,en-pt,v1,marketing,21,504,0.3425,0.6623
1695,2026-05-09,en-el,v1,documentation,24,419,0.5744,0.405
1696,2026-05-09,en-zh,v1,support_ticket,12,440,0.7496,0.2503
1697,2026-05-09,en-es,v1,support_ticket,15,413,0.3334,0.6383
1698,2026-05-09,en-fr,v1,marketing,14,412,0.4369,0.5585
1699,2026-05-09,en-fr,v1,marketing,11,371,0.4309,0.5385
1700,2026-05-09,en-el,v1,documentation,37,385,0.5486,0.4705
1701,2026-05-09,en-fr,v1,documentation,46,335,0.3407,0.6439
1702,2026-05-09,en-es,v1,legal,61,308,0.5785,0.4262
1703,2026-05-09,en-it,v1,support_ticket,16,391,0.337,0.6891
1704,2026-05-09,en-es,v1,support_ticket,16,438,0.2916,0.6749
1705,2026-05-09,en-el,v1,documentation,32,391,0.5303,0.4651
1706,2026-05-09,en-ja,v1,support_ticket,19,515,0.84,0.1725
1707,2026-05-09,en-el,v1,marketing,18,393,0.5688,0.4216
1708,2026-05-09,en-fr,v1,marketing,15,385,0.4215,0.6673
1709,2026-05-09,en-zh,v1,marketing,8,465,0.818,0.2221
1710,2026-05-09,en-it,v1,support_ticket,28,404,0.3515,0.654
1711,2026-05-09,en-pt,v1,support_ticket,25,409,0.302,0.7574
1712,2026-05-09,en-es,v1,marketing,24,436,0.4543,0.549
1713,2026-05-09,en-de,v1,marketing,23,378,0.5394,0.4722
1714,2026-05-09,en-de,v1,documentation,89,477,0.5107,0.4634
1715,2026-05-09,en-ja,v1,support_ticket,54,376,0.9117,0.0878
1716,2026-05-09,en-es,v1,support_ticket,18,340,0.3444,0.6014
1717,2026-05-09,en-ja,v1,support_ticket,12,328,0.9183,0.0505
1718,2026-05-09,en-de,v1,support_ticket,12,359,0.4918,0.5023
1719,2026-05-09,en-zh,v1,marketing,23,370,0.9483,0.05
1720,2026-05-09,en-it,v1,marketing,11,374,0.5083,0.4914
1721,2026-05-09,en-it,v1,marketing,11,361,0.3782,0.6094
1722,2026-05-09,en-ja,v1,legal,34,373,0.95,0.05
1723,2026-05-09,en-zh,v1,documentation,49,414,0.9122,0.05
1724,2026-05-09,en-ja,v1,support_ticket,34,368,0.9289,0.0542
1725,2026-05-09,en-el,v1,legal,35,402,0.7182,0.3442
1726,2026-05-09,en-es,v1,support_ticket,27,455,0.3185,0.6711
1727,2026-05-09,en-ja,v1,legal,55,427,0.95,0.1022
1728,2026-05-09,en-zh,v1,marketing,16,374,0.8467,0.1038
1729,2026-05-09,en-pt,v1,marketing,12,488,0.4076,0.5722
1730,2026-05-09,en-el,v1,marketing,15,466,0.7233,0.2687
1731,2026-05-09,en-es,v1,documentation,34,394,0.3709,0.645
1732,2026-05-09,en-de,v1,legal,54,463,0.5924,0.4072
1733,2026-05-09,en-ja,v1,documentation,36,461,0.8442,0.1484
1734,2026-05-09,en-el,v1,legal,33,374,0.6016,0.3618
1735,2026-05-09,en-zh,v1,documentation,34,402,0.907,0.0876
1736,2026-05-09,en-es,v1,legal,53,517,0.4949,0.4963
1737,2026-05-09,en-de,v1,marketing,6,426,0.5135,0.4894
1738,2026-05-09,en-es,v1,support_ticket,19,458,0.3383,0.6547
1739,2026-05-09,en-ja,v1,support_ticket,21,431,0.8498,0.1094
1740,2026-05-09,en-pt,v1,documentation,24,409,0.2492,0.7991
1741,2026-05-09,en-el,v1,support_ticket,27,444,0.6434,0.3337
1742,2026-05-10,en-ja,v1,documentation,28,479,0.8749,0.1559
1743,2026-05-10,en-ja,v1,support_ticket,18,488,0.892,0.1891
1744,2026-05-10,en-zh,v1,support_ticket,19,379,0.844,0.1518
1745,2026-05-10,en-fr,v1,marketing,18,496,0.4368,0.5634
1746,2026-05-10,en-zh,v1,marketing,16,347,0.8159,0.2032
1747,2026-05-10,en-pt,v1,marketing,9,391,0.3816,0.6471
1748,2026-05-10,en-el,v1,documentation,43,397,0.6569,0.3832
1749,2026-05-10,en-fr,v1,support_ticket,28,454,0.3023,0.7008
1750,2026-05-10,en-es,v1,documentation,34,450,0.3675,0.6126
1751,2026-05-10,en-fr,v1,marketing,17,415,0.4242,0.6237
1752,2026-05-10,en-es,v1,legal,40,417,0.4332,0.5865
1753,2026-05-10,en-pt,v1,documentation,60,477,0.4349,0.5871
1754,2026-05-10,en-it,v1,support_ticket,31,409,0.4381,0.522
1755,2026-05-10,en-de,v1,legal,83,536,0.7677,0.2509
1756,2026-05-10,en-de,v1,support_ticket,13,386,0.4164,0.59
1757,2026-05-10,en-de,v1,marketing,17,256,0.5546,0.4511
1758,2026-05-10,en-de,v1,marketing,34,521,0.5879,0.4171
1759,2026-05-10,en-es,v1,marketing,17,389,0.3773,0.5893
1760,2026-05-10,en-ja,v1,documentation,35,385,0.9013,0.1139
1761,2026-05-10,en-fr,v1,marketing,10,477,0.3671,0.5917
1762,2026-05-10,en-zh,v1,marketing,31,464,0.95,0.0713
1763,2026-05-10,en-ja,v1,support_ticket,18,399,0.9032,0.134
1764,2026-05-10,en-pt,v1,documentation,36,388,0.3576,0.6259
1765,2026-05-10,en-ja,v1,support_ticket,30,485,0.9244,0.05
1766,2026-05-10,en-zh,v1,support_ticket,21,495,0.95,0.05
1767,2026-05-10,en-it,v1,documentation,21,409,0.4141,0.5831
1768,2026-05-10,en-pt,v1,marketing,26,317,0.401,0.6087
1769,2026-05-10,en-fr,v1,legal,72,482,0.6461,0.3726
1770,2026-05-10,en-el,v1,marketing,14,393,0.6229,0.4058
1771,2026-05-10,en-de,v1,marketing,14,455,0.5683,0.4307
1772,2026-05-10,en-ja,v1,documentation,38,407,0.941,0.05
1773,2026-05-10,en-ja,v1,documentation,46,406,0.8894,0.13
1774,2026-05-10,en-it,v1,support_ticket,11,447,0.3134,0.6882
1775,2026-05-10,en-ja,v1,support_ticket,10,387,0.8815,0.0658
1776,2026-05-10,en-it,v1,marketing,27,560,0.4007,0.5742
1777,2026-05-10,en-ja,v1,legal,48,330,0.95,0.1348
1778,2026-05-11,en-pt,v1,documentation,49,487,0.4841,0.4798
1779,2026-05-11,en-es,v1,support_ticket,11,321,0.3381,0.6378
1780,2026-05-11,en-pt,v1,marketing,16,463,0.4784,0.541
1781,2026-05-11,en-es,v1,legal,87,524,0.5739,0.4868
1782,2026-05-11,en-de,v1,documentation,11,486,0.3987,0.629
1783,2026-05-11,en-fr,v1,documentation,31,444,0.2734,0.6701
1784,2026-05-11,en-es,v1,marketing,15,406,0.431,0.5763
1785,2026-05-11,en-zh,v1,legal,59,310,0.95,0.05
1786,2026-05-11,en-el,v1,marketing,14,429,0.6899,0.3171
1787,2026-05-11,en-el,v1,marketing,25,446,0.6584,0.3637
1788,2026-05-11,en-el,v1,marketing,17,454,0.6036,0.397
1789,2026-05-11,en-it,v1,support_ticket,14,339,0.3245,0.6871
1790,2026-05-11,en-zh,v1,legal,54,396,0.95,0.0768
1791,2026-05-11,en-it,v1,marketing,10,329,0.3847,0.5644
1792,2026-05-11,en-zh,v1,documentation,40,419,0.9071,0.0847
1793,2026-05-11,en-zh,v1,support_ticket,18,369,0.7555,0.2471
1794,2026-05-11,en-it,v1,support_ticket,13,334,0.3169,0.6715
1795,2026-05-11,en-de,v1,marketing,24,408,0.5098,0.4773
1796,2026-05-11,en-es,v1,marketing,15,453,0.4108,0.5821
1797,2026-05-11,en-es,v1,marketing,9,378,0.4168,0.6056
1798,2026-05-11,en-ja,v1,documentation,24,440,0.8892,0.1013
1799,2026-05-11,en-zh,v1,support_ticket,26,399,0.8574,0.093
1800,2026-05-11,en-zh,v1,marketing,19,306,0.9243,0.0781
1801,2026-05-11,en-zh,v1,marketing,22,301,0.9303,0.108
1802,2026-05-11,en-pt,v1,legal,36,460,0.5104,0.475
1803,2026-05-11,en-pt,v1,legal,25,296,0.4256,0.5475
1804,2026-05-11,en-pt,v1,support_ticket,23,406,0.2988,0.7154
1805,2026-05-11,en-fr,v1,documentation,28,357,0.4446,0.533
1806,2026-05-11,en-el,v1,marketing,14,456,0.6085,0.4504
1807,2026-05-11,en-es,v1,documentation,34,387,0.4337,0.5265
1808,2026-05-11,en-fr,v1,marketing,20,333,0.4456,0.5526
1809,2026-05-11,en-ja,v1,support_ticket,14,396,0.844,0.1351
1810,2026-05-11,en-pt,v1,marketing,20,321,0.376,0.6318
1811,2026-05-11,en-el,v1,marketing,34,539,0.7398,0.232
1812,2026-05-11,en-el,v1,documentation,45,496,0.5766,0.4235
1813,2026-05-11,en-pt,v1,documentation,20,404,0.359,0.6549
1814,2026-05-11,en-it,v1,marketing,17,408,0.4679,0.4884
1815,2026-05-12,en-es,v1,support_ticket,13,436,0.2565,0.7406
1816,2026-05-12,en-es,v1,support_ticket,19,392,0.3701,0.6249
1817,2026-05-12,en-zh,v1,support_ticket,31,524,0.7227,0.2964
1818,2026-05-12,en-el,v1,marketing,13,420,0.5231,0.4686
1819,2026-05-12,en-de,v1,support_ticket,21,451,0.4117,0.5806
1820,2026-05-12,en-el,v1,documentation,50,485,0.6617,0.3333
1821,2026-05-12,en-de,v1,documentation,26,379,0.4392,0.5602
1822,2026-05-12,en-es,v1,documentation,22,361,0.39,0.61
1823,2026-05-12,en-fr,v1,support_ticket,29,463,0.3861,0.6551
1824,2026-05-12,en-el,v1,support_ticket,11,461,0.4737,0.5075
1825,2026-05-12,en-el,v1,documentation,36,409,0.6206,0.3847
1826,2026-05-12,en-fr,v1,marketing,12,331,0.4705,0.521
1827,2026-05-12,en-it,v1,marketing,30,318,0.3941,0.629
1828,2026-05-12,en-fr,v1,marketing,16,464,0.458,0.5176
1829,2026-05-12,en-el,v1,legal,65,408,0.72,0.2726
1830,2026-05-12,en-it,v1,documentation,34,494,0.3604,0.6234
1831,2026-05-12,en-el,v1,marketing,14,439,0.6282,0.3898
1832,2026-05-12,en-el,v1,support_ticket,45,322,0.5488,0.4196
1833,2026-05-12,en-fr,v1,marketing,18,512,0.5014,0.5138
1834,2026-05-12,en-fr,v1,legal,42,483,0.4715,0.4733
1835,2026-05-12,en-ja,v1,marketing,17,349,0.95,0.05
1836,2026-05-12,en-es,v1,documentation,35,345,0.3301,0.6456
1837,2026-05-12,en-de,v1,support_ticket,26,287,0.399,0.6136
1838,2026-05-12,en-zh,v1,support_ticket,28,360,0.806,0.1986
1839,2026-05-12,en-de,v1,support_ticket,23,314,0.4436,0.5227
1840,2026-05-12,en-el,v1,legal,87,443,0.8787,0.1253
1841,2026-05-12,en-de,v1,documentation,65,386,0.5484,0.3988
1842,2026-05-12,en-it,v1,marketing,17,364,0.3534,0.6082
1843,2026-05-12,en-es,v1,documentation,29,424,0.3875,0.6444
1844,2026-05-12,en-it,v1,legal,139,365,0.6046,0.3646
1845,2026-05-12,en-de,v1,legal,53,429,0.5568,0.4027
1846,2026-05-12,en-pt,v1,documentation,43,355,0.4912,0.5043
1847,2026-05-12,en-fr,v1,documentation,27,390,0.4146,0.6529
1848,2026-05-12,en-de,v1,support_ticket,15,371,0.391,0.633
1849,2026-05-12,en-ja,v1,documentation,28,493,0.9307,0.1107
1850,2026-05-12,en-el,v1,marketing,17,351,0.6483,0.2964
1851,2026-05-12,en-it,v1,documentation,34,434,0.3904,0.6378
1852,2026-05-12,en-pt,v1,documentation,37,426,0.3526,0.6295
1853,2026-05-12,en-el,v1,documentation,37,377,0.5928,0.4378
1854,2026-05-12,en-zh,v1,support_ticket,28,482,0.8497,0.1885
1855,2026-05-12,en-de,v1,legal,65,376,0.6318,0.3666
1856,2026-05-12,en-de,v1,support_ticket,29,391,0.3992,0.5944
1857,2026-05-12,en-pt,v1,marketing,17,393,0.4098,0.567
1858,2026-05-12,en-ja,v1,documentation,16,391,0.8607,0.1518
1859,2026-05-12,en-zh,v1,documentation,33,439,0.9107,0.0538
1860,2026-05-12,en-es,v1,support_ticket,29,415,0.2885,0.7113
1861,2026-05-12,en-zh,v1,documentation,30,374,0.8752,0.1406
1862,2026-05-12,en-fr,v1,documentation,28,366,0.3775,0.5881
1863,2026-05-12,en-it,v1,marketing,7,371,0.4869,0.5057
1864,2026-05-12,en-ja,v1,documentation,33,346,0.9051,0.05
1865,2026-05-12,en-ja,v1,documentation,38,421,0.9033,0.05
1866,2026-05-12,en-pt,v1,support_ticket,23,420,0.4163,0.5554
1867,2026-05-13,en-de,v1,marketing,20,344,0.5212,0.4297
1868,2026-05-13,en-el,v1,support_ticket,22,480,0.5616,0.4464
1869,2026-05-13,en-pt,v1,marketing,19,451,0.4718,0.5506
1870,2026-05-13,en-pt,v1,marketing,17,490,0.4102,0.5194
1871,2026-05-13,en-zh,v1,support_ticket,21,460,0.7608,0.2175
1872,2026-05-13,en-pt,v1,support_ticket,31,442,0.3734,0.6217
1873,2026-05-13,en-it,v1,documentation,46,335,0.3813,0.6357
1874,2026-05-13,en-ja,v1,support_ticket,25,451,0.8704,0.1429
1875,2026-05-13,en-pt,v1,support_ticket,27,394,0.3151,0.6689
1876,2026-05-13,en-zh,v1,support_ticket,35,375,0.9378,0.05
1877,2026-05-13,en-el,v1,documentation,31,384,0.5185,0.469
1878,2026-05-13,en-el,v1,documentation,54,401,0.6372,0.351
1879,2026-05-13,en-el,v1,marketing,23,404,0.6724,0.3329
1880,2026-05-13,en-de,v1,legal,32,405,0.5537,0.4661
1881,2026-05-13,en-it,v1,support_ticket,13,398,0.2956,0.7282
1882,2026-05-13,en-zh,v1,marketing,10,410,0.9168,0.0636
1883,2026-05-13,en-it,v1,documentation,51,369,0.3823,0.6553
1884,2026-05-13,en-it,v1,support_ticket,25,399,0.3509,0.674
1885,2026-05-13,en-ja,v1,support_ticket,32,498,0.8467,0.1426
1886,2026-05-13,en-ja,v1,documentation,46,404,0.95,0.0751
1887,2026-05-13,en-de,v1,documentation,28,444,0.4181,0.5794
1888,2026-05-13,en-pt,v1,documentation,29,335,0.4241,0.5704
1889,2026-05-13,en-de,v1,support_ticket,15,526,0.3856,0.6187
1890,2026-05-13,en-de,v1,documentation,19,381,0.4034,0.5899
1891,2026-05-13,en-pt,v1,support_ticket,21,517,0.3687,0.5744
1892,2026-05-13,en-it,v1,legal,50,520,0.5001,0.5012
1893,2026-05-13,en-it,v1,marketing,31,444,0.4668,0.5107
1894,2026-05-13,en-de,v1,support_ticket,47,436,0.516,0.4547
1895,2026-05-13,en-it,v1,documentation,21,386,0.282,0.7767
1896,2026-05-13,en-ja,v1,marketing,14,424,0.8812,0.1237
1897,2026-05-13,en-ja,v1,marketing,24,453,0.95,0.05
1898,2026-05-13,en-zh,v1,support_ticket,25,424,0.8495,0.1743
1899,2026-05-13,en-zh,v1,documentation,24,333,0.8278,0.1599
1900,2026-05-13,en-fr,v1,support_ticket,23,438,0.4038,0.5801
1901,2026-05-13,en-de,v1,support_ticket,28,412,0.4937,0.4569
1902,2026-05-13,en-ja,v1,support_ticket,9,455,0.9233,0.0577
1903,2026-05-14,en-el,v1,marketing,12,374,0.5542,0.4492
1904,2026-05-14,en-es,v1,legal,72,420,0.637,0.3936
1905,2026-05-14,en-de,v1,documentation,27,382,0.4112,0.56
1906,2026-05-14,en-de,v1,documentation,43,316,0.5647,0.3967
1907,2026-05-14,en-zh,v1,documentation,26,407,0.8795,0.0988
1908,2026-05-14,en-pt,v1,documentation,48,371,0.3992,0.609
1909,2026-05-14,en-pt,v1,marketing,15,434,0.4491,0.5819
1910,2026-05-14,en-de,v1,support_ticket,25,482,0.4097,0.6043
1911,2026-05-14,en-de,v1,marketing,22,414,0.5381,0.4542
1912,2026-05-14,en-de,v1,marketing,21,438,0.5744,0.4117
1913,2026-05-14,en-it,v1,legal,85,478,0.6056,0.4026
1914,2026-05-14,en-es,v1,support_ticket,21,361,0.287,0.7648
1915,2026-05-14,en-ja,v1,documentation,56,445,0.95,0.0514
1916,2026-05-14,en-fr,v1,legal,44,390,0.5764,0.4138
1917,2026-05-14,en-it,v1,documentation,18,404,0.3676,0.6132
1918,2026-05-14,en-ja,v1,documentation,44,431,0.95,0.0828
1919,2026-05-14,en-ja,v1,documentation,28,449,0.9222,0.0533
1920,2026-05-14,en-pt,v1,marketing,8,437,0.3931,0.5714
1921,2026-05-14,en-ja,v1,support_ticket,35,356,0.9242,0.0896
1922,2026-05-14,en-de,v1,support_ticket,18,426,0.3501,0.6199
1923,2026-05-14,en-de,v1,documentation,64,428,0.4444,0.5985
1924,2026-05-14,en-zh,v1,support_ticket,20,378,0.8019,0.2055
1925,2026-05-14,en-fr,v1,documentation,41,359,0.4028,0.6281
1926,2026-05-14,en-pt,v1,marketing,12,362,0.3418,0.6746
1927,2026-05-14,en-de,v1,support_ticket,19,475,0.3759,0.6075
1928,2026-05-14,en-ja,v1,documentation,20,480,0.8544,0.1242
1929,2026-05-14,en-zh,v1,support_ticket,18,524,0.8073,0.1576
1930,2026-05-14,en-el,v1,marketing,26,397,0.6025,0.4017
1931,2026-05-14,en-ja,v1,documentation,54,410,0.95,0.0534
1932,2026-05-14,en-zh,v1,documentation,45,512,0.8675,0.172
1933,2026-05-14,en-el,v1,marketing,12,423,0.5853,0.3616
1934,2026-05-14,en-zh,v1,support_ticket,34,379,0.8809,0.0952
1935,2026-05-14,en-pt,v1,documentation,40,485,0.4071,0.559
1936,2026-05-14,en-pt,v1,support_ticket,19,471,0.3131,0.7161
1937,2026-05-14,en-es,v1,documentation,33,315,0.3511,0.6891
1938,2026-05-14,en-de,v1,documentation,41,345,0.5131,0.4592
1939,2026-05-14,en-ja,v1,marketing,14,485,0.9493,0.0787
1940,2026-05-14,en-de,v1,marketing,31,410,0.591,0.3733
1941,2026-05-14,en-es,v1,support_ticket,31,332,0.3689,0.6241
1942,2026-05-14,en-pt,v1,support_ticket,22,359,0.2916,0.7616
1943,2026-05-14,en-zh,v1,documentation,38,369,0.9314,0.0734
1944,2026-05-14,en-pt,v1,marketing,29,382,0.4568,0.5451
1945,2026-05-14,en-fr,v1,marketing,24,404,0.4431,0.5818
1946,2026-05-14,en-de,v1,legal,57,450,0.7393,0.2698
1947,2026-05-14,en-it,v1,legal,67,384,0.4875,0.5132
1948,2026-05-14,en-it,v1,documentation,29,486,0.4553,0.5242
1949,2026-05-14,en-ja,v1,support_ticket,28,302,0.8788,0.1243
1950,2026-05-14,en-es,v1,support_ticket,30,397,0.3417,0.7179
1951,2026-05-14,en-it,v1,legal,39,332,0.5585,0.4276
1952,2026-05-14,en-de,v1,legal,38,383,0.6613,0.3603
1953,2026-05-14,en-fr,v1,documentation,49,426,0.4564,0.5661
1954,2026-05-14,en-es,v1,legal,38,358,0.4618,0.568
1955,2026-05-14,en-fr,v1,marketing,8,452,0.3896,0.6084
1956,2026-05-14,en-es,v1,documentation,29,440,0.3981,0.6195
1957,2026-05-15,en-it,v1,legal,56,442,0.5282,0.4955
1958,2026-05-15,en-it,v1,documentation,24,393,0.3235,0.6822
1959,2026-05-15,en-es,v1,marketing,12,294,0.3492,0.5573
1960,2026-05-15,en-de,v1,support_ticket,41,428,0.4285,0.5276
1961,2026-05-15,en-it,v1,support_ticket,14,409,0.3149,0.6927
1962,2026-05-15,en-es,v1,marketing,18,339,0.3658,0.5893
1963,2026-05-15,en-pt,v1,support_ticket,19,416,0.2333,0.7292
1964,2026-05-15,en-ja,v1,support_ticket,27,362,0.9365,0.0658
1965,2026-05-15,en-pt,v1,documentation,36,340,0.3862,0.6304
1966,2026-05-15,en-zh,v1,support_ticket,30,440,0.8751,0.1442
1967,2026-05-15,en-it,v1,documentation,59,429,0.446,0.582
1968,2026-05-15,en-pt,v1,support_ticket,26,347,0.3257,0.6893
1969,2026-05-15,en-ja,v1,support_ticket,12,267,0.896,0.092
1970,2026-05-15,en-it,v1,support_ticket,22,317,0.3793,0.6228
1971,2026-05-15,en-ja,v1,marketing,34,397,0.9494,0.05
1972,2026-05-15,en-it,v1,marketing,18,388,0.41,0.5731
1973,2026-05-15,en-zh,v1,support_ticket,14,398,0.7934,0.1839
1974,2026-05-15,en-fr,v1,documentation,28,549,0.3735,0.6901
1975,2026-05-15,en-it,v1,support_ticket,15,483,0.2798,0.7082
1976,2026-05-15,en-pt,v1,marketing,17,451,0.4443,0.5381
1977,2026-05-15,en-ja,v1,support_ticket,16,384,0.9203,0.0654
1978,2026-05-15,en-ja,v1,support_ticket,18,406,0.7556,0.2292
1979,2026-05-15,en-pt,v1,support_ticket,25,392,0.3007,0.6923
1980,2026-05-15,en-zh,v1,marketing,13,331,0.8517,0.1575
1981,2026-05-15,en-pt,v1,support_ticket,34,563,0.4019,0.5959
1982,2026-05-15,en-zh,v1,marketing,22,459,0.9303,0.05
1983,2026-05-15,en-ja,v1,documentation,37,379,0.9288,0.1069
1984,2026-05-15,en-pt,v1,legal,61,460,0.433,0.5109
1985,2026-05-15,en-el,v1,support_ticket,13,470,0.4928,0.4515
1986,2026-05-15,en-fr,v1,legal,83,349,0.6594,0.3264
1987,2026-05-15,en-pt,v1,documentation,44,403,0.3487,0.6443
1988,2026-05-15,en-de,v1,marketing,14,397,0.5675,0.4294
1989,2026-05-15,en-zh,v1,marketing,39,485,0.95,0.05
1990,2026-05-15,en-pt,v1,support_ticket,16,473,0.3008,0.6752
1991,2026-05-15,en-it,v1,marketing,23,485,0.4104,0.5918
1992,2026-05-15,en-el,v1,support_ticket,19,524,0.5342,0.4828
1993,2026-05-15,en-it,v1,legal,31,493,0.5018,0.4716
1994,2026-05-15,en-es,v1,documentation,38,360,0.3602,0.6931
1995,2026-05-15,en-it,v1,marketing,20,422,0.4214,0.5835
1996,2026-05-15,en-el,v1,marketing,13,425,0.5365,0.4111
1997,2026-05-16,en-el,v2,marketing,21,263,0.4317,0.6365
1998,2026-05-16,en-el,v2,support_ticket,24,439,0.1863,0.8149
1999,2026-05-16,en-it,v2,support_ticket,22,365,0.0931,0.9422
2000,2026-05-16,en-zh,v2,marketing,14,382,0.8368,0.1647
2001,2026-05-16,en-de,v2,support_ticket,8,298,0.1117,0.9371
2002,2026-05-16,en-ja,v2,marketing,24,319,0.9393,0.05
2003,2026-05-16,en-de,v2,marketing,7,470,0.2639,0.7859
2004,2026-05-16,en-zh,v2,support_ticket,33,255,0.7149,0.286
2005,2026-05-16,en-el,v2,marketing,17,322,0.3244,0.6456
2006,2026-05-16,en-pt,v2,marketing,34,396,0.1449,0.8257
2007,2026-05-16,en-el,v2,marketing,10,412,0.3359,0.68
2008,2026-05-16,en-pt,v2,documentation,71,420,0.137,0.8655
2009,2026-05-16,en-de,v2,documentation,44,327,0.2298,0.7563
2010,2026-05-16,en-ja,v2,marketing,13,405,0.9366,0.0928
2011,2026-05-16,en-el,v2,marketing,31,381,0.3601,0.6346
2012,2026-05-16,en-es,v2,documentation,52,381,0.1401,0.8337
2013,2026-05-16,en-zh,v2,documentation,29,347,0.7766,0.2657
2014,2026-05-16,en-pt,v2,support_ticket,15,426,0.0237,1.0
2015,2026-05-16,en-ja,v2,support_ticket,22,372,0.7891,0.2109
2016,2026-05-16,en-pt,v2,legal,53,394,0.2756,0.7081
2017,2026-05-16,en-de,v2,legal,51,396,0.4174,0.5405
2018,2026-05-16,en-fr,v2,documentation,37,457,0.1531,0.9002
2019,2026-05-16,en-el,v2,support_ticket,13,315,0.2418,0.7563
2020,2026-05-16,en-el,v2,support_ticket,24,404,0.2111,0.7734
2021,2026-05-16,en-de,v2,legal,69,356,0.428,0.5626
2022,2026-05-16,en-pt,v2,marketing,20,525,0.01,0.9955
2023,2026-05-16,en-it,v2,documentation,41,354,0.1461,0.817
2024,2026-05-16,en-es,v2,documentation,57,336,0.0733,0.9633
2025,2026-05-16,en-el,v2,documentation,30,285,0.2721,0.7117
2026,2026-05-16,en-el,v2,documentation,37,490,0.3446,0.7008
2027,2026-05-16,en-it,v2,support_ticket,17,415,0.0433,0.9814
2028,2026-05-16,en-de,v2,legal,46,455,0.3904,0.636
2029,2026-05-16,en-pt,v2,legal,35,395,0.1568,0.8587
2030,2026-05-16,en-es,v2,documentation,29,326,0.0434,0.9696
2031,2026-05-16,en-fr,v2,documentation,35,329,0.1152,0.8776
2032,2026-05-16,en-ja,v2,documentation,26,287,0.7904,0.1971
2033,2026-05-16,en-pt,v2,support_ticket,39,363,0.01,1.0
2034,2026-05-16,en-pt,v2,support_ticket,19,405,0.01,1.0
2035,2026-05-16,en-it,v2,support_ticket,13,295,0.0371,0.9489
2036,2026-05-16,en-de,v2,marketing,26,403,0.2421,0.7098
2037,2026-05-16,en-zh,v2,support_ticket,18,435,0.7745,0.2216
2038,2026-05-16,en-ja,v2,marketing,13,288,0.95,0.05
2039,2026-05-16,en-fr,v2,legal,48,445,0.2462,0.7368
2040,2026-05-17,en-fr,v2,documentation,20,383,0.0263,0.9926
2041,2026-05-17,en-ja,v2,documentation,32,327,0.8658,0.1441
2042,2026-05-17,en-de,v2,support_ticket,21,346,0.1773,0.7995
2043,2026-05-17,en-el,v2,legal,16,310,0.3428,0.6933
2044,2026-05-17,en-ja,v2,legal,47,355,0.95,0.0529
2045,2026-05-17,en-el,v2,marketing,15,310,0.282,0.7198
2046,2026-05-17,en-fr,v2,documentation,45,438,0.1569,0.8521
2047,2026-05-17,en-de,v2,marketing,38,317,0.2814,0.6725
2048,2026-05-17,en-de,v2,marketing,13,360,0.1998,0.837
2049,2026-05-17,en-ja,v2,legal,24,398,0.95,0.0636
2050,2026-05-17,en-pt,v2,marketing,10,386,0.0472,0.8847
2051,2026-05-17,en-el,v2,documentation,30,346,0.2614,0.7087
2052,2026-05-17,en-pt,v2,support_ticket,19,383,0.01,0.9812
2053,2026-05-17,en-ja,v2,documentation,16,306,0.8707,0.1312
2054,2026-05-17,en-zh,v2,legal,71,447,0.95,0.0599
2055,2026-05-17,en-fr,v2,marketing,9,366,0.1082,0.9285
2056,2026-05-17,en-pt,v2,support_ticket,23,371,0.0696,0.9552
2057,2026-05-17,en-el,v2,support_ticket,12,427,0.1172,0.903
2058,2026-05-17,en-zh,v2,support_ticket,18,466,0.6696,0.3813
2059,2026-05-17,en-pt,v2,support_ticket,24,364,0.0801,0.9082
2060,2026-05-17,en-de,v2,legal,45,441,0.3022,0.7141
2061,2026-05-17,en-es,v2,marketing,10,285,0.1606,0.8035
2062,2026-05-17,en-pt,v2,documentation,37,332,0.0515,0.9072
2063,2026-05-17,en-ja,v2,support_ticket,29,403,0.9234,0.05
2064,2026-05-17,en-zh,v2,legal,42,313,0.8499,0.1786
2065,2026-05-17,en-fr,v2,support_ticket,26,390,0.0365,0.9234
2066,2026-05-17,en-pt,v2,support_ticket,12,522,0.01,0.936
2067,2026-05-17,en-de,v2,marketing,19,392,0.3271,0.6939
2068,2026-05-17,en-zh,v2,documentation,36,423,0.7004,0.2514
2069,2026-05-17,en-de,v2,legal,48,281,0.3503,0.6203
2070,2026-05-17,en-pt,v2,support_ticket,24,378,0.01,0.9488
2071,2026-05-17,en-el,v2,documentation,39,325,0.3119,0.6778
2072,2026-05-17,en-it,v2,marketing,16,322,0.2257,0.8068
2073,2026-05-17,en-fr,v2,documentation,44,349,0.1519,0.8116
2074,2026-05-17,en-it,v2,documentation,42,385,0.0665,0.8892
2075,2026-05-17,en-it,v2,marketing,12,349,0.1265,0.8378
2076,2026-05-18,en-it,v2,legal,30,358,0.2637,0.6702
2077,2026-05-18,en-es,v2,marketing,13,328,0.1499,0.8652
2078,2026-05-18,en-ja,v2,documentation,40,323,0.8381,0.197
2079,2026-05-18,en-es,v2,documentation,30,296,0.0414,0.9404
2080,2026-05-18,en-ja,v2,documentation,37,407,0.8967,0.0886
2081,2026-05-18,en-pt,v2,support_ticket,15,373,0.046,0.9442
2082,2026-05-18,en-zh,v2,support_ticket,21,316,0.6079,0.4238
2083,2026-05-18,en-fr,v2,documentation,39,327,0.0823,0.8833
2084,2026-05-18,en-ja,v2,support_ticket,11,387,0.7798,0.2675
2085,2026-05-18,en-de,v2,marketing,30,395,0.214,0.8006
2086,2026-05-18,en-zh,v2,support_ticket,28,421,0.6769,0.2679
2087,2026-05-18,en-it,v2,support_ticket,32,454,0.078,0.9372
2088,2026-05-18,en-de,v2,documentation,46,408,0.2607,0.6705
2089,2026-05-18,en-it,v2,marketing,11,422,0.1672,0.811
2090,2026-05-18,en-el,v2,support_ticket,18,328,0.3285,0.6477
2091,2026-05-18,en-ja,v2,documentation,32,464,0.8518,0.1656
2092,2026-05-18,en-ja,v2,support_ticket,14,381,0.8771,0.0764
2093,2026-05-18,en-ja,v2,support_ticket,24,305,0.7998,0.1388
2094,2026-05-18,en-el,v2,support_ticket,15,481,0.2067,0.7853
2095,2026-05-18,en-pt,v2,legal,44,396,0.228,0.7757
2096,2026-05-18,en-de,v2,legal,66,402,0.3563,0.6199
2097,2026-05-18,en-pt,v2,legal,32,439,0.1955,0.8196
2098,2026-05-18,en-zh,v2,documentation,39,349,0.7453,0.2791
2099,2026-05-18,en-de,v2,support_ticket,21,378,0.2241,0.7782
2100,2026-05-18,en-ja,v2,documentation,33,402,0.8456,0.1533
2101,2026-05-18,en-zh,v2,documentation,28,398,0.7428,0.2965
2102,2026-05-18,en-fr,v2,support_ticket,23,383,0.053,0.9204
2103,2026-05-18,en-el,v2,marketing,28,355,0.3595,0.6641
2104,2026-05-18,en-pt,v2,support_ticket,32,455,0.0887,0.9226
2105,2026-05-18,en-de,v2,support_ticket,25,459,0.1373,0.8801
2106,2026-05-18,en-fr,v2,support_ticket,42,314,0.1094,0.8657
2107,2026-05-18,en-ja,v2,documentation,49,452,0.95,0.0667
2108,2026-05-18,en-it,v2,support_ticket,26,335,0.0981,0.9238
2109,2026-05-18,en-el,v2,support_ticket,19,341,0.2589,0.7016
2110,2026-05-18,en-fr,v2,marketing,15,343,0.1383,0.9
2111,2026-05-18,en-el,v2,marketing,11,414,0.3019,0.7038
2112,2026-05-18,en-de,v2,marketing,19,377,0.2816,0.7319
2113,2026-05-18,en-de,v2,documentation,31,413,0.1967,0.791
2114,2026-05-18,en-de,v2,marketing,17,406,0.2014,0.7492
2115,2026-05-19,en-fr,v2,marketing,22,332,0.0769,0.9648
2116,2026-05-19,en-it,v2,support_ticket,31,442,0.1313,0.8845
2117,2026-05-19,en-it,v2,support_ticket,31,307,0.0279,0.9338
2118,2026-05-19,en-ja,v2,marketing,18,312,0.9343,0.05
2119,2026-05-19,en-zh,v2,marketing,11,315,0.7348,0.2825
2120,2026-05-19,en-ja,v2,documentation,31,321,0.95,0.0628
2121,2026-05-19,en-it,v2,marketing,26,354,0.1783,0.8237
2122,2026-05-19,en-zh,v2,documentation,22,443,0.7509,0.2177
2123,2026-05-19,en-fr,v2,documentation,32,267,0.038,0.9419
2124,2026-05-19,en-el,v2,documentation,37,430,0.3448,0.6514
2125,2026-05-19,en-de,v2,legal,61,405,0.3991,0.659
2126,2026-05-19,en-ja,v2,support_ticket,15,381,0.8494,0.1142
2127,2026-05-19,en-de,v2,documentation,30,411,0.1289,0.8587
2128,2026-05-19,en-de,v2,support_ticket,24,392,0.1619,0.8435
2129,2026-05-19,en-pt,v2,support_ticket,15,356,0.01,1.0
2130,2026-05-19,en-de,v2,marketing,18,444,0.2314,0.7594
2131,2026-05-19,en-es,v2,documentation,46,464,0.1565,0.8394
2132,2026-05-19,en-ja,v2,marketing,18,436,0.8969,0.1093
2133,2026-05-19,en-pt,v2,support_ticket,14,266,0.01,0.9726
2134,2026-05-19,en-it,v2,documentation,67,466,0.2032,0.8161
2135,2026-05-19,en-fr,v2,documentation,67,332,0.1446,0.8755
2136,2026-05-19,en-pt,v2,support_ticket,20,477,0.01,0.957
2137,2026-05-19,en-fr,v2,marketing,21,330,0.0814,0.8987
2138,2026-05-19,en-it,v2,legal,46,519,0.1894,0.8127
2139,2026-05-19,en-zh,v2,support_ticket,18,494,0.6456,0.2969
2140,2026-05-19,en-it,v2,documentation,30,320,0.0563,0.9448
2141,2026-05-19,en-ja,v2,documentation,31,298,0.8734,0.172
2142,2026-05-19,en-fr,v2,legal,39,458,0.2338,0.8404
2143,2026-05-19,en-el,v2,legal,70,394,0.5822,0.4649
2144,2026-05-19,en-ja,v2,marketing,20,397,0.858,0.0957
2145,2026-05-19,en-fr,v2,documentation,37,379,0.0524,0.9518
2146,2026-05-19,en-es,v2,documentation,47,406,0.0735,0.8906
2147,2026-05-19,en-es,v2,documentation,51,332,0.1312,0.8525
2148,2026-05-19,en-zh,v2,support_ticket,13,417,0.6563,0.3202
2149,2026-05-19,en-el,v2,documentation,32,343,0.3275,0.6553
2150,2026-05-19,en-pt,v2,documentation,42,383,0.0689,0.9693
2151,2026-05-19,en-ja,v2,support_ticket,12,393,0.8492,0.137
2152,2026-05-19,en-ja,v2,legal,80,328,0.95,0.05
2153,2026-05-19,en-es,v2,documentation,31,300,0.0158,1.0
2154,2026-05-19,en-fr,v2,marketing,16,378,0.1596,0.808
2155,2026-05-19,en-it,v2,support_ticket,19,380,0.0587,0.9476
2156,2026-05-19,en-el,v2,documentation,35,356,0.4024,0.6073
2157,2026-05-19,en-el,v2,documentation,37,320,0.2895,0.7564
2158,2026-05-19,en-de,v2,marketing,15,294,0.229,0.8113
2159,2026-05-20,en-it,v2,support_ticket,34,400,0.0623,0.9629
2160,2026-05-20,en-zh,v2,documentation,16,373,0.7113,0.2788
2161,2026-05-20,en-el,v2,support_ticket,23,362,0.1861,0.8186
2162,2026-05-20,en-de,v2,legal,36,436,0.3953,0.5918
2163,2026-05-20,en-pt,v2,support_ticket,24,451,0.01,0.9696
2164,2026-05-20,en-el,v2,support_ticket,23,380,0.2166,0.813
2165,2026-05-20,en-zh,v2,documentation,37,403,0.6563,0.3485
2166,2026-05-20,en-pt,v2,marketing,22,441,0.1059,0.8853
2167,2026-05-20,en-ja,v2,legal,56,478,0.95,0.1105
2168,2026-05-20,en-el,v2,support_ticket,37,294,0.2132,0.7771
2169,2026-05-20,en-el,v2,marketing,10,509,0.3668,0.6716
2170,2026-05-20,en-zh,v2,legal,51,384,0.8596,0.2036
2171,2026-05-20,en-el,v2,documentation,51,329,0.3803,0.6118
2172,2026-05-20,en-fr,v2,documentation,35,331,0.1472,0.8855
2173,2026-05-20,en-el,v2,documentation,39,414,0.2931,0.6967
2174,2026-05-20,en-zh,v2,marketing,16,284,0.7585,0.2393
2175,2026-05-20,en-de,v2,marketing,19,355,0.2519,0.7456
2176,2026-05-20,en-es,v2,support_ticket,22,325,0.01,0.998
2177,2026-05-20,en-es,v2,documentation,81,363,0.1537,0.8337
2178,2026-05-20,en-zh,v2,support_ticket,27,345,0.6666,0.3172
2179,2026-05-20,en-de,v2,legal,40,391,0.3793,0.6675
2180,2026-05-20,en-fr,v2,support_ticket,26,374,0.1497,0.8522
2181,2026-05-20,en-fr,v2,support_ticket,22,415,0.0258,0.9497
2182,2026-05-20,en-it,v2,legal,55,413,0.269,0.6864
2183,2026-05-20,en-el,v2,support_ticket,59,344,0.3445,0.6141
2184,2026-05-20,en-pt,v2,documentation,30,400,0.01,1.0
2185,2026-05-20,en-ja,v2,marketing,19,400,0.9479,0.0648
2186,2026-05-20,en-el,v2,support_ticket,22,371,0.2082,0.8144
2187,2026-05-20,en-ja,v2,documentation,48,304,0.95,0.053
2188,2026-05-20,en-de,v2,marketing,16,302,0.2537,0.713
2189,2026-05-20,en-it,v2,marketing,12,354,0.1655,0.8218
2190,2026-05-20,en-fr,v2,documentation,33,323,0.1302,0.8279
2191,2026-05-20,en-ja,v2,support_ticket,14,390,0.7626,0.2147
2192,2026-05-20,en-fr,v2,documentation,49,448,0.1041,0.8968
2193,2026-05-20,en-es,v2,support_ticket,8,372,0.01,1.0
2194,2026-05-20,en-zh,v2,documentation,34,394,0.6745,0.3249
2195,2026-05-20,en-it,v2,support_ticket,25,358,0.1012,0.9835
2196,2026-05-20,en-fr,v2,documentation,29,425,0.1231,0.8916
2197,2026-05-20,en-el,v2,support_ticket,38,454,0.2758,0.6632
2198,2026-05-20,en-de,v2,documentation,28,399,0.2057,0.8052
2199,2026-05-20,en-zh,v2,documentation,32,439,0.7423,0.2622
2200,2026-05-20,en-ja,v2,marketing,18,478,0.95,0.05
2201,2026-05-20,en-ja,v2,support_ticket,20,363,0.8193,0.1973
2202,2026-05-20,en-it,v2,marketing,27,323,0.165,0.8688
2203,2026-05-20,en-de,v2,documentation,28,338,0.2765,0.6589
2204,2026-05-20,en-es,v2,marketing,21,516,0.1378,0.9044
2205,2026-05-20,en-es,v2,legal,84,340,0.2734,0.7141
2206,2026-05-21,en-pt,v2,marketing,16,356,0.1329,0.8291
2207,2026-05-21,en-es,v2,support_ticket,23,346,0.0108,0.9752
2208,2026-05-21,en-el,v2,documentation,26,437,0.269,0.7077
2209,2026-05-21,en-pt,v2,support_ticket,21,390,0.01,0.9909
2210,2026-05-21,en-es,v2,marketing,18,504,0.1572,0.8812
2211,2026-05-21,en-el,v2,support_ticket,25,397,0.2308,0.7461
2212,2026-05-21,en-it,v2,documentation,45,404,0.1355,0.871
2213,2026-05-21,en-zh,v2,support_ticket,26,384,0.6826,0.3697
2214,2026-05-21,en-ja,v2,marketing,18,353,0.9252,0.0811
2215,2026-05-21,en-it,v2,documentation,33,386,0.0569,0.9606
2216,2026-05-21,en-es,v2,legal,59,320,0.2429,0.7803
2217,2026-05-21,en-it,v2,legal,69,243,0.3099,0.6954
2218,2026-05-21,en-pt,v2,documentation,27,350,0.0318,0.9125
2219,2026-05-21,en-ja,v2,documentation,32,312,0.8471,0.1761
2220,2026-05-21,en-it,v2,marketing,14,313,0.1114,0.87
2221,2026-05-21,en-de,v2,legal,52,374,0.3346,0.692
2222,2026-05-21,en-pt,v2,marketing,12,395,0.0426,0.941
2223,2026-05-21,en-fr,v2,marketing,28,264,0.2114,0.7444
2224,2026-05-21,en-zh,v2,marketing,30,397,0.8327,0.1366
2225,2026-05-21,en-es,v2,legal,30,405,0.2237,0.7515
2226,2026-05-21,en-pt,v2,documentation,32,354,0.0748,0.9278
2227,2026-05-21,en-pt,v2,marketing,17,487,0.1045,0.8417
2228,2026-05-21,en-pt,v2,legal,44,330,0.2023,0.7697
2229,2026-05-21,en-zh,v2,support_ticket,17,387,0.628,0.3484
2230,2026-05-21,en-fr,v2,support_ticket,21,316,0.0287,0.9739
2231,2026-05-21,en-el,v2,marketing,18,372,0.3076,0.6309
2232,2026-05-21,en-it,v2,documentation,25,355,0.0387,0.9911
2233,2026-05-21,en-ja,v2,legal,34,350,0.95,0.0743
2234,2026-05-21,en-de,v2,support_ticket,26,461,0.1382,0.8618
2235,2026-05-21,en-el,v2,documentation,32,354,0.3354,0.693
2236,2026-05-21,en-es,v2,support_ticket,27,429,0.01,1.0
2237,2026-05-21,en-pt,v2,documentation,34,400,0.0303,1.0
2238,2026-05-21,en-zh,v2,documentation,35,370,0.7286,0.2457
2239,2026-05-21,en-de,v2,documentation,31,440,0.1468,0.8562
2240,2026-05-21,en-ja,v2,documentation,18,327,0.9023,0.1041
2241,2026-05-21,en-fr,v2,documentation,25,491,0.1316,0.8617
2242,2026-05-21,en-zh,v2,support_ticket,40,402,0.6349,0.3433
2243,2026-05-21,en-it,v2,legal,42,340,0.3282,0.6956
2244,2026-05-21,en-el,v2,support_ticket,22,337,0.1678,0.8594
2245,2026-05-21,en-ja,v2,documentation,39,511,0.9035,0.0836
2246,2026-05-21,en-pt,v2,support_ticket,39,391,0.01,0.9782
2247,2026-05-21,en-fr,v2,documentation,53,453,0.1595,0.8203
2248,2026-05-21,en-el,v2,support_ticket,21,322,0.2341,0.8018
2249,2026-05-21,en-es,v2,support_ticket,36,418,0.0406,0.9762
2250,2026-05-21,en-it,v2,documentation,68,434,0.1913,0.8295
2251,2026-05-21,en-pt,v2,support_ticket,23,425,0.0421,0.9173
2252,2026-05-21,en-de,v2,documentation,30,336,0.2433,0.7148
2253,2026-05-21,en-ja,v2,legal,29,434,0.9157,0.089
2254,2026-05-21,en-zh,v2,documentation,21,363,0.6391,0.3227
2255,2026-05-21,en-pt,v2,marketing,15,389,0.1058,0.9058
2256,2026-05-21,en-el,v2,documentation,37,234,0.3031,0.7163
2257,2026-05-21,en-es,v2,marketing,21,361,0.0446,0.9227
2258,2026-05-22,en-es,v2,legal,34,342,0.199,0.7731
2259,2026-05-22,en-zh,v2,marketing,23,366,0.8257,0.1682
2260,2026-05-22,en-de,v2,legal,50,354,0.3412,0.6768
2261,2026-05-22,en-de,v2,support_ticket,41,269,0.1708,0.8507
2262,2026-05-22,en-el,v2,marketing,16,326,0.2504,0.7046
2263,2026-05-22,en-el,v2,marketing,18,420,0.3908,0.5605
2264,2026-05-22,en-fr,v2,documentation,36,378,0.0956,0.9105
2265,2026-05-22,en-it,v2,documentation,52,318,0.1083,0.8898
2266,2026-05-22,en-ja,v2,support_ticket,12,466,0.8045,0.1943
2267,2026-05-22,en-es,v2,marketing,20,340,0.1042,0.9012
2268,2026-05-22,en-zh,v2,documentation,24,451,0.7149,0.2782
2269,2026-05-22,en-es,v2,marketing,24,414,0.0548,0.9248
2270,2026-05-22,en-el,v2,documentation,28,471,0.2445,0.7132
2271,2026-05-22,en-el,v2,legal,61,303,0.4226,0.5549
2272,2026-05-22,en-pt,v2,support_ticket,23,327,0.01,0.9657
2273,2026-05-22,en-pt,v2,support_ticket,15,312,0.01,1.0
2274,2026-05-22,en-el,v2,marketing,13,332,0.3062,0.7027
2275,2026-05-22,en-es,v2,marketing,17,299,0.0626,0.9594
2276,2026-05-22,en-es,v2,documentation,29,381,0.0871,0.9361
2277,2026-05-22,en-zh,v2,support_ticket,20,371,0.637,0.3882
2278,2026-05-22,en-fr,v2,marketing,20,426,0.1013,0.9081
2279,2026-05-22,en-fr,v2,support_ticket,30,315,0.0183,0.9796
2280,2026-05-22,en-de,v2,support_ticket,17,395,0.1648,0.8175
2281,2026-05-22,en-el,v2,support_ticket,19,378,0.1627,0.8642
2282,2026-05-22,en-fr,v2,support_ticket,32,376,0.1061,0.875
2283,2026-05-22,en-es,v2,marketing,16,482,0.0966,0.9193
2284,2026-05-22,en-zh,v2,legal,29,428,0.8332,0.1602
2285,2026-05-22,en-de,v2,documentation,44,476,0.1481,0.8185
2286,2026-05-22,en-el,v2,marketing,16,365,0.3248,0.6829
2287,2026-05-22,en-ja,v2,support_ticket,36,482,0.8949,0.1079
2288,2026-05-22,en-zh,v2,documentation,40,390,0.7153,0.2998
2289,2026-05-22,en-zh,v2,legal,64,203,0.9289,0.1214
2290,2026-05-22,en-es,v2,documentation,26,359,0.01,0.9731
2291,2026-05-22,en-ja,v2,support_ticket,26,429,0.9464,0.0873
2292,2026-05-22,en-de,v2,marketing,18,340,0.2642,0.723
2293,2026-05-22,en-es,v2,documentation,35,362,0.01,0.9468
2294,2026-05-22,en-ja,v2,legal,52,394,0.95,0.0625
2295,2026-05-22,en-ja,v2,marketing,16,474,0.9484,0.05
2296,2026-05-22,en-it,v2,support_ticket,29,448,0.0637,0.9724
2297,2026-05-22,en-de,v2,documentation,79,507,0.2798,0.7432
2298,2026-05-22,en-zh,v2,documentation,31,465,0.7555,0.2119
2299,2026-05-22,en-es,v2,marketing,16,366,0.0533,1.0
2300,2026-05-23,en-el,v2,support_ticket,26,359,0.291,0.7144
2301,2026-05-23,en-es,v2,support_ticket,13,390,0.01,0.993
2302,2026-05-23,en-es,v2,marketing,17,375,0.1324,0.9163
2303,2026-05-23,en-fr,v2,documentation,37,415,0.0866,0.89
2304,2026-05-23,en-es,v2,legal,87,413,0.294,0.746
2305,2026-05-23,en-es,v2,documentation,27,492,0.0545,0.9189
2306,2026-05-23,en-es,v2,marketing,15,366,0.0473,0.894
2307,2026-05-23,en-it,v2,support_ticket,20,424,0.01,0.9834
2308,2026-05-23,en-ja,v2,documentation,39,337,0.9008,0.103
2309,2026-05-23,en-de,v2,marketing,12,414,0.217,0.8001
2310,2026-05-23,en-el,v2,documentation,24,364,0.2173,0.8276
2311,2026-05-23,en-fr,v2,support_ticket,19,362,0.117,0.9501
2312,2026-05-23,en-fr,v2,documentation,33,331,0.0813,0.9968
2313,2026-05-23,en-el,v2,marketing,21,345,0.3217,0.7091
2314,2026-05-23,en-el,v2,support_ticket,14,461,0.2139,0.7749
2315,2026-05-23,en-el,v2,marketing,18,284,0.3933,0.6287
2316,2026-05-23,en-de,v2,marketing,13,373,0.2336,0.7363
2317,2026-05-23,en-de,v2,legal,39,334,0.3433,0.6468
2318,2026-05-23,en-fr,v2,documentation,50,374,0.1667,0.8406
2319,2026-05-23,en-de,v2,documentation,61,389,0.3555,0.7222
2320,2026-05-23,en-pt,v2,support_ticket,17,518,0.01,0.9816
2321,2026-05-23,en-es,v2,documentation,25,439,0.0738,0.9116
2322,2026-05-23,en-ja,v2,documentation,63,383,0.95,0.1061
2323,2026-05-23,en-fr,v2,marketing,17,345,0.1417,0.8498
2324,2026-05-23,en-pt,v2,marketing,9,286,0.1313,0.9272
2325,2026-05-23,en-ja,v2,support_ticket,40,286,0.8736,0.1649
2326,2026-05-23,en-zh,v2,marketing,16,372,0.7292,0.274
2327,2026-05-23,en-it,v2,marketing,9,422,0.0964,0.8974
2328,2026-05-23,en-el,v2,documentation,28,311,0.3334,0.6882
2329,2026-05-23,en-ja,v2,marketing,19,358,0.9045,0.0953
2330,2026-05-23,en-el,v2,marketing,21,396,0.4403,0.5024
2331,2026-05-23,en-zh,v2,documentation,32,468,0.8105,0.1743
2332,2026-05-23,en-de,v2,documentation,35,446,0.2279,0.7989
2333,2026-05-23,en-de,v2,marketing,42,283,0.2886,0.669
2334,2026-05-23,en-it,v2,support_ticket,23,352,0.0331,0.9433
2335,2026-05-23,en-de,v2,support_ticket,21,400,0.1721,0.8151
2336,2026-05-23,en-el,v2,documentation,100,460,0.4665,0.5132
2337,2026-05-23,en-zh,v2,marketing,13,344,0.7035,0.3363
2338,2026-05-23,en-ja,v2,support_ticket,19,345,0.8712,0.1312
2339,2026-05-23,en-el,v2,marketing,20,340,0.3514,0.632
2340,2026-05-24,en-es,v2,support_ticket,21,297,0.0392,0.969
2341,2026-05-24,en-de,v2,documentation,31,413,0.2616,0.6823
2342,2026-05-24,en-pt,v2,marketing,13,338,0.1236,0.8748
2343,2026-05-24,en-pt,v2,support_ticket,18,309,0.01,1.0
2344,2026-05-24,en-es,v2,documentation,19,369,0.0522,0.9527
2345,2026-05-24,en-es,v2,legal,72,442,0.2568,0.7469
2346,2026-05-24,en-zh,v2,marketing,20,423,0.8358,0.1509
2347,2026-05-24,en-el,v2,documentation,26,252,0.2177,0.7359
2348,2026-05-24,en-fr,v2,legal,38,404,0.3207,0.6779
2349,2026-05-24,en-el,v2,documentation,67,396,0.4376,0.5279
2350,2026-05-24,en-el,v2,legal,35,477,0.475,0.5309
2351,2026-05-24,en-zh,v2,marketing,12,407,0.7623,0.2118
2352,2026-05-24,en-es,v2,marketing,14,494,0.1488,0.8547
2353,2026-05-24,en-fr,v2,support_ticket,22,374,0.0302,0.9822
2354,2026-05-24,en-de,v2,documentation,32,360,0.1817,0.8051
2355,2026-05-24,en-el,v2,documentation,60,416,0.3561,0.6657
2356,2026-05-24,en-zh,v2,legal,34,365,0.8085,0.2124
2357,2026-05-24,en-it,v2,support_ticket,9,450,0.01,0.9849
2358,2026-05-24,en-zh,v2,documentation,27,319,0.5712,0.4605
2359,2026-05-24,en-zh,v2,support_ticket,9,451,0.5791,0.4394
2360,2026-05-24,en-zh,v2,documentation,28,308,0.7087,0.2312
2361,2026-05-24,en-el,v2,marketing,22,286,0.3844,0.6174
2362,2026-05-24,en-es,v2,marketing,17,340,0.083,0.8265
2363,2026-05-24,en-it,v2,marketing,10,353,0.1463,0.8411
2364,2026-05-24,en-zh,v2,documentation,42,314,0.709,0.3249
2365,2026-05-24,en-el,v2,documentation,44,351,0.28,0.7292
2366,2026-05-24,en-ja,v2,support_ticket,23,431,0.8135,0.2029
2367,2026-05-24,en-ja,v2,legal,46,377,0.95,0.05
2368,2026-05-24,en-ja,v2,documentation,53,358,0.9491,0.05
2369,2026-05-24,en-it,v2,legal,45,359,0.2615,0.7849
2370,2026-05-24,en-ja,v2,marketing,18,358,0.8725,0.1328
2371,2026-05-24,en-de,v2,support_ticket,24,388,0.2282,0.8062
2372,2026-05-24,en-zh,v2,marketing,26,367,0.7676,0.2264
2373,2026-05-24,en-pt,v2,support_ticket,22,346,0.0545,0.9721
2374,2026-05-24,en-ja,v2,documentation,44,422,0.916,0.0571
2375,2026-05-24,en-pt,v2,support_ticket,13,305,0.0139,0.9733
2376,2026-05-24,en-el,v2,marketing,13,383,0.3262,0.6492
2377,2026-05-24,en-de,v2,documentation,77,309,0.2976,0.6729
2378,2026-05-24,en-de,v2,marketing,15,431,0.1761,0.8114
2379,2026-05-24,en-it,v2,support_ticket,24,276,0.1678,0.8076
2380,2026-05-24,en-pt,v2,support_ticket,48,457,0.1609,0.8153
2381,2026-05-24,en-fr,v2,marketing,13,365,0.1997,0.797
2382,2026-05-24,en-es,v2,documentation,19,314,0.01,0.9812
2383,2026-05-24,en-fr,v2,support_ticket,23,366,0.0675,0.9437
2384,2026-05-24,en-fr,v2,support_ticket,27,350,0.0582,0.9179
2385,2026-05-24,en-es,v2,support_ticket,21,435,0.01,0.9758
2386,2026-05-24,en-pt,v2,support_ticket,17,344,0.0601,0.9818
2387,2026-05-24,en-fr,v2,support_ticket,35,516,0.0951,0.8969
2388,2026-05-24,en-it,v2,documentation,68,281,0.1119,0.8643
2389,2026-05-24,en-de,v2,documentation,43,500,0.2412,0.7902
2390,2026-05-24,en-el,v2,support_ticket,35,352,0.3018,0.6639
2391,2026-05-24,en-it,v2,support_ticket,23,366,0.01,0.9909
2392,2026-05-24,en-fr,v2,support_ticket,38,325,0.1034,0.8421
2393,2026-05-24,en-el,v2,documentation,47,287,0.3804,0.6362
2394,2026-05-25,en-it,v2,support_ticket,10,303,0.01,1.0
2395,2026-05-25,en-fr,v2,documentation,13,428,0.029,0.9755
2396,2026-05-25,en-el,v2,documentation,30,378,0.2273,0.7742
2397,2026-05-25,en-pt,v2,marketing,22,445,0.1189,0.8699
2398,2026-05-25,en-fr,v2,documentation,36,304,0.1224,0.9314
2399,2026-05-25,en-es,v2,marketing,16,444,0.0479,0.919
2400,2026-05-25,en-el,v2,marketing,32,474,0.3617,0.6163
2401,2026-05-25,en-zh,v2,marketing,23,446,0.8173,0.1681
2402,2026-05-25,en-ja,v2,legal,37,366,0.95,0.0562
2403,2026-05-25,en-pt,v2,documentation,26,388,0.0233,0.9736
2404,2026-05-25,en-el,v2,marketing,19,330,0.3032,0.7561
2405,2026-05-25,en-it,v2,documentation,36,361,0.1162,0.8537
2406,2026-05-25,en-it,v2,documentation,27,379,0.1372,0.847
2407,2026-05-25,en-pt,v2,marketing,22,434,0.0995,0.8624
2408,2026-05-25,en-pt,v2,support_ticket,21,306,0.01,0.94
2409,2026-05-25,en-fr,v2,marketing,22,287,0.1117,0.861
2410,2026-05-25,en-el,v2,marketing,17,454,0.379,0.6812
2411,2026-05-25,en-ja,v2,support_ticket,16,352,0.8614,0.1644
2412,2026-05-25,en-it,v2,documentation,50,355,0.1827,0.8143
2413,2026-05-25,en-it,v2,legal,28,424,0.2762,0.7134
2414,2026-05-25,en-zh,v2,support_ticket,11,303,0.7028,0.2913
2415,2026-05-25,en-el,v2,marketing,20,414,0.3782,0.6383
2416,2026-05-25,en-pt,v2,documentation,20,295,0.0903,0.8993
2417,2026-05-25,en-el,v2,marketing,13,348,0.3231,0.7112
2418,2026-05-25,en-fr,v2,marketing,17,434,0.1974,0.7685
2419,2026-05-25,en-de,v2,legal,56,316,0.3959,0.6266
2420,2026-05-25,en-el,v2,support_ticket,26,348,0.2041,0.7795
2421,2026-05-25,en-it,v2,support_ticket,20,296,0.01,1.0
2422,2026-05-25,en-it,v2,documentation,38,391,0.0771,0.999
2423,2026-05-25,en-zh,v2,documentation,31,208,0.6939,0.3381
2424,2026-05-25,en-es,v2,documentation,21,406,0.01,0.9873
2425,2026-05-25,en-el,v2,legal,49,402,0.496,0.5289
2426,2026-05-25,en-es,v2,support_ticket,19,492,0.0461,0.949
2427,2026-05-25,en-ja,v2,support_ticket,11,346,0.8564,0.2324
2428,2026-05-25,en-it,v2,documentation,45,393,0.0762,0.9469
2429,2026-05-25,en-el,v2,marketing,24,415,0.3867,0.6128
2430,2026-05-25,en-de,v2,marketing,19,390,0.1631,0.834
2431,2026-05-25,en-es,v2,support_ticket,19,495,0.01,0.9966
2432,2026-05-25,en-it,v2,support_ticket,11,340,0.0578,0.9322
2433,2026-05-25,en-ja,v2,marketing,18,435,0.95,0.0976
2434,2026-05-25,en-fr,v2,support_ticket,14,417,0.01,0.9692
2435,2026-05-25,en-de,v2,documentation,32,290,0.2072,0.755
2436,2026-05-25,en-de,v2,support_ticket,21,251,0.1169,0.9117
2437,2026-05-25,en-zh,v2,support_ticket,14,293,0.5878,0.3834
2438,2026-05-25,en-pt,v2,marketing,19,513,0.0964,0.8525
2439,2026-05-25,en-el,v2,marketing,19,385,0.2911,0.732
2440,2026-05-25,en-it,v2,support_ticket,10,468,0.01,1.0
2441,2026-05-25,en-el,v2,marketing,27,427,0.2713,0.7607
2442,2026-05-25,en-fr,v2,marketing,19,402,0.0488,0.9296
2443,2026-05-25,en-fr,v2,documentation,42,470,0.0881,0.9401
2444,2026-05-25,en-fr,v2,documentation,41,359,0.0961,0.905
2445,2026-05-25,en-it,v2,documentation,16,260,0.0608,0.9094
2446,2026-05-25,en-zh,v2,support_ticket,11,405,0.5833,0.41
2447,2026-05-25,en-zh,v2,legal,30,402,0.8155,0.183
2448,2026-05-26,en-pt,v2,support_ticket,20,334,0.01,0.9871
2449,2026-05-26,en-it,v2,documentation,35,350,0.2069,0.7931
2450,2026-05-26,en-ja,v2,legal,74,428,0.95,0.0908
2451,2026-05-26,en-ja,v2,legal,87,246,0.95,0.0636
2452,2026-05-26,en-ja,v2,documentation,47,275,0.9359,0.0722
2453,2026-05-26,en-it,v2,documentation,42,404,0.1823,0.8184
2454,2026-05-26,en-fr,v2,documentation,76,392,0.2412,0.7718
2455,2026-05-26,en-pt,v2,support_ticket,46,449,0.0413,0.9549
2456,2026-05-26,en-ja,v2,support_ticket,20,414,0.8154,0.1873
2457,2026-05-26,en-fr,v2,support_ticket,32,394,0.1514,0.8476
2458,2026-05-26,en-pt,v2,documentation,28,369,0.0459,0.9103
2459,2026-05-26,en-ja,v2,marketing,16,456,0.9464,0.05
2460,2026-05-26,en-zh,v2,support_ticket,16,344,0.6326,0.3615
2461,2026-05-26,en-es,v2,documentation,24,436,0.0782,0.8947
2462,2026-05-26,en-el,v2,support_ticket,24,401,0.243,0.7563
2463,2026-05-26,en-de,v2,documentation,31,411,0.0963,0.8925
2464,2026-05-26,en-pt,v2,support_ticket,26,441,0.01,0.9961
2465,2026-05-26,en-fr,v2,marketing,32,360,0.1479,0.815
2466,2026-05-26,en-de,v2,support_ticket,17,348,0.1213,0.8805
2467,2026-05-26,en-pt,v2,documentation,41,431,0.01,1.0
2468,2026-05-26,en-el,v2,support_ticket,34,475,0.2739,0.7124
2469,2026-05-26,en-ja,v2,documentation,63,349,0.95,0.0599
2470,2026-05-26,en-de,v2,documentation,33,348,0.3107,0.7194
2471,2026-05-26,en-es,v2,documentation,30,388,0.0808,0.9293
2472,2026-05-26,en-de,v2,documentation,44,376,0.2329,0.7779
2473,2026-05-26,en-el,v2,marketing,16,510,0.3091,0.7182
2474,2026-05-26,en-fr,v2,marketing,36,381,0.1705,0.8564
2475,2026-05-26,en-ja,v2,legal,39,402,0.95,0.05
2476,2026-05-26,en-it,v2,support_ticket,31,382,0.0911,0.9134
2477,2026-05-26,en-de,v2,documentation,29,293,0.0966,0.8894
2478,2026-05-26,en-fr,v2,documentation,28,345,0.0958,0.8768
2479,2026-05-26,en-it,v2,documentation,23,265,0.0785,0.8773
2480,2026-05-26,en-de,v2,legal,48,448,0.3335,0.6431
2481,2026-05-26,en-el,v2,support_ticket,22,499,0.2097,0.7824
2482,2026-05-26,en-it,v2,documentation,30,454,0.1048,0.9451
2483,2026-05-26,en-ja,v2,support_ticket,26,374,0.8989,0.0955
2484,2026-05-26,en-pt,v2,support_ticket,30,391,0.1055,0.8913
2485,2026-05-26,en-de,v2,support_ticket,19,428,0.098,0.8627
2486,2026-05-26,en-fr,v2,marketing,15,343,0.1917,0.8219
2487,2026-05-26,en-it,v2,support_ticket,29,278,0.071,0.9221
2488,2026-05-26,en-it,v2,support_ticket,24,448,0.0268,0.9736
2489,2026-05-26,en-fr,v2,support_ticket,43,442,0.1374,0.8314
2490,2026-05-27,en-es,v2,support_ticket,23,350,0.01,0.9791
2491,2026-05-27,en-pt,v2,support_ticket,20,289,0.0601,0.9503
2492,2026-05-27,en-it,v2,marketing,14,320,0.1766,0.8227
2493,2026-05-27,en-ja,v2,marketing,9,304,0.9057,0.094
2494,2026-05-27,en-el,v2,documentation,36,403,0.3359,0.6526
2495,2026-05-27,en-ja,v2,documentation,61,462,0.9053,0.1108
2496,2026-05-27,en-it,v2,marketing,37,349,0.2616,0.717
2497,2026-05-27,en-es,v2,support_ticket,20,424,0.054,0.8952
2498,2026-05-27,en-zh,v2,documentation,35,451,0.7387,0.2906
2499,2026-05-27,en-pt,v2,support_ticket,21,279,0.01,0.9867
2500,2026-05-27,en-it,v2,support_ticket,21,397,0.05,0.9211
2501,2026-05-27,en-zh,v2,documentation,21,321,0.7524,0.2326
2502,2026-05-27,en-es,v2,documentation,39,440,0.1054,0.8547
2503,2026-05-27,en-pt,v2,support_ticket,24,334,0.1068,0.8784
2504,2026-05-27,en-es,v2,documentation,44,348,0.0319,0.9746
2505,2026-05-27,en-el,v2,marketing,16,318,0.329,0.7269
2506,2026-05-27,en-de,v2,marketing,18,289,0.2488,0.6866
2507,2026-05-27,en-es,v2,legal,49,305,0.2218,0.7511
2508,2026-05-27,en-el,v2,documentation,28,391,0.3002,0.6962
2509,2026-05-27,en-zh,v2,documentation,29,402,0.7683,0.2312
2510,2026-05-27,en-pt,v2,documentation,33,454,0.1146,0.9215
2511,2026-05-27,en-zh,v2,documentation,42,406,0.7249,0.2814
2512,2026-05-27,en-ja,v2,support_ticket,24,363,0.8805,0.1644
2513,2026-05-27,en-de,v2,marketing,21,449,0.2747,0.7559
2514,2026-05-27,en-fr,v2,marketing,19,445,0.2338,0.7475
2515,2026-05-27,en-pt,v2,documentation,16,338,0.0387,1.0
2516,2026-05-27,en-ja,v2,support_ticket,20,361,0.8079,0.1823
2517,2026-05-27,en-el,v2,documentation,38,320,0.3126,0.6376
2518,2026-05-27,en-fr,v2,documentation,45,474,0.1473,0.8826
2519,2026-05-27,en-it,v2,support_ticket,65,248,0.0834,0.9164
2520,2026-05-27,en-pt,v2,documentation,44,338,0.0678,0.9159
2521,2026-05-27,en-pt,v2,support_ticket,29,362,0.0106,1.0
2522,2026-05-27,en-ja,v2,documentation,25,398,0.8114,0.2008
2523,2026-05-27,en-fr,v2,support_ticket,35,342,0.1741,0.8705
2524,2026-05-27,en-ja,v2,support_ticket,32,438,0.8314,0.1398
2525,2026-05-27,en-ja,v2,support_ticket,16,489,0.8204,0.1764
2526,2026-05-27,en-pt,v2,documentation,58,362,0.0418,0.9421
2527,2026-05-27,en-ja,v2,documentation,37,301,0.7985,0.1711
2528,2026-05-27,en-pt,v2,legal,43,422,0.1828,0.7833
2529,2026-05-27,en-fr,v2,support_ticket,25,403,0.0501,0.9529
2530,2026-05-27,en-ja,v2,documentation,43,399,0.95,0.068
2531,2026-05-27,en-es,v2,support_ticket,14,433,0.01,0.992
2532,2026-05-27,en-es,v2,marketing,10,356,0.0877,0.8988
2533,2026-05-27,en-it,v2,marketing,14,383,0.158,0.8234
2534,2026-05-28,en-zh,v2,marketing,22,464,0.8487,0.1686
2535,2026-05-28,en-el,v2,legal,51,401,0.5068,0.3899
2536,2026-05-28,en-de,v2,legal,66,439,0.3914,0.6274
2537,2026-05-28,en-de,v2,legal,30,370,0.3124,0.6628
2538,2026-05-28,en-de,v2,marketing,28,423,0.3261,0.623
2539,2026-05-28,en-zh,v2,documentation,34,494,0.7026,0.3006
2540,2026-05-28,en-ja,v2,legal,67,535,0.95,0.05
2541,2026-05-28,en-zh,v2,documentation,60,347,0.8261,0.148
2542,2026-05-28,en-pt,v2,support_ticket,24,376,0.0835,0.9319
2543,2026-05-28,en-zh,v2,support_ticket,20,409,0.6267,0.3961
2544,2026-05-28,en-it,v2,support_ticket,27,473,0.0617,0.965
2545,2026-05-28,en-es,v2,support_ticket,21,426,0.02,0.9456
2546,2026-05-28,en-es,v2,documentation,22,360,0.0101,0.9468
2547,2026-05-28,en-fr,v2,documentation,36,450,0.0957,0.9647
2548,2026-05-28,en-pt,v2,documentation,27,380,0.0666,0.9262
2549,2026-05-28,en-fr,v2,documentation,32,410,0.1262,0.9286
2550,2026-05-28,en-it,v2,marketing,20,317,0.1362,0.8467
2551,2026-05-28,en-de,v2,support_ticket,15,402,0.2096,0.7791
2552,2026-05-28,en-el,v2,support_ticket,11,456,0.2302,0.7662
2553,2026-05-28,en-el,v2,marketing,28,294,0.3716,0.6994
2554,2026-05-28,en-fr,v2,marketing,16,317,0.0933,0.8931
2555,2026-05-28,en-ja,v2,documentation,30,408,0.8295,0.1857
2556,2026-05-28,en-pt,v2,documentation,38,385,0.0599,0.9346
2557,2026-05-28,en-it,v2,support_ticket,23,395,0.0572,0.9231
2558,2026-05-28,en-it,v2,legal,56,434,0.2611,0.7395
2559,2026-05-28,en-fr,v2,marketing,19,429,0.1907,0.806
2560,2026-05-28,en-de,v2,support_ticket,22,409,0.1713,0.8377
2561,2026-05-28,en-pt,v2,documentation,27,425,0.1491,0.8171
2562,2026-05-28,en-zh,v2,documentation,45,290,0.7368,0.232
2563,2026-05-28,en-pt,v2,support_ticket,13,366,0.0167,0.9625
2564,2026-05-28,en-de,v2,documentation,20,331,0.1818,0.8021
2565,2026-05-28,en-zh,v2,legal,37,402,0.773,0.2294
2566,2026-05-28,en-de,v2,marketing,12,408,0.2306,0.7724
2567,2026-05-28,en-fr,v2,legal,46,382,0.2882,0.7131
2568,2026-05-28,en-zh,v2,support_ticket,16,451,0.671,0.3382
2569,2026-05-28,en-it,v2,documentation,15,398,0.1409,0.8415
2570,2026-05-28,en-el,v2,legal,34,323,0.4001,0.5575
2571,2026-05-28,en-pt,v2,marketing,25,412,0.0781,0.9506
2572,2026-05-28,en-de,v2,legal,43,355,0.3535,0.6826
2573,2026-05-28,en-it,v2,support_ticket,10,380,0.01,1.0
2574,2026-05-28,en-fr,v2,support_ticket,11,346,0.0863,0.8691
2575,2026-05-28,en-el,v2,support_ticket,16,321,0.2409,0.7068
2576,2026-05-28,en-zh,v2,marketing,20,348,0.765,0.279
2577,2026-05-28,en-pt,v2,documentation,28,404,0.0423,0.9412
2578,2026-05-28,en-zh,v2,marketing,14,300,0.783,0.2342
2579,2026-05-28,en-it,v2,marketing,21,339,0.1361,0.8802
2580,2026-05-28,en-el,v2,support_ticket,18,369,0.2083,0.7751
2581,2026-05-28,en-es,v2,marketing,18,424,0.053,0.9286
2582,2026-05-28,en-pt,v2,marketing,23,229,0.1349,0.8603
2583,2026-05-28,en-es,v2,marketing,19,210,0.0161,0.9547
2584,2026-05-28,en-it,v2,legal,15,264,0.1395,0.8532
2585,2026-05-28,en-es,v2,support_ticket,21,381,0.0403,0.9533
2586,2026-05-29,en-fr,v2,legal,53,359,0.2663,0.7613
2587,2026-05-29,en-it,v2,documentation,29,317,0.1379,0.9051
2588,2026-05-29,en-fr,v2,marketing,21,382,0.1232,0.8622
2589,2026-05-29,en-fr,v2,legal,66,312,0.3283,0.6396
2590,2026-05-29,en-zh,v2,documentation,27,428,0.7791,0.2021
2591,2026-05-29,en-ja,v2,legal,44,455,0.95,0.0795
2592,2026-05-29,en-zh,v2,marketing,24,404,0.7926,0.2252
2593,2026-05-29,en-it,v2,marketing,13,362,0.102,0.8768
2594,2026-05-29,en-ja,v2,support_ticket,24,365,0.7897,0.2047
2595,2026-05-29,en-ja,v2,documentation,23,411,0.7966,0.1574
2596,2026-05-29,en-el,v2,support_ticket,21,475,0.2539,0.6981
2597,2026-05-29,en-ja,v2,documentation,14,257,0.8977,0.1754
2598,2026-05-29,en-fr,v2,marketing,26,358,0.1454,0.8295
2599,2026-05-29,en-zh,v2,documentation,30,412,0.6781,0.2949
2600,2026-05-29,en-es,v2,support_ticket,17,472,0.01,0.9839
2601,2026-05-29,en-fr,v2,legal,45,317,0.273,0.7399
2602,2026-05-29,en-ja,v2,support_ticket,41,331,0.95,0.05
2603,2026-05-29,en-ja,v2,legal,29,351,0.95,0.0987
2604,2026-05-29,en-zh,v2,marketing,28,396,0.7855,0.2473
2605,2026-05-29,en-it,v2,marketing,11,415,0.0619,0.9498
2606,2026-05-29,en-es,v2,documentation,21,552,0.01,1.0
2607,2026-05-29,en-ja,v2,support_ticket,24,332,0.7856,0.2667
2608,2026-05-29,en-pt,v2,support_ticket,14,361,0.01,1.0
2609,2026-05-29,en-el,v2,documentation,23,395,0.2549,0.7067
2610,2026-05-29,en-de,v2,support_ticket,23,348,0.1216,0.8286
2611,2026-05-29,en-zh,v2,legal,53,496,0.8622,0.1616
2612,2026-05-29,en-pt,v2,marketing,12,433,0.1608,0.8879
2613,2026-05-29,en-ja,v2,documentation,32,400,0.8239,0.1703
2614,2026-05-29,en-es,v2,documentation,33,284,0.1024,0.9782
2615,2026-05-29,en-el,v2,documentation,44,350,0.349,0.6756
2616,2026-05-29,en-fr,v2,documentation,27,373,0.0795,0.9623
2617,2026-05-29,en-el,v2,support_ticket,21,257,0.2698,0.7118
2618,2026-05-29,en-el,v2,support_ticket,23,432,0.3131,0.6722
2619,2026-05-29,en-pt,v2,support_ticket,25,471,0.01,0.9567
2620,2026-05-29,en-es,v2,legal,43,375,0.1733,0.8511
2621,2026-05-29,en-ja,v2,marketing,12,403,0.95,0.0802
2622,2026-05-29,en-it,v2,documentation,51,408,0.1049,0.8784
2623,2026-05-29,en-es,v2,documentation,21,412,0.01,0.988
2624,2026-05-29,en-pt,v2,support_ticket,46,330,0.0896,0.9242
2625,2026-05-29,en-es,v2,marketing,22,539,0.01,0.9345
2626,2026-05-29,en-it,v2,support_ticket,16,255,0.0528,0.9445
2627,2026-05-29,en-es,v2,documentation,26,371,0.01,0.9798
2628,2026-05-29,en-fr,v2,legal,57,316,0.3093,0.6629
2629,2026-05-29,en-ja,v2,legal,34,468,0.95,0.05
2630,2026-05-29,en-fr,v2,support_ticket,20,408,0.0432,0.9775
2631,2026-05-29,en-it,v2,documentation,34,452,0.1879,0.8371
2632,2026-05-29,en-pt,v2,documentation,24,388,0.0807,0.902
2633,2026-05-30,en-de,v2,documentation,50,390,0.2657,0.733
2634,2026-05-30,en-de,v2,support_ticket,10,335,0.0614,0.9118
2635,2026-05-30,en-el,v2,support_ticket,21,333,0.3059,0.69
2636,2026-05-30,en-de,v2,support_ticket,20,386,0.1991,0.8049
2637,2026-05-30,en-pt,v2,marketing,26,460,0.0316,0.9834
2638,2026-05-30,en-de,v2,documentation,26,464,0.2603,0.7361
2639,2026-05-30,en-fr,v2,documentation,36,375,0.0697,0.9846
2640,2026-05-30,en-el,v2,marketing,12,387,0.2585,0.7187
2641,2026-05-30,en-fr,v2,documentation,44,382,0.0723,0.9176
2642,2026-05-30,en-ja,v2,documentation,37,413,0.95,0.0928
2643,2026-05-30,en-el,v2,documentation,53,411,0.3732,0.6169
2644,2026-05-30,en-it,v2,documentation,52,344,0.2006,0.7771
2645,2026-05-30,en-de,v2,documentation,25,412,0.2093,0.7744
2646,2026-05-30,en-el,v2,marketing,10,399,0.3897,0.5481
2647,2026-05-30,en-el,v2,support_ticket,18,285,0.1916,0.8809
2648,2026-05-30,en-zh,v2,marketing,11,281,0.7696,0.201
2649,2026-05-30,en-es,v2,marketing,15,353,0.0883,0.9098
2650,2026-05-30,en-fr,v2,documentation,28,336,0.0525,0.9788
2651,2026-05-30,en-it,v2,documentation,23,509,0.0604,0.9087
2652,2026-05-30,en-ja,v2,support_ticket,22,352,0.8401,0.1945
2653,2026-05-30,en-pt,v2,support_ticket,27,475,0.0677,0.9722
2654,2026-05-30,en-pt,v2,legal,73,430,0.2524,0.7689
2655,2026-05-30,en-de,v2,marketing,12,339,0.2551,0.7603
2656,2026-05-30,en-pt,v2,documentation,41,427,0.01,0.9962
2657,2026-05-30,en-zh,v2,marketing,15,386,0.7829,0.223
2658,2026-05-30,en-zh,v2,support_ticket,22,492,0.6595,0.3313
2659,2026-05-30,en-es,v2,support_ticket,14,358,0.01,0.9879
2660,2026-05-30,en-es,v2,marketing,22,326,0.1313,0.8953
2661,2026-05-30,en-ja,v2,documentation,40,443,0.8431,0.2103
2662,2026-05-30,en-de,v2,legal,38,354,0.3277,0.6615
2663,2026-05-30,en-el,v2,documentation,49,328,0.3392,0.6458
2664,2026-05-30,en-es,v2,documentation,32,497,0.1208,0.9043
2665,2026-05-30,en-es,v2,support_ticket,23,477,0.01,0.9418
2666,2026-05-30,en-pt,v2,marketing,13,419,0.0921,0.9386
2667,2026-05-30,en-de,v2,marketing,14,440,0.246,0.7639
2668,2026-05-30,en-es,v2,documentation,31,314,0.0832,0.8885
2669,2026-05-31,en-de,v2,legal,28,314,0.3708,0.6232
2670,2026-05-31,en-de,v2,marketing,13,386,0.2646,0.7649
2671,2026-05-31,en-ja,v2,support_ticket,46,284,0.8193,0.2333
2672,2026-05-31,en-zh,v2,marketing,20,397,0.8057,0.1653
2673,2026-05-31,en-it,v2,documentation,44,485,0.1843,0.8256
2674,2026-05-31,en-ja,v2,documentation,24,364,0.8752,0.1119
2675,2026-05-31,en-pt,v2,documentation,38,331,0.0881,0.9067
2676,2026-05-31,en-it,v2,support_ticket,21,364,0.1355,0.8007
2677,2026-05-31,en-de,v2,legal,56,353,0.3741,0.5975
2678,2026-05-31,en-de,v2,documentation,19,452,0.1722,0.8324
2679,2026-05-31,en-zh,v2,documentation,24,471,0.6587,0.3391
2680,2026-05-31,en-zh,v2,marketing,18,318,0.7548,0.2133
2681,2026-05-31,en-pt,v2,marketing,19,394,0.129,0.8808
2682,2026-05-31,en-zh,v2,support_ticket,33,306,0.7762,0.2176
2683,2026-05-31,en-fr,v2,documentation,67,332,0.2577,0.7806
2684,2026-05-31,en-it,v2,marketing,23,412,0.1006,0.9295
2685,2026-05-31,en-it,v2,documentation,32,421,0.0193,0.987
2686,2026-05-31,en-it,v2,marketing,19,380,0.1224,0.8251
2687,2026-05-31,en-de,v2,support_ticket,22,232,0.1055,0.9253
2688,2026-05-31,en-it,v2,support_ticket,29,391,0.1112,0.8811
2689,2026-05-31,en-fr,v2,marketing,20,373,0.2129,0.8314
2690,2026-05-31,en-zh,v2,support_ticket,51,480,0.8319,0.1442
2691,2026-05-31,en-pt,v2,marketing,17,250,0.0923,0.9175
2692,2026-05-31,en-zh,v2,support_ticket,14,413,0.7459,0.3225
2693,2026-05-31,en-de,v2,marketing,30,392,0.1939,0.7872
2694,2026-05-31,en-pt,v2,marketing,13,353,0.0358,0.9677
2695,2026-05-31,en-ja,v2,support_ticket,24,291,0.9025,0.0845
2696,2026-05-31,en-de,v2,marketing,13,348,0.2745,0.7021
2697,2026-05-31,en-pt,v2,support_ticket,22,346,0.01,0.9579
2698,2026-05-31,en-zh,v2,support_ticket,19,394,0.727,0.3018
2699,2026-05-31,en-es,v2,documentation,28,324,0.01,0.9699
2700,2026-05-31,en-fr,v2,legal,67,334,0.407,0.6409
2701,2026-05-31,en-fr,v2,documentation,32,454,0.1113,0.8869
2702,2026-05-31,en-es,v2,marketing,7,337,0.0707,0.8971
2703,2026-05-31,en-es,v2,support_ticket,13,409,0.0188,0.9692
2704,2026-05-31,en-zh,v2,support_ticket,28,395,0.7084,0.3066
2705,2026-05-31,en-de,v2,support_ticket,12,421,0.1731,0.8109
2706,2026-05-31,en-it,v2,legal,71,290,0.2921,0.6684
2707,2026-05-31,en-ja,v2,marketing,30,344,0.9322,0.05
2708,2026-05-31,en-ja,v2,support_ticket,14,371,0.8738,0.2006
2709,2026-05-31,en-ja,v2,marketing,31,355,0.95,0.05
2710,2026-05-31,en-de,v2,documentation,34,283,0.1959,0.8729
2711,2026-05-31,en-pt,v2,support_ticket,22,363,0.01,0.9793
2712,2026-05-31,en-ja,v2,documentation,46,422,0.9252,0.0745
2713,2026-05-31,en-el,v2,documentation,32,399,0.3251,0.6701
2714,2026-05-31,en-de,v2,legal,48,346,0.3575,0.6655
2715,2026-06-01,en-ja,v2,support_ticket,17,265,0.8625,0.1624
2716,2026-06-01,en-zh,v2,marketing,12,342,0.775,0.2023
2717,2026-06-01,en-it,v2,documentation,25,357,0.0701,0.9545
2718,2026-06-01,en-fr,v2,marketing,9,343,0.1695,0.8376
2719,2026-06-01,en-fr,v2,legal,117,352,0.3457,0.6473
2720,2026-06-01,en-fr,v2,documentation,58,317,0.1691,0.8004
2721,2026-06-01,en-de,v2,marketing,12,374,0.2801,0.692
2722,2026-06-01,en-pt,v2,support_ticket,40,336,0.01,1.0
2723,2026-06-01,en-zh,v2,support_ticket,30,399,0.7506,0.2311
2724,2026-06-01,en-it,v2,support_ticket,24,459,0.01,1.0
2725,2026-06-01,en-el,v2,legal,72,473,0.598,0.3499
2726,2026-06-01,en-ja,v2,legal,57,486,0.95,0.0989
2727,2026-06-01,en-zh,v2,documentation,26,366,0.6962,0.3324
2728,2026-06-01,en-zh,v2,legal,19,318,0.7453,0.235
2729,2026-06-01,en-de,v2,marketing,12,324,0.1755,0.791
2730,2026-06-01,en-zh,v2,documentation,28,320,0.741,0.2483
2731,2026-06-01,en-pt,v2,documentation,33,310,0.0998,0.8987
2732,2026-06-01,en-el,v2,documentation,22,483,0.252,0.7225
2733,2026-06-01,en-el,v2,documentation,21,353,0.2171,0.7708
2734,2026-06-01,en-it,v2,documentation,19,410,0.0293,0.9299
2735,2026-06-01,en-zh,v2,marketing,13,288,0.7779,0.2488
2736,2026-06-01,en-fr,v2,documentation,35,360,0.1481,0.8333
2737,2026-06-01,en-it,v2,documentation,27,442,0.0724,0.9253
2738,2026-06-01,en-pt,v2,support_ticket,28,405,0.01,0.9898
2739,2026-06-01,en-de,v2,legal,38,437,0.3768,0.6457
2740,2026-06-01,en-el,v2,marketing,20,404,0.3525,0.6618
2741,2026-06-01,en-zh,v2,support_ticket,15,479,0.7173,0.2176
2742,2026-06-01,en-el,v2,documentation,36,410,0.3356,0.7076
2743,2026-06-01,en-fr,v2,support_ticket,21,367,0.0757,0.944
2744,2026-06-01,en-it,v2,documentation,28,356,0.0311,0.975
2745,2026-06-01,en-ja,v2,marketing,8,451,0.8822,0.0822
2746,2026-06-01,en-es,v2,support_ticket,59,388,0.1629,0.8628
2747,2026-06-01,en-pt,v2,documentation,35,445,0.0754,0.9075
2748,2026-06-01,en-pt,v2,marketing,19,375,0.1016,0.8728
2749,2026-06-01,en-el,v2,support_ticket,18,441,0.265,0.7554
2750,2026-06-01,en-el,v2,marketing,18,385,0.294,0.6788
2751,2026-06-01,en-it,v2,documentation,52,363,0.1873,0.7999
2752,2026-06-01,en-ja,v2,documentation,33,440,0.8215,0.1828
2753,2026-06-01,en-fr,v2,support_ticket,21,287,0.1212,0.8613
2754,2026-06-01,en-fr,v2,documentation,16,346,0.0893,0.9379
2755,2026-06-01,en-pt,v2,marketing,15,385,0.0631,0.9645
2756,2026-06-01,en-pt,v2,marketing,14,392,0.041,0.9423
2757,2026-06-01,en-ja,v2,documentation,29,413,0.8857,0.1732
2758,2026-06-01,en-it,v2,documentation,61,283,0.1257,0.8739
2759,2026-06-01,en-el,v2,support_ticket,33,455,0.1584,0.8517
2760,2026-06-01,en-el,v2,support_ticket,28,402,0.2676,0.7623
2761,2026-06-01,en-it,v2,support_ticket,20,418,0.01,1.0
2762,2026-06-01,en-zh,v2,legal,37,352,0.8228,0.1896
2763,2026-06-02,en-it,v2,support_ticket,31,312,0.1271,0.9145
2764,2026-06-02,en-it,v2,documentation,28,334,0.0729,0.8976
2765,2026-06-02,en-it,v2,marketing,18,458,0.1832,0.8023
2766,2026-06-02,en-el,v2,documentation,28,401,0.3031,0.7011
2767,2026-06-02,en-es,v2,marketing,22,329,0.1322,0.8946
2768,2026-06-02,en-it,v2,marketing,19,444,0.163,0.8056
2769,2026-06-02,en-pt,v2,documentation,35,347,0.0347,0.9352
2770,2026-06-02,en-pt,v2,documentation,70,322,0.0722,0.9503
2771,2026-06-02,en-es,v2,documentation,46,345,0.0704,0.9228
2772,2026-06-02,en-ja,v2,documentation,48,464,0.95,0.0632
2773,2026-06-02,en-pt,v2,documentation,28,477,0.0996,0.9413
2774,2026-06-02,en-pt,v2,documentation,34,473,0.0557,0.9512
2775,2026-06-02,en-ja,v2,support_ticket,22,417,0.863,0.1153
2776,2026-06-02,en-el,v2,documentation,19,265,0.3212,0.6613
2777,2026-06-02,en-ja,v2,support_ticket,22,405,0.7858,0.2163
2778,2026-06-02,en-zh,v2,documentation,34,526,0.6988,0.294
2779,2026-06-02,en-pt,v2,marketing,14,281,0.175,0.8358
2780,2026-06-02,en-de,v2,marketing,13,328,0.2468,0.761
2781,2026-06-02,en-fr,v2,marketing,19,329,0.0821,0.9093
2782,2026-06-02,en-zh,v2,documentation,39,379,0.8154,0.1501
2783,2026-06-02,en-de,v2,marketing,28,365,0.2805,0.7382
2784,2026-06-02,en-fr,v2,support_ticket,26,466,0.1052,0.8729
2785,2026-06-02,en-fr,v2,support_ticket,23,386,0.0613,0.9398
2786,2026-06-02,en-zh,v2,support_ticket,33,369,0.6785,0.3089
2787,2026-06-02,en-it,v2,documentation,19,408,0.0586,0.9368
2788,2026-06-02,en-pt,v2,support_ticket,36,309,0.0311,0.9662
2789,2026-06-02,en-ja,v2,legal,31,449,0.95,0.05
2790,2026-06-02,en-es,v2,support_ticket,20,344,0.01,0.9801
2791,2026-06-02,en-pt,v2,support_ticket,18,451,0.01,0.9536
2792,2026-06-02,en-fr,v2,documentation,32,373,0.0725,0.9337
2793,2026-06-02,en-es,v2,marketing,21,361,0.0592,0.8744
2794,2026-06-02,en-pt,v2,support_ticket,27,412,0.0489,0.9508
2795,2026-06-02,en-zh,v2,documentation,25,373,0.6498,0.3298
2796,2026-06-02,en-zh,v2,marketing,14,387,0.7528,0.2452
2797,2026-06-02,en-el,v2,legal,49,250,0.3899,0.5989
2798,2026-06-02,en-fr,v2,documentation,53,461,0.1404,0.8942
2799,2026-06-02,en-it,v2,legal,31,453,0.2183,0.7899
2800,2026-06-02,en-zh,v2,support_ticket,43,260,0.7019,0.2876
2801,2026-06-02,en-de,v2,documentation,23,357,0.2826,0.6745
2802,2026-06-02,en-it,v2,legal,64,396,0.26,0.7056
2803,2026-06-02,en-pt,v2,legal,57,362,0.236,0.7474
2804,2026-06-02,en-it,v2,support_ticket,39,252,0.0726,0.8924
2805,2026-06-02,en-pt,v2,documentation,32,450,0.044,0.9327
2806,2026-06-03,en-es,v2,documentation,42,365,0.0474,0.9772
2807,2026-06-03,en-el,v2,documentation,45,351,0.3051,0.7429
2808,2026-06-03,en-de,v2,support_ticket,19,441,0.1181,0.8854
2809,2026-06-03,en-de,v2,documentation,39,452,0.2049,0.8328
2810,2026-06-03,en-ja,v2,support_ticket,35,421,0.8779,0.1523
2811,2026-06-03,en-de,v2,legal,59,347,0.4756,0.5198
2812,2026-06-03,en-de,v2,marketing,15,462,0.148,0.8212
2813,2026-06-03,en-zh,v2,legal,69,332,0.95,0.05
2814,2026-06-03,en-el,v2,support_ticket,17,390,0.2067,0.8173
2815,2026-06-03,en-de,v2,support_ticket,22,467,0.1793,0.7886
2816,2026-06-03,en-el,v2,documentation,52,320,0.4188,0.559
2817,2026-06-03,en-el,v2,marketing,13,472,0.3335,0.6272
2818,2026-06-03,en-el,v2,legal,39,475,0.4431,0.5667
2819,2026-06-03,en-zh,v2,support_ticket,20,367,0.7035,0.3224
2820,2026-06-03,en-el,v2,documentation,24,376,0.1966,0.7575
2821,2026-06-03,en-pt,v2,support_ticket,36,302,0.01,0.9975
2822,2026-06-03,en-el,v2,support_ticket,21,457,0.2408,0.7856
2823,2026-06-03,en-it,v2,documentation,41,342,0.0513,0.9917
2824,2026-06-03,en-ja,v2,documentation,40,307,0.8132,0.1664
2825,2026-06-03,en-it,v2,support_ticket,20,404,0.1295,0.877
2826,2026-06-03,en-fr,v2,marketing,10,279,0.0697,0.9325
2827,2026-06-03,en-el,v2,legal,50,497,0.5211,0.502
2828,2026-06-03,en-de,v2,documentation,45,259,0.2833,0.7611
2829,2026-06-03,en-zh,v2,legal,42,313,0.8894,0.1021
2830,2026-06-03,en-zh,v2,support_ticket,23,360,0.7046,0.3162
2831,2026-06-03,en-ja,v2,support_ticket,25,432,0.8948,0.1855
2832,2026-06-03,en-zh,v2,documentation,33,364,0.6815,0.3086
2833,2026-06-03,en-es,v2,marketing,27,282,0.055,0.941
2834,2026-06-03,en-pt,v2,marketing,11,334,0.0588,0.9415
2835,2026-06-03,en-it,v2,marketing,17,468,0.1881,0.8163
2836,2026-06-03,en-ja,v2,documentation,32,403,0.9017,0.1381
2837,2026-06-03,en-fr,v2,marketing,20,323,0.1488,0.8122
2838,2026-06-03,en-es,v2,support_ticket,16,431,0.01,1.0
2839,2026-06-03,en-de,v2,marketing,17,283,0.2972,0.6559
2840,2026-06-03,en-de,v2,documentation,34,418,0.1727,0.86
2841,2026-06-03,en-fr,v2,documentation,38,302,0.1054,0.8637
2842,2026-06-03,en-es,v2,marketing,17,293,0.103,0.8992
2843,2026-06-03,en-es,v2,marketing,14,416,0.0346,0.9604
2844,2026-06-03,en-ja,v2,support_ticket,18,492,0.8167,0.1346
2845,2026-06-03,en-zh,v2,documentation,45,465,0.7376,0.2527
2846,2026-06-03,en-it,v2,documentation,30,323,0.0593,0.974
2847,2026-06-03,en-de,v2,support_ticket,13,310,0.1339,0.8307
2848,2026-06-03,en-ja,v2,marketing,26,410,0.95,0.05
2849,2026-06-03,en-pt,v2,support_ticket,18,454,0.0425,0.9322
2850,2026-06-03,en-es,v2,legal,39,351,0.1215,0.9176
2851,2026-06-03,en-zh,v2,documentation,30,339,0.8101,0.1855
2852,2026-06-03,en-it,v2,legal,37,408,0.2927,0.7381
2853,2026-06-04,en-fr,v2,documentation,24,394,0.01,0.9969
2854,2026-06-04,en-zh,v2,support_ticket,29,308,0.7686,0.2764
2855,2026-06-04,en-el,v2,legal,42,296,0.3599,0.6262
2856,2026-06-04,en-es,v2,support_ticket,17,300,0.01,1.0
2857,2026-06-04,en-it,v2,marketing,37,429,0.2208,0.772
2858,2026-06-04,en-el,v2,legal,29,356,0.4435,0.5851
2859,2026-06-04,en-el,v2,documentation,31,398,0.2249,0.7686
2860,2026-06-04,en-fr,v2,documentation,43,396,0.1913,0.8322
2861,2026-06-04,en-zh,v2,legal,93,421,0.95,0.05
2862,2026-06-04,en-pt,v2,documentation,54,424,0.0596,0.9529
2863,2026-06-04,en-es,v2,support_ticket,18,402,0.01,0.9812
2864,2026-06-04,en-es,v2,documentation,26,365,0.01,1.0
2865,2026-06-04,en-de,v2,marketing,27,395,0.2265,0.7532
2866,2026-06-04,en-el,v2,support_ticket,17,385,0.219,0.7864
2867,2026-06-04,en-pt,v2,marketing,17,359,0.0405,0.9777
2868,2026-06-04,en-de,v2,documentation,35,451,0.1877,0.7602
2869,2026-06-04,en-it,v2,documentation,53,517,0.2249,0.7767
2870,2026-06-04,en-zh,v2,support_ticket,34,435,0.7291,0.2847
2871,2026-06-04,en-es,v2,support_ticket,15,348,0.01,0.9543
2872,2026-06-04,en-el,v2,legal,43,413,0.4422,0.5634
2873,2026-06-04,en-it,v2,marketing,13,373,0.172,0.815
2874,2026-06-04,en-zh,v2,documentation,29,362,0.6872,0.3325
2875,2026-06-04,en-de,v2,documentation,60,497,0.3145,0.7022
2876,2026-06-04,en-fr,v2,documentation,46,291,0.0955,0.9503
2877,2026-06-04,en-it,v2,marketing,20,447,0.1104,0.9275
2878,2026-06-04,en-zh,v2,marketing,18,424,0.8755,0.0974
2879,2026-06-04,en-es,v2,marketing,17,280,0.0812,0.9304
2880,2026-06-04,en-el,v2,documentation,31,328,0.2435,0.6634
2881,2026-06-04,en-es,v2,support_ticket,20,403,0.01,1.0
2882,2026-06-04,en-ja,v2,marketing,26,406,0.9092,0.1207
2883,2026-06-04,en-de,v2,documentation,26,291,0.1989,0.7685
2884,2026-06-04,en-pt,v2,marketing,19,324,0.154,0.8168
2885,2026-06-04,en-el,v2,marketing,13,268,0.2953,0.7134
2886,2026-06-04,en-ja,v2,support_ticket,31,274,0.8648,0.1083
2887,2026-06-04,en-de,v2,marketing,16,490,0.2589,0.6982
2888,2026-06-04,en-fr,v2,legal,30,380,0.2193,0.7263
2889,2026-06-04,en-ja,v2,documentation,22,456,0.8555,0.1584
2890,2026-06-04,en-pt,v2,documentation,35,407,0.0828,0.9142
2891,2026-06-04,en-zh,v2,documentation,22,422,0.662,0.3633
2892,2026-06-04,en-de,v2,marketing,21,306,0.242,0.8012
2893,2026-06-04,en-it,v2,documentation,65,302,0.27,0.6915
2894,2026-06-04,en-es,v2,legal,60,306,0.2444,0.7529
2895,2026-06-04,en-el,v2,marketing,23,419,0.3598,0.6365
2896,2026-06-04,en-el,v2,marketing,11,453,0.38,0.6339
2897,2026-06-04,en-pt,v2,marketing,32,454,0.0665,0.9192
2898,2026-06-04,en-fr,v2,legal,31,441,0.1952,0.7985
2899,2026-06-04,en-el,v2,support_ticket,17,485,0.2614,0.6744
2900,2026-06-04,en-es,v2,marketing,22,379,0.0854,0.9204
2901,2026-06-04,en-it,v2,legal,36,286,0.2833,0.7299
2902,2026-06-05,en-fr,v2,documentation,69,312,0.1395,0.8548
2903,2026-06-05,en-fr,v2,documentation,36,372,0.1106,0.8684
2904,2026-06-05,en-el,v2,documentation,33,468,0.2602,0.7362
2905,2026-06-05,en-zh,v2,support_ticket,34,379,0.7461,0.252
2906,2026-06-05,en-es,v2,documentation,16,394,0.0323,0.9924
2907,2026-06-05,en-de,v2,legal,29,231,0.2599,0.7361
2908,2026-06-05,en-pt,v2,documentation,25,354,0.0476,0.9094
2909,2026-06-05,en-it,v2,marketing,12,369,0.0999,0.8949
2910,2026-06-05,en-ja,v2,marketing,17,354,0.95,0.0628
2911,2026-06-05,en-it,v2,documentation,55,379,0.1353,0.7904
2912,2026-06-05,en-zh,v2,documentation,51,374,0.8079,0.2431
2913,2026-06-05,en-fr,v2,documentation,29,417,0.032,0.9767
2914,2026-06-05,en-el,v2,documentation,30,249,0.2724,0.7389
2915,2026-06-05,en-de,v2,documentation,33,485,0.1809,0.7873
2916,2026-06-05,en-pt,v2,support_ticket,15,396,0.01,0.9837
2917,2026-06-05,en-zh,v2,documentation,29,361,0.7523,0.2448
2918,2026-06-05,en-ja,v2,support_ticket,23,399,0.8765,0.1376
2919,2026-06-05,en-fr,v2,documentation,21,485,0.01,0.9236
2920,2026-06-05,en-el,v2,documentation,26,247,0.3184,0.6746
2921,2026-06-05,en-ja,v2,support_ticket,19,300,0.7501,0.2916
2922,2026-06-05,en-de,v2,documentation,34,301,0.2078,0.8045
2923,2026-06-05,en-it,v2,support_ticket,17,354,0.01,1.0
2924,2026-06-05,en-fr,v2,documentation,35,367,0.1379,0.8638
2925,2026-06-05,en-it,v2,legal,53,290,0.2474,0.7857
2926,2026-06-05,en-zh,v2,documentation,35,428,0.8334,0.215
2927,2026-06-05,en-zh,v2,support_ticket,22,501,0.7015,0.2902
2928,2026-06-05,en-de,v2,support_ticket,16,346,0.18,0.8507
2929,2026-06-05,en-es,v2,documentation,27,379,0.0604,0.9236
2930,2026-06-05,en-zh,v2,legal,35,317,0.8952,0.0968
2931,2026-06-05,en-it,v2,marketing,17,396,0.1316,0.8062
2932,2026-06-05,en-de,v2,marketing,15,283,0.2054,0.8203
2933,2026-06-05,en-zh,v2,legal,37,410,0.8661,0.126
2934,2026-06-05,en-it,v2,marketing,13,448,0.1369,0.9001
2935,2026-06-05,en-zh,v2,documentation,35,271,0.7073,0.2523
2936,2026-06-05,en-fr,v2,documentation,33,458,0.1561,0.8234
2937,2026-06-05,en-fr,v2,support_ticket,27,454,0.1038,0.8814
2938,2026-06-05,en-fr,v2,legal,24,378,0.2583,0.7416
2939,2026-06-05,en-de,v2,marketing,28,422,0.2508,0.7502
2940,2026-06-05,en-de,v2,support_ticket,23,383,0.1156,0.9325
2941,2026-06-05,en-zh,v2,marketing,39,429,0.8797,0.1299
2942,2026-06-05,en-es,v2,marketing,23,403,0.01,0.9852
2943,2026-06-05,en-it,v2,support_ticket,12,454,0.01,1.0
2944,2026-06-06,en-el,v2,support_ticket,29,454,0.2499,0.7816
2945,2026-06-06,en-de,v2,documentation,33,296,0.1723,0.784
2946,2026-06-06,en-el,v2,documentation,38,410,0.342,0.6805
2947,2026-06-06,en-el,v2,marketing,22,353,0.3383,0.7186
2948,2026-06-06,en-pt,v2,documentation,22,364,0.0422,0.9147
2949,2026-06-06,en-it,v2,documentation,25,452,0.1127,0.9365
2950,2026-06-06,en-fr,v2,support_ticket,12,293,0.01,1.0
2951,2026-06-06,en-ja,v2,documentation,35,376,0.8978,0.0685
2952,2026-06-06,en-ja,v2,documentation,22,354,0.8808,0.126
2953,2026-06-06,en-el,v2,legal,65,326,0.5024,0.5073
2954,2026-06-06,en-de,v2,legal,68,420,0.3823,0.566
2955,2026-06-06,en-es,v2,marketing,16,370,0.1552,0.8631
2956,2026-06-06,en-de,v2,marketing,13,339,0.3439,0.6583
2957,2026-06-06,en-it,v2,support_ticket,12,404,0.01,0.9926
2958,2026-06-06,en-de,v2,documentation,50,453,0.2615,0.709
2959,2026-06-06,en-fr,v2,marketing,17,380,0.2142,0.7244
2960,2026-06-06,en-es,v2,marketing,15,477,0.0221,0.9623
2961,2026-06-06,en-it,v2,marketing,15,459,0.0958,0.902
2962,2026-06-06,en-zh,v2,support_ticket,18,302,0.6943,0.2895
2963,2026-06-06,en-it,v2,support_ticket,22,362,0.1216,0.8577
2964,2026-06-06,en-es,v2,marketing,16,363,0.0739,0.9284
2965,2026-06-06,en-el,v2,documentation,40,442,0.3485,0.6578
2966,2026-06-06,en-es,v2,documentation,23,349,0.1299,0.8596
2967,2026-06-06,en-de,v2,documentation,23,516,0.2113,0.7717
2968,2026-06-06,en-pt,v2,support_ticket,31,471,0.1373,0.8555
2969,2026-06-06,en-fr,v2,documentation,43,314,0.1166,0.8594
2970,2026-06-06,en-zh,v2,documentation,32,451,0.7317,0.2171
2971,2026-06-06,en-it,v2,support_ticket,44,312,0.1235,0.88
2972,2026-06-06,en-zh,v2,documentation,37,281,0.7157,0.2867
2973,2026-06-06,en-el,v2,support_ticket,21,318,0.2268,0.7295
2974,2026-06-06,en-zh,v2,documentation,27,393,0.7462,0.2518
2975,2026-06-06,en-ja,v2,support_ticket,19,410,0.8707,0.115
2976,2026-06-06,en-zh,v2,documentation,29,355,0.6717,0.3528
2977,2026-06-06,en-pt,v2,documentation,49,361,0.0246,0.9172
2978,2026-06-06,en-it,v2,documentation,54,440,0.1634,0.8237
2979,2026-06-06,en-de,v2,documentation,24,488,0.1819,0.8304
2980,2026-06-06,en-pt,v2,marketing,17,454,0.1937,0.8141
2981,2026-06-06,en-ja,v2,documentation,38,355,0.9172,0.0574
2982,2026-06-06,en-it,v2,support_ticket,30,411,0.1491,0.8617
2983,2026-06-06,en-es,v2,documentation,37,363,0.01,1.0
2984,2026-06-06,en-it,v2,support_ticket,32,373,0.0678,0.9644
2985,2026-06-07,en-zh,v2,support_ticket,13,395,0.6887,0.2905
2986,2026-06-07,en-el,v2,marketing,16,329,0.3802,0.5999
2987,2026-06-07,en-es,v2,marketing,15,506,0.1027,0.9038
2988,2026-06-07,en-de,v2,support_ticket,29,345,0.2038,0.8652
2989,2026-06-07,en-el,v2,support_ticket,26,471,0.2706,0.7117
2990,2026-06-07,en-es,v2,legal,50,367,0.2592,0.7303
2991,2026-06-07,en-it,v2,documentation,26,423,0.1356,0.8622
2992,2026-06-07,en-de,v2,marketing,20,284,0.2797,0.7315
2993,2026-06-07,en-zh,v2,documentation,37,414,0.7638,0.2603
2994,2026-06-07,en-zh,v2,support_ticket,15,445,0.5865,0.4346
2995,2026-06-07,en-es,v2,documentation,46,327,0.01,0.9938
2996,2026-06-07,en-de,v2,legal,86,328,0.4292,0.5433
2997,2026-06-07,en-el,v2,support_ticket,28,365,0.3101,0.6899
2998,2026-06-07,en-it,v2,marketing,15,339,0.1244,0.8622
2999,2026-06-07,en-it,v2,documentation,38,369,0.1178,0.8574
3000,2026-06-07,en-el,v2,marketing,15,445,0.3296,0.6328
3001,2026-06-07,en-ja,v2,documentation,40,448,0.8661,0.1301
3002,2026-06-07,en-de,v2,documentation,28,405,0.1679,0.8373
3003,2026-06-07,en-zh,v2,marketing,13,407,0.7418,0.2781
3004,2026-06-07,en-fr,v2,marketing,17,369,0.1598,0.788
3005,2026-06-07,en-pt,v2,marketing,12,388,0.0645,0.9015
3006,2026-06-07,en-pt,v2,marketing,30,369,0.0629,0.9021
3007,2026-06-07,en-de,v2,support_ticket,15,461,0.1633,0.8619
3008,2026-06-07,en-el,v2,support_ticket,13,408,0.2116,0.8146
3009,2026-06-07,en-el,v2,marketing,24,385,0.4685,0.5228
3010,2026-06-07,en-ja,v2,documentation,25,276,0.8655,0.1186
3011,2026-06-07,en-pt,v2,documentation,51,504,0.0541,0.9503
3012,2026-06-07,en-es,v2,support_ticket,12,442,0.01,0.9951
3013,2026-06-07,en-ja,v2,documentation,21,464,0.8482,0.1844
3014,2026-06-07,en-el,v2,support_ticket,38,321,0.2283,0.8276
3015,2026-06-07,en-de,v2,support_ticket,21,396,0.1162,0.8897
3016,2026-06-07,en-de,v2,marketing,11,348,0.2394,0.731
3017,2026-06-07,en-de,v2,support_ticket,43,364,0.2368,0.7611
3018,2026-06-07,en-zh,v2,marketing,15,257,0.8268,0.1643
3019,2026-06-07,en-el,v2,documentation,32,471,0.3067,0.6545
3020,2026-06-07,en-ja,v2,legal,34,292,0.9458,0.05
3021,2026-06-07,en-de,v2,legal,48,418,0.317,0.7393
3022,2026-06-07,en-pt,v2,support_ticket,40,381,0.0764,0.9356
3023,2026-06-07,en-el,v2,documentation,41,354,0.3268,0.6983
3024,2026-06-07,en-es,v2,documentation,36,229,0.1797,0.8272
3025,2026-06-07,en-zh,v2,marketing,16,364,0.7741,0.2325
3026,2026-06-07,en-de,v2,marketing,36,414,0.2787,0.7013
3027,2026-06-07,en-pt,v2,marketing,20,334,0.0638,0.9868
3028,2026-06-07,en-pt,v2,marketing,22,440,0.0725,0.9069
3029,2026-06-07,en-pt,v2,support_ticket,18,384,0.0232,0.9439
3030,2026-06-07,en-fr,v2,support_ticket,14,429,0.064,0.9353
3031,2026-06-07,en-es,v2,legal,45,414,0.16,0.806
3032,2026-06-07,en-es,v2,support_ticket,17,364,0.01,1.0
3033,2026-06-07,en-el,v2,support_ticket,24,238,0.2384,0.7726
3034,2026-06-07,en-ja,v2,documentation,17,395,0.8352,0.1512
3035,2026-06-07,en-zh,v2,marketing,21,463,0.7713,0.2757
3036,2026-06-08,en-it,v2,marketing,13,293,0.1077,0.891
3037,2026-06-08,en-zh,v2,legal,42,260,0.8867,0.0754
3038,2026-06-08,en-it,v2,marketing,15,337,0.1253,0.8312
3039,2026-06-08,en-pt,v2,support_ticket,20,386,0.01,1.0
3040,2026-06-08,en-pt,v2,marketing,10,403,0.1422,0.8291
3041,2026-06-08,en-zh,v2,documentation,50,395,0.8428,0.189
3042,2026-06-08,en-pt,v2,support_ticket,19,476,0.0229,0.9846
3043,2026-06-08,en-ja,v2,marketing,11,410,0.95,0.0634
3044,2026-06-08,en-ja,v2,documentation,24,309,0.8774,0.1118
3045,2026-06-08,en-de,v2,support_ticket,7,326,0.1019,0.8918
3046,2026-06-08,en-ja,v2,documentation,38,409,0.91,0.1161
3047,2026-06-08,en-de,v2,legal,52,234,0.402,0.6607
3048,2026-06-08,en-pt,v2,documentation,21,338,0.077,0.939
3049,2026-06-08,en-fr,v2,support_ticket,47,384,0.0526,0.8837
3050,2026-06-08,en-ja,v2,documentation,52,448,0.9109,0.0584
3051,2026-06-08,en-el,v2,support_ticket,20,402,0.2623,0.7594
3052,2026-06-08,en-zh,v2,support_ticket,16,476,0.6875,0.2621
3053,2026-06-08,en-it,v2,marketing,22,423,0.2208,0.7823
3054,2026-06-08,en-ja,v2,legal,41,469,0.95,0.0635
3055,2026-06-08,en-el,v2,legal,52,439,0.5122,0.46
3056,2026-06-08,en-it,v2,marketing,20,417,0.1101,0.9184
3057,2026-06-08,en-pt,v2,support_ticket,40,484,0.1156,0.9257
3058,2026-06-08,en-zh,v2,support_ticket,14,383,0.7767,0.2602
3059,2026-06-08,en-el,v2,legal,67,355,0.3875,0.6096
3060,2026-06-08,en-es,v2,marketing,12,453,0.1097,0.9607
3061,2026-06-08,en-de,v2,support_ticket,18,489,0.0878,0.9343
3062,2026-06-08,en-es,v2,documentation,25,401,0.0509,0.8907
3063,2026-06-08,en-fr,v2,documentation,20,392,0.1209,0.8652
3064,2026-06-08,en-pt,v2,legal,76,388,0.2936,0.6978
3065,2026-06-08,en-fr,v2,marketing,32,418,0.1574,0.8162
3066,2026-06-08,en-ja,v2,documentation,39,290,0.8925,0.1166
3067,2026-06-08,en-es,v2,marketing,13,364,0.0216,0.998
3068,2026-06-08,en-fr,v2,support_ticket,25,388,0.0229,1.0
3069,2026-06-08,en-pt,v2,marketing,18,303,0.1653,0.8694
3070,2026-06-08,en-fr,v2,support_ticket,19,368,0.094,0.8354
3071,2026-06-08,en-de,v2,documentation,41,327,0.2458,0.7461
3072,2026-06-08,en-de,v2,legal,28,367,0.3657,0.667
3073,2026-06-09,en-zh,v2,documentation,41,309,0.7386,0.1898
3074,2026-06-09,en-zh,v2,marketing,19,435,0.83,0.1879
3075,2026-06-09,en-es,v2,documentation,57,494,0.1062,0.8488
3076,2026-06-09,en-es,v2,marketing,25,502,0.0757,0.9645
3077,2026-06-09,en-it,v2,support_ticket,15,469,0.01,0.945
3078,2026-06-09,en-fr,v2,support_ticket,27,406,0.0641,0.9499
3079,2026-06-09,en-fr,v2,marketing,29,389,0.2351,0.7469
3080,2026-06-09,en-zh,v2,documentation,17,424,0.7025,0.2727
3081,2026-06-09,en-el,v2,marketing,14,314,0.3683,0.6577
3082,2026-06-09,en-it,v2,documentation,38,347,0.107,0.9047
3083,2026-06-09,en-zh,v2,legal,58,397,0.9354,0.0505
3084,2026-06-09,en-el,v2,marketing,19,446,0.3297,0.6731
3085,2026-06-09,en-pt,v2,marketing,25,317,0.0963,0.953
3086,2026-06-09,en-it,v2,marketing,25,374,0.183,0.8087
3087,2026-06-09,en-fr,v2,marketing,17,368,0.2358,0.7224
3088,2026-06-09,en-zh,v2,legal,26,366,0.8164,0.2041
3089,2026-06-09,en-it,v2,marketing,18,345,0.1456,0.8971
3090,2026-06-09,en-ja,v2,support_ticket,24,426,0.8418,0.1575
3091,2026-06-09,en-de,v2,marketing,29,498,0.2726,0.7356
3092,2026-06-09,en-zh,v2,marketing,17,344,0.7979,0.2065
3093,2026-06-09,en-pt,v2,marketing,20,385,0.1281,0.919
3094,2026-06-09,en-el,v2,documentation,87,437,0.4022,0.576
3095,2026-06-09,en-de,v2,marketing,21,407,0.2406,0.7524
3096,2026-06-09,en-es,v2,support_ticket,20,408,0.0694,0.892
3097,2026-06-09,en-pt,v2,documentation,45,416,0.1074,0.9482
3098,2026-06-09,en-de,v2,documentation,43,341,0.2742,0.7034
3099,2026-06-09,en-pt,v2,marketing,10,295,0.1098,0.929
3100,2026-06-09,en-es,v2,documentation,68,361,0.1601,0.8159
3101,2026-06-09,en-ja,v2,marketing,27,501,0.9157,0.1225
3102,2026-06-09,en-it,v2,support_ticket,41,392,0.0673,0.8944
3103,2026-06-09,en-es,v2,documentation,21,459,0.01,1.0
3104,2026-06-09,en-es,v2,marketing,25,405,0.1073,0.9422
3105,2026-06-09,en-es,v2,marketing,21,386,0.1358,0.8943
3106,2026-06-09,en-pt,v2,marketing,18,397,0.1219,0.9265
3107,2026-06-09,en-zh,v2,marketing,21,426,0.8279,0.1937
3108,2026-06-09,en-fr,v2,support_ticket,9,406,0.0799,0.9195
3109,2026-06-09,en-it,v2,marketing,29,326,0.2158,0.7615
3110,2026-06-09,en-el,v2,documentation,43,451,0.3574,0.6629
3111,2026-06-10,en-el,v2,legal,35,321,0.4101,0.6425
3112,2026-06-10,en-ja,v2,support_ticket,11,379,0.8308,0.1585
3113,2026-06-10,en-ja,v2,documentation,35,371,0.863,0.1957
3114,2026-06-10,en-es,v2,marketing,15,378,0.0522,1.0
3115,2026-06-10,en-pt,v2,documentation,39,214,0.0302,0.9461
3116,2026-06-10,en-ja,v2,documentation,62,238,0.9394,0.05
3117,2026-06-10,en-ja,v2,marketing,19,348,0.937,0.0912
3118,2026-06-10,en-fr,v2,marketing,19,327,0.1309,0.8563
3119,2026-06-10,en-pt,v2,marketing,26,332,0.1709,0.786
3120,2026-06-10,en-it,v2,documentation,36,292,0.0833,0.9427
3121,2026-06-10,en-ja,v2,marketing,14,454,0.8907,0.0901
3122,2026-06-10,en-el,v2,marketing,15,356,0.3295,0.7043
3123,2026-06-10,en-ja,v2,documentation,51,352,0.9358,0.0639
3124,2026-06-10,en-fr,v2,documentation,49,324,0.1284,0.9178
3125,2026-06-10,en-de,v2,marketing,17,349,0.3122,0.6782
3126,2026-06-10,en-el,v2,legal,53,345,0.4282,0.5507
3127,2026-06-10,en-pt,v2,support_ticket,16,370,0.0111,0.9903
3128,2026-06-10,en-it,v2,documentation,43,376,0.1498,0.8584
3129,2026-06-10,en-fr,v2,marketing,19,350,0.1211,0.8794
3130,2026-06-10,en-ja,v2,support_ticket,46,419,0.9127,0.1198
3131,2026-06-10,en-ja,v2,marketing,24,517,0.9308,0.0635
3132,2026-06-10,en-pt,v2,marketing,38,449,0.1319,0.8869
3133,2026-06-10,en-pt,v2,documentation,37,224,0.0325,0.9997
3134,2026-06-10,en-pt,v2,documentation,39,428,0.1215,0.8045
3135,2026-06-10,en-el,v2,documentation,31,415,0.3299,0.6882
3136,2026-06-10,en-el,v2,documentation,30,344,0.194,0.7621
3137,2026-06-10,en-es,v2,marketing,18,378,0.119,0.866
3138,2026-06-10,en-ja,v2,marketing,13,288,0.9197,0.1014
3139,2026-06-10,en-de,v2,support_ticket,25,399,0.2024,0.8215
3140,2026-06-10,en-es,v2,marketing,26,490,0.1379,0.9132
3141,2026-06-10,en-el,v2,documentation,32,351,0.2369,0.7509
3142,2026-06-10,en-pt,v2,marketing,20,435,0.1863,0.804
3143,2026-06-10,en-pt,v2,legal,54,373,0.2332,0.7608
3144,2026-06-10,en-zh,v2,documentation,27,398,0.6725,0.3403
3145,2026-06-10,en-es,v2,support_ticket,14,442,0.0413,0.8991
3146,2026-06-10,en-pt,v2,documentation,37,479,0.1137,0.9164
3147,2026-06-10,en-ja,v2,marketing,11,432,0.8263,0.2139
3148,2026-06-11,en-de,v2,documentation,28,444,0.1537,0.8528
3149,2026-06-11,en-it,v2,support_ticket,13,317,0.0572,0.9381
3150,2026-06-11,en-fr,v2,documentation,47,357,0.1157,0.8759
3151,2026-06-11,en-zh,v2,documentation,38,375,0.7546,0.2396
3152,2026-06-11,en-ja,v2,legal,68,402,0.95,0.0906
3153,2026-06-11,en-ja,v2,support_ticket,33,362,0.9105,0.0582
3154,2026-06-11,en-de,v2,documentation,27,425,0.2551,0.7219
3155,2026-06-11,en-es,v2,documentation,28,446,0.0225,0.9485
3156,2026-06-11,en-it,v2,documentation,25,481,0.01,1.0
3157,2026-06-11,en-es,v2,support_ticket,25,302,0.0187,0.9069
3158,2026-06-11,en-el,v2,legal,90,364,0.6135,0.3578
3159,2026-06-11,en-el,v2,marketing,22,569,0.2313,0.8027
3160,2026-06-11,en-pt,v2,documentation,27,409,0.0819,0.9208
3161,2026-06-11,en-pt,v2,support_ticket,25,400,0.0552,0.9535
3162,2026-06-11,en-de,v2,documentation,20,381,0.1241,0.854
3163,2026-06-11,en-fr,v2,documentation,33,354,0.0102,0.9916
3164,2026-06-11,en-pt,v2,documentation,42,371,0.0963,0.8679
3165,2026-06-11,en-es,v2,documentation,31,404,0.0686,0.9561
3166,2026-06-11,en-de,v2,support_ticket,37,386,0.2228,0.7953
3167,2026-06-11,en-es,v2,marketing,14,384,0.1186,0.8773
3168,2026-06-11,en-fr,v2,legal,24,367,0.2641,0.723
3169,2026-06-11,en-de,v2,marketing,24,449,0.2165,0.7792
3170,2026-06-11,en-pt,v2,support_ticket,19,300,0.01,1.0
3171,2026-06-11,en-es,v2,documentation,38,257,0.0797,0.8943
3172,2026-06-11,en-pt,v2,legal,40,303,0.2256,0.7856
3173,2026-06-11,en-zh,v2,legal,84,268,0.95,0.0755
3174,2026-06-11,en-pt,v2,support_ticket,58,298,0.1264,0.8867
3175,2026-06-11,en-it,v2,documentation,50,402,0.0972,0.8281
3176,2026-06-11,en-es,v2,documentation,34,301,0.0286,0.9564
3177,2026-06-11,en-fr,v2,marketing,18,359,0.1779,0.8628
3178,2026-06-11,en-ja,v2,documentation,68,358,0.95,0.05
3179,2026-06-11,en-de,v2,support_ticket,16,445,0.1669,0.7928
3180,2026-06-11,en-ja,v2,documentation,16,467,0.832,0.1255
3181,2026-06-11,en-zh,v2,documentation,56,265,0.7946,0.1549
3182,2026-06-11,en-zh,v2,legal,31,391,0.8537,0.1317
3183,2026-06-11,en-it,v2,marketing,27,370,0.2089,0.7852
3184,2026-06-11,en-ja,v2,legal,60,483,0.95,0.05
3185,2026-06-11,en-el,v2,legal,40,353,0.5278,0.4631
3186,2026-06-11,en-el,v2,documentation,35,312,0.2829,0.7043
3187,2026-06-11,en-ja,v2,support_ticket,22,358,0.8477,0.1373
3188,2026-06-11,en-zh,v2,marketing,10,434,0.7234,0.2639
3189,2026-06-11,en-es,v2,documentation,54,396,0.0532,0.9447
3190,2026-06-11,en-pt,v2,support_ticket,23,427,0.0201,0.979
3191,2026-06-11,en-es,v2,marketing,9,403,0.1012,0.8998
3192,2026-06-11,en-zh,v2,documentation,16,478,0.5924,0.39
3193,2026-06-11,en-pt,v2,documentation,24,373,0.0605,0.9556
3194,2026-06-11,en-it,v2,support_ticket,23,339,0.0482,0.916
3195,2026-06-11,en-el,v2,marketing,12,359,0.2703,0.7399
3196,2026-06-11,en-it,v2,support_ticket,26,373,0.0628,1.0
3197,2026-06-11,en-es,v2,support_ticket,36,264,0.0627,0.9382
3198,2026-06-11,en-zh,v2,legal,48,425,0.8422,0.1874
3199,2026-06-11,en-el,v2,support_ticket,15,485,0.2433,0.7588
3200,2026-06-11,en-es,v2,legal,44,419,0.1773,0.8195
3201,2026-06-11,en-pt,v2,documentation,39,328,0.0926,0.88
3202,2026-06-12,en-pt,v2,support_ticket,18,434,0.0158,1.0
3203,2026-06-12,en-fr,v2,support_ticket,34,310,0.0258,0.9655
3204,2026-06-12,en-de,v2,support_ticket,18,408,0.1313,0.8288
3205,2026-06-12,en-pt,v2,support_ticket,22,345,0.0623,0.9549
3206,2026-06-12,en-it,v2,marketing,16,290,0.2098,0.8187
3207,2026-06-12,en-es,v2,marketing,12,490,0.1678,0.7699
3208,2026-06-12,en-zh,v2,legal,56,458,0.95,0.058
3209,2026-06-12,en-pt,v2,support_ticket,30,346,0.0192,1.0
3210,2026-06-12,en-de,v2,documentation,32,368,0.206,0.7545
3211,2026-06-12,en-it,v2,marketing,15,398,0.2284,0.8096
3212,2026-06-12,en-el,v2,documentation,42,445,0.3156,0.759
3213,2026-06-12,en-es,v2,legal,63,410,0.2473,0.754
3214,2026-06-12,en-fr,v2,documentation,49,435,0.0981,0.9074
3215,2026-06-12,en-pt,v2,support_ticket,30,405,0.0656,0.9648
3216,2026-06-12,en-pt,v2,legal,42,419,0.1238,0.9031
3217,2026-06-12,en-fr,v2,documentation,41,285,0.1561,0.8407
3218,2026-06-12,en-pt,v2,documentation,61,419,0.1717,0.8229
3219,2026-06-12,en-pt,v2,legal,51,404,0.2775,0.6749
3220,2026-06-12,en-el,v2,documentation,46,306,0.2838,0.7407
3221,2026-06-12,en-de,v2,legal,52,418,0.4686,0.512
3222,2026-06-12,en-el,v2,marketing,28,402,0.3726,0.5841
3223,2026-06-12,en-it,v2,support_ticket,21,366,0.01,1.0
3224,2026-06-12,en-ja,v2,documentation,31,391,0.8564,0.1461
3225,2026-06-12,en-es,v2,support_ticket,18,437,0.01,0.9984
3226,2026-06-12,en-fr,v2,documentation,59,473,0.2191,0.7463
3227,2026-06-12,en-el,v2,support_ticket,33,333,0.3355,0.6843
3228,2026-06-12,en-el,v2,documentation,21,271,0.2179,0.7865
3229,2026-06-12,en-es,v2,marketing,17,413,0.097,0.8995
3230,2026-06-12,en-pt,v2,documentation,26,424,0.0308,0.9971
3231,2026-06-12,en-it,v2,legal,53,425,0.2885,0.6936
3232,2026-06-12,en-de,v2,support_ticket,14,442,0.1533,0.8254
3233,2026-06-12,en-fr,v2,marketing,14,503,0.0893,0.8807
3234,2026-06-12,en-it,v2,marketing,19,500,0.1775,0.7992
3235,2026-06-12,en-zh,v2,support_ticket,38,428,0.7673,0.215
3236,2026-06-12,en-es,v2,legal,51,386,0.1912,0.8583
3237,2026-06-12,en-zh,v2,support_ticket,16,355,0.6417,0.3578
3238,2026-06-12,en-ja,v2,legal,49,417,0.95,0.05
3239,2026-06-12,en-it,v2,support_ticket,16,400,0.02,0.9777
3240,2026-06-12,en-el,v2,documentation,31,422,0.3463,0.6628
3241,2026-06-12,en-pt,v2,support_ticket,17,314,0.1004,0.903
3242,2026-06-12,en-de,v2,documentation,29,451,0.1478,0.8161
3243,2026-06-12,en-fr,v2,support_ticket,27,411,0.0504,0.9449
3244,2026-06-12,en-it,v2,support_ticket,27,394,0.0947,0.8936
3245,2026-06-12,en-fr,v2,support_ticket,19,383,0.01,1.0
3246,2026-06-12,en-de,v2,marketing,12,387,0.2003,0.8071
3247,2026-06-12,en-de,v2,documentation,43,252,0.2287,0.7678
3248,2026-06-12,en-es,v2,marketing,11,485,0.0962,0.9117
3249,2026-06-12,en-zh,v2,support_ticket,24,313,0.6812,0.3294
3250,2026-06-12,en-de,v2,marketing,10,340,0.1345,0.8609
3251,2026-06-12,en-de,v2,support_ticket,17,407,0.1681,0.8379
3252,2026-06-12,en-zh,v2,documentation,23,344,0.674,0.2645
3253,2026-06-12,en-es,v2,documentation,51,411,0.1235,0.8804
3254,2026-06-12,en-zh,v2,documentation,24,381,0.7506,0.2293
3255,2026-06-13,en-fr,v2,support_ticket,16,399,0.01,0.9962
3256,2026-06-13,en-es,v2,marketing,16,466,0.0762,0.9534
3257,2026-06-13,en-de,v2,marketing,13,382,0.1851,0.7997
3258,2026-06-13,en-fr,v2,documentation,20,394,0.01,1.0
3259,2026-06-13,en-fr,v2,documentation,31,493,0.1485,0.839
3260,2026-06-13,en-de,v2,documentation,26,471,0.2035,0.8342
3261,2026-06-13,en-zh,v2,marketing,18,355,0.8371,0.1084
3262,2026-06-13,en-es,v2,marketing,16,393,0.01,1.0
3263,2026-06-13,en-es,v2,marketing,23,411,0.151,0.8188
3264,2026-06-13,en-ja,v2,documentation,36,346,0.8941,0.1447
3265,2026-06-13,en-ja,v2,documentation,32,400,0.9016,0.1084
3266,2026-06-13,en-de,v2,documentation,23,472,0.1484,0.7925
3267,2026-06-13,en-de,v2,documentation,53,421,0.2722,0.6966
3268,2026-06-13,en-fr,v2,documentation,22,403,0.0137,0.9715
3269,2026-06-13,en-zh,v2,support_ticket,40,342,0.7495,0.2708
3270,2026-06-13,en-fr,v2,documentation,48,404,0.1329,0.8137
3271,2026-06-13,en-pt,v2,marketing,33,423,0.0908,0.8899
3272,2026-06-13,en-el,v2,marketing,17,415,0.4065,0.6051
3273,2026-06-13,en-de,v2,support_ticket,31,433,0.2181,0.7773
3274,2026-06-13,en-fr,v2,documentation,25,324,0.0362,0.9748
3275,2026-06-13,en-zh,v2,marketing,21,314,0.7348,0.2583
3276,2026-06-13,en-es,v2,legal,35,287,0.2538,0.8069
3277,2026-06-13,en-de,v2,marketing,25,417,0.3016,0.7483
3278,2026-06-13,en-es,v2,documentation,33,278,0.01,0.9702
3279,2026-06-13,en-el,v2,marketing,36,559,0.4739,0.5833
3280,2026-06-13,en-el,v2,documentation,39,397,0.3078,0.6922
3281,2026-06-13,en-fr,v2,support_ticket,18,401,0.01,0.9692
3282,2026-06-13,en-fr,v2,support_ticket,20,446,0.0333,0.9617
3283,2026-06-13,en-ja,v2,documentation,33,302,0.8896,0.1205
3284,2026-06-13,en-it,v2,documentation,49,288,0.0717,0.9122
3285,2026-06-13,en-el,v2,marketing,13,338,0.2571,0.7203
3286,2026-06-13,en-es,v2,support_ticket,31,425,0.01,1.0
3287,2026-06-13,en-es,v2,marketing,20,277,0.1073,0.8966
3288,2026-06-13,en-fr,v2,legal,83,347,0.3099,0.6838
3289,2026-06-13,en-el,v2,documentation,43,403,0.2569,0.7209
3290,2026-06-13,en-fr,v2,marketing,32,363,0.1171,0.8447
3291,2026-06-13,en-de,v2,legal,50,459,0.3597,0.6502
3292,2026-06-13,en-pt,v2,documentation,44,375,0.01,0.9577
3293,2026-06-13,en-ja,v2,support_ticket,19,295,0.9227,0.05
3294,2026-06-13,en-de,v2,support_ticket,19,373,0.1613,0.8344
3295,2026-06-13,en-el,v2,documentation,43,367,0.3801,0.608
3296,2026-06-13,en-it,v2,documentation,58,266,0.1861,0.7556
3297,2026-06-13,en-pt,v2,support_ticket,21,369,0.0357,1.0
3298,2026-06-13,en-zh,v2,support_ticket,22,281,0.7365,0.2609
3299,2026-06-13,en-pt,v2,support_ticket,12,404,0.01,1.0
3300,2026-06-13,en-pt,v2,marketing,23,420,0.1148,0.8792
3301,2026-06-13,en-fr,v2,documentation,34,437,0.1113,0.9101
3302,2026-06-14,en-es,v2,support_ticket,28,410,0.01,1.0
3303,2026-06-14,en-el,v2,support_ticket,37,470,0.2067,0.8488
3304,2026-06-14,en-it,v2,support_ticket,20,421,0.0503,0.9687
3305,2026-06-14,en-ja,v2,support_ticket,27,427,0.8979,0.0713
3306,2026-06-14,en-el,v2,support_ticket,21,324,0.31,0.6891
3307,2026-06-14,en-pt,v2,documentation,56,374,0.1838,0.8513
3308,2026-06-14,en-pt,v2,support_ticket,23,329,0.0505,0.9528
3309,2026-06-14,en-ja,v2,support_ticket,18,411,0.8734,0.1217
3310,2026-06-14,en-fr,v2,marketing,21,476,0.1844,0.8069
3311,2026-06-14,en-zh,v2,documentation,64,433,0.8061,0.171
3312,2026-06-14,en-ja,v2,marketing,18,327,0.9058,0.0851
3313,2026-06-14,en-el,v2,marketing,11,400,0.3527,0.6151
3314,2026-06-14,en-zh,v2,documentation,45,360,0.7473,0.25
3315,2026-06-14,en-es,v2,documentation,26,426,0.0352,0.9359
3316,2026-06-14,en-zh,v2,support_ticket,28,366,0.6846,0.3427
3317,2026-06-14,en-it,v2,documentation,33,399,0.0244,0.9825
3318,2026-06-14,en-es,v2,support_ticket,20,365,0.01,1.0
3319,2026-06-14,en-es,v2,documentation,21,283,0.01,0.9511
3320,2026-06-14,en-de,v2,support_ticket,24,348,0.1612,0.8457
3321,2026-06-14,en-zh,v2,support_ticket,29,356,0.6711,0.3138
3322,2026-06-14,en-pt,v2,marketing,7,275,0.0889,0.9008
3323,2026-06-14,en-zh,v2,marketing,15,423,0.79,0.1868
3324,2026-06-14,en-es,v2,support_ticket,12,460,0.01,0.9448
3325,2026-06-14,en-es,v2,documentation,28,347,0.1202,0.8654
3326,2026-06-14,en-pt,v2,documentation,38,439,0.0251,0.983
3327,2026-06-14,en-fr,v2,legal,42,367,0.2559,0.7878
3328,2026-06-14,en-pt,v2,support_ticket,18,394,0.01,1.0
3329,2026-06-14,en-el,v2,support_ticket,22,401,0.2533,0.6955
3330,2026-06-14,en-it,v2,support_ticket,22,350,0.0145,0.9497
3331,2026-06-14,en-el,v2,support_ticket,14,408,0.2591,0.7454
3332,2026-06-14,en-es,v2,documentation,29,394,0.01,1.0
3333,2026-06-14,en-zh,v2,documentation,54,343,0.7494,0.2817
3334,2026-06-14,en-de,v2,support_ticket,41,368,0.2285,0.7509
3335,2026-06-14,en-it,v2,documentation,37,420,0.1036,0.9228
3336,2026-06-14,en-fr,v2,legal,56,336,0.305,0.7493
3337,2026-06-14,en-es,v2,support_ticket,24,374,0.01,0.9729
3338,2026-06-14,en-es,v2,legal,34,463,0.1737,0.787
3339,2026-06-15,en-es,v2,marketing,18,441,0.1018,0.8744
3340,2026-06-15,en-fr,v2,documentation,27,460,0.0618,0.8871
3341,2026-06-15,en-fr,v2,documentation,57,360,0.1249,0.8267
3342,2026-06-15,en-fr,v2,support_ticket,29,373,0.0839,0.8692
3343,2026-06-15,en-el,v2,marketing,12,433,0.3495,0.6347
3344,2026-06-15,en-ja,v2,documentation,33,502,0.9341,0.05
3345,2026-06-15,en-it,v2,marketing,12,344,0.1041,0.8919
3346,2026-06-15,en-de,v2,documentation,32,266,0.2277,0.7431
3347,2026-06-15,en-ja,v2,marketing,12,459,0.9452,0.0533
3348,2026-06-15,en-es,v2,legal,65,326,0.33,0.6711
3349,2026-06-15,en-fr,v2,marketing,9,321,0.1425,0.8194
3350,2026-06-15,en-it,v2,documentation,53,400,0.1049,0.9124
3351,2026-06-15,en-de,v2,documentation,39,334,0.2137,0.7608
3352,2026-06-15,en-de,v2,support_ticket,21,446,0.1718,0.8385
3353,2026-06-15,en-ja,v2,support_ticket,16,336,0.7695,0.2378
3354,2026-06-15,en-it,v2,support_ticket,42,494,0.1267,0.8947
3355,2026-06-15,en-pt,v2,documentation,24,379,0.01,0.9712
3356,2026-06-15,en-ja,v2,support_ticket,25,287,0.8073,0.1591
3357,2026-06-15,en-el,v2,marketing,16,414,0.357,0.6232
3358,2026-06-15,en-ja,v2,marketing,14,433,0.95,0.0606
3359,2026-06-15,en-es,v2,marketing,15,364,0.1544,0.8762
3360,2026-06-15,en-it,v2,support_ticket,11,306,0.01,0.9365
3361,2026-06-15,en-ja,v2,support_ticket,20,469,0.8784,0.1278
3362,2026-06-15,en-pt,v2,marketing,16,432,0.1242,0.8897
3363,2026-06-15,en-pt,v2,marketing,10,302,0.1254,0.8932
3364,2026-06-15,en-de,v2,marketing,12,507,0.2026,0.795
3365,2026-06-15,en-it,v2,documentation,26,411,0.01,0.9625
3366,2026-06-15,en-ja,v2,support_ticket,16,391,0.8618,0.0605
3367,2026-06-15,en-el,v2,documentation,57,425,0.3603,0.6184
3368,2026-06-15,en-it,v2,support_ticket,21,460,0.0363,0.9591
3369,2026-06-15,en-de,v2,marketing,25,366,0.255,0.7768
3370,2026-06-15,en-pt,v2,documentation,16,394,0.01,0.9825
3371,2026-06-15,en-es,v2,support_ticket,23,405,0.025,0.936
3372,2026-06-15,en-fr,v2,legal,65,423,0.3538,0.6616
3373,2026-06-15,en-el,v2,support_ticket,15,447,0.2852,0.6863
3374,2026-06-15,en-ja,v2,support_ticket,23,279,0.888,0.05
3375,2026-06-15,en-es,v2,legal,50,454,0.2416,0.7397
3376,2026-06-15,en-fr,v2,documentation,43,434,0.0646,0.9436
3377,2026-06-15,en-de,v2,legal,45,358,0.3876,0.6192
3378,2026-06-15,en-pt,v2,support_ticket,15,326,0.01,1.0
3379,2026-06-15,en-ja,v2,marketing,19,283,0.9029,0.0792
3380,2026-06-15,en-es,v2,support_ticket,26,434,0.0217,0.9488
3381,2026-06-15,en-zh,v2,marketing,9,315,0.7322,0.262
3382,2026-06-15,en-es,v2,support_ticket,27,301,0.029,0.9534
3383,2026-06-15,en-el,v2,support_ticket,51,319,0.3491,0.6481
3384,2026-06-15,en-el,v2,marketing,15,243,0.3487,0.6679
3385,2026-06-15,en-it,v2,support_ticket,36,396,0.0332,0.9906
3386,2026-06-15,en-de,v2,marketing,10,367,0.2858,0.6984
3387,2026-06-15,en-ja,v2,legal,31,344,0.95,0.0701
3388,2026-06-15,en-pt,v2,support_ticket,38,331,0.0455,0.9104
3389,2026-06-15,en-ja,v2,documentation,27,461,0.9437,0.05
3390,2026-06-15,en-ja,v2,support_ticket,21,374,0.7943,0.227
3391,2026-06-16,en-es,v2,marketing,27,375,0.1355,0.8444
3392,2026-06-16,en-fr,v2,legal,52,447,0.2711,0.7114
3393,2026-06-16,en-pt,v2,marketing,11,354,0.1072,0.867
3394,2026-06-16,en-de,v2,documentation,23,433,0.1219,0.8732
3395,2026-06-16,en-ja,v2,support_ticket,19,389,0.8374,0.2042
3396,2026-06-16,en-el,v2,documentation,28,425,0.2256,0.8157
3397,2026-06-16,en-fr,v2,legal,48,424,0.2928,0.7117
3398,2026-06-16,en-pt,v2,documentation,26,337,0.01,0.942
3399,2026-06-16,en-it,v2,marketing,17,455,0.1768,0.8629
3400,2026-06-16,en-it,v2,documentation,21,462,0.1044,0.9423
3401,2026-06-16,en-fr,v2,documentation,17,413,0.069,0.9686
3402,2026-06-16,en-it,v2,documentation,28,412,0.0337,0.9425
3403,2026-06-16,en-pt,v2,documentation,19,399,0.043,0.9508
3404,2026-06-16,en-el,v2,documentation,29,446,0.2494,0.7271
3405,2026-06-16,en-de,v2,documentation,22,245,0.1866,0.8762
3406,2026-06-16,en-es,v2,documentation,27,340,0.01,0.9791
3407,2026-06-16,en-zh,v2,support_ticket,16,429,0.6179,0.4182
3408,2026-06-16,en-de,v2,marketing,12,393,0.2332,0.7602
3409,2026-06-16,en-el,v2,support_ticket,24,451,0.2026,0.7912
3410,2026-06-16,en-it,v2,support_ticket,43,393,0.1604,0.8179
3411,2026-06-16,en-es,v2,support_ticket,26,344,0.0214,1.0
3412,2026-06-16,en-fr,v2,support_ticket,15,410,0.0825,0.9535
3413,2026-06-16,en-it,v2,support_ticket,21,486,0.0451,0.9462
3414,2026-06-16,en-pt,v2,support_ticket,11,404,0.01,1.0
3415,2026-06-16,en-zh,v2,documentation,52,333,0.7876,0.2302
3416,2026-06-16,en-ja,v2,support_ticket,25,343,0.8561,0.1386
3417,2026-06-16,en-ja,v2,documentation,56,383,0.9485,0.05
3418,2026-06-16,en-zh,v2,support_ticket,28,382,0.5976,0.3985
3419,2026-06-16,en-ja,v2,legal,40,417,0.95,0.05
3420,2026-06-16,en-it,v2,documentation,55,444,0.1839,0.818
3421,2026-06-16,en-ja,v2,support_ticket,11,509,0.9085,0.1052
3422,2026-06-16,en-ja,v2,support_ticket,20,377,0.8125,0.2042
3423,2026-06-16,en-fr,v2,documentation,70,290,0.1895,0.8598
3424,2026-06-16,en-fr,v2,documentation,28,405,0.0922,0.8644
3425,2026-06-16,en-de,v2,documentation,20,451,0.188,0.7754
3426,2026-06-16,en-fr,v2,documentation,27,315,0.01,0.9721
3427,2026-06-16,en-fr,v2,support_ticket,21,388,0.01,0.9511
3428,2026-06-16,en-es,v2,support_ticket,16,485,0.01,1.0
3429,2026-06-16,en-el,v2,support_ticket,17,450,0.2557,0.6794
3430,2026-06-16,en-ja,v2,documentation,17,345,0.7823,0.2194
3431,2026-06-16,en-el,v2,documentation,39,381,0.3401,0.6387
3432,2026-06-16,en-de,v2,legal,68,324,0.4033,0.6067
3433,2026-06-16,en-ja,v2,documentation,53,339,0.902,0.1207
3434,2026-06-16,en-fr,v2,marketing,27,503,0.1058,0.8758
3435,2026-06-16,en-ja,v2,marketing,17,364,0.9447,0.081
3436,2026-06-16,en-es,v2,documentation,66,339,0.1263,0.829
3437,2026-06-16,en-ja,v2,legal,39,403,0.95,0.0543
3438,2026-06-16,en-es,v2,support_ticket,10,364,0.01,0.9836
3439,2026-06-16,en-el,v2,marketing,16,378,0.3385,0.6221
3440,2026-06-16,en-ja,v2,legal,39,460,0.95,0.0753
3441,2026-06-16,en-it,v2,marketing,18,474,0.1964,0.8279
3442,2026-06-17,en-pt,v2,support_ticket,26,375,0.0627,0.9203
3443,2026-06-17,en-zh,v2,documentation,25,323,0.6428,0.3946
3444,2026-06-17,en-ja,v2,legal,46,379,0.95,0.05
3445,2026-06-17,en-el,v2,support_ticket,24,366,0.2115,0.7677
3446,2026-06-17,en-it,v2,marketing,20,292,0.1346,0.9293
3447,2026-06-17,en-de,v2,documentation,30,375,0.1147,0.8756
3448,2026-06-17,en-zh,v2,support_ticket,30,439,0.7394,0.3147
3449,2026-06-17,en-zh,v2,support_ticket,26,370,0.6095,0.3645
3450,2026-06-17,en-el,v2,marketing,13,438,0.3498,0.6864
3451,2026-06-17,en-el,v2,marketing,11,440,0.4493,0.5575
3452,2026-06-17,en-ja,v2,legal,47,333,0.95,0.05
3453,2026-06-17,en-es,v2,documentation,85,396,0.1487,0.8586
3454,2026-06-17,en-zh,v2,support_ticket,18,406,0.7311,0.2303
3455,2026-06-17,en-es,v2,support_ticket,20,418,0.0229,0.9926
3456,2026-06-17,en-el,v2,documentation,36,426,0.1932,0.8215
3457,2026-06-17,en-el,v2,documentation,43,410,0.3602,0.6494
3458,2026-06-17,en-zh,v2,legal,43,342,0.896,0.1373
3459,2026-06-17,en-pt,v2,marketing,18,333,0.1484,0.8543
3460,2026-06-17,en-pt,v2,marketing,20,418,0.0629,0.8818
3461,2026-06-17,en-fr,v2,support_ticket,29,407,0.0905,0.9537
3462,2026-06-17,en-pt,v2,marketing,22,374,0.118,0.9212
3463,2026-06-17,en-fr,v2,legal,64,399,0.3144,0.6931
3464,2026-06-17,en-fr,v2,support_ticket,6,338,0.0841,0.9087
3465,2026-06-17,en-it,v2,documentation,38,337,0.103,0.9015
3466,2026-06-17,en-es,v2,marketing,24,331,0.0497,0.9721
3467,2026-06-17,en-ja,v2,marketing,14,374,0.9205,0.0732
3468,2026-06-17,en-zh,v2,support_ticket,28,265,0.7597,0.1937
3469,2026-06-17,en-fr,v2,marketing,8,478,0.1567,0.8174
3470,2026-06-17,en-el,v2,documentation,32,336,0.2942,0.7359
3471,2026-06-17,en-zh,v2,legal,79,566,0.95,0.0905
3472,2026-06-17,en-es,v2,support_ticket,15,293,0.01,0.962
3473,2026-06-17,en-pt,v2,support_ticket,17,364,0.01,1.0
3474,2026-06-17,en-pt,v2,support_ticket,24,329,0.0335,1.0
3475,2026-06-17,en-fr,v2,support_ticket,29,404,0.075,0.8895
3476,2026-06-17,en-el,v2,documentation,74,401,0.3282,0.6483
3477,2026-06-17,en-es,v2,marketing,19,320,0.0422,0.9801
3478,2026-06-17,en-ja,v2,legal,30,388,0.95,0.0614
3479,2026-06-18,en-it,v2,documentation,25,392,0.1007,0.9173
3480,2026-06-18,en-pt,v2,support_ticket,17,258,0.01,0.9847
3481,2026-06-18,en-pt,v2,marketing,12,471,0.0508,0.9755
3482,2026-06-18,en-it,v2,support_ticket,25,331,0.0343,0.9555
3483,2026-06-18,en-pt,v2,support_ticket,33,407,0.01,0.9898
3484,2026-06-18,en-de,v2,documentation,22,473,0.2173,0.7703
3485,2026-06-18,en-ja,v2,support_ticket,31,313,0.9222,0.0733
3486,2026-06-18,en-it,v2,support_ticket,25,347,0.031,0.966
3487,2026-06-18,en-it,v2,documentation,17,335,0.0938,0.9702
3488,2026-06-18,en-pt,v2,support_ticket,49,341,0.1247,0.7979
3489,2026-06-18,en-it,v2,support_ticket,22,366,0.0744,0.8913
3490,2026-06-18,en-fr,v2,marketing,15,288,0.1213,0.8815
3491,2026-06-18,en-de,v2,marketing,24,362,0.227,0.838
3492,2026-06-18,en-it,v2,marketing,22,455,0.0747,0.9552
3493,2026-06-18,en-fr,v2,documentation,10,303,0.0233,1.0
3494,2026-06-18,en-de,v2,marketing,11,364,0.2947,0.7594
3495,2026-06-18,en-ja,v2,marketing,21,464,0.9218,0.0965
3496,2026-06-18,en-zh,v2,documentation,34,466,0.7518,0.2787
3497,2026-06-18,en-fr,v2,support_ticket,11,293,0.064,0.9371
3498,2026-06-18,en-el,v2,support_ticket,25,361,0.3494,0.6735
3499,2026-06-18,en-el,v2,legal,64,394,0.461,0.5534
3500,2026-06-18,en-ja,v2,legal,18,375,0.9365,0.05
3501,2026-06-18,en-zh,v2,documentation,31,336,0.6962,0.3037
3502,2026-06-18,en-ja,v2,documentation,35,351,0.9029,0.1382
3503,2026-06-18,en-fr,v2,legal,47,312,0.2183,0.7753
3504,2026-06-18,en-fr,v2,marketing,22,499,0.1593,0.8525
3505,2026-06-18,en-fr,v2,marketing,23,356,0.1922,0.7729
3506,2026-06-18,en-ja,v2,marketing,10,341,0.9265,0.05
3507,2026-06-18,en-el,v2,marketing,28,436,0.4144,0.5937
3508,2026-06-18,en-de,v2,legal,32,343,0.2793,0.7628
3509,2026-06-18,en-es,v2,documentation,23,355,0.0199,0.9754
3510,2026-06-18,en-pt,v2,support_ticket,21,393,0.0222,0.9469
3511,2026-06-18,en-it,v2,marketing,26,311,0.2313,0.7232
3512,2026-06-18,en-zh,v2,marketing,20,298,0.8106,0.1722
3513,2026-06-18,en-zh,v2,documentation,33,459,0.6251,0.4215
3514,2026-06-18,en-zh,v2,support_ticket,25,408,0.7762,0.2594
3515,2026-06-18,en-fr,v2,support_ticket,16,264,0.0368,1.0
3516,2026-06-18,en-pt,v2,marketing,15,465,0.0281,0.9382
3517,2026-06-18,en-zh,v2,documentation,40,332,0.7433,0.2522
3518,2026-06-18,en-pt,v2,documentation,42,345,0.074,0.9892
3519,2026-06-18,en-it,v2,marketing,10,364,0.1213,0.9116
3520,2026-06-18,en-el,v2,support_ticket,26,506,0.2767,0.7309
3521,2026-06-18,en-fr,v2,documentation,37,378,0.01,1.0
3522,2026-06-18,en-fr,v2,support_ticket,27,465,0.1171,0.8963
3523,2026-06-18,en-ja,v2,legal,21,410,0.95,0.0546
3524,2026-06-18,en-fr,v2,marketing,16,376,0.1385,0.875
3525,2026-06-18,en-es,v2,documentation,42,338,0.0326,0.994
3526,2026-06-18,en-de,v2,documentation,36,461,0.1258,0.8835
3527,2026-06-19,en-pt,v2,support_ticket,37,417,0.0615,0.9496
3528,2026-06-19,en-it,v2,marketing,10,462,0.1347,0.8828
3529,2026-06-19,en-de,v2,marketing,16,441,0.1459,0.8258
3530,2026-06-19,en-ja,v2,marketing,26,407,0.9447,0.128
3531,2026-06-19,en-el,v2,documentation,96,414,0.4053,0.5666
3532,2026-06-19,en-de,v2,marketing,16,399,0.2417,0.7157
3533,2026-06-19,en-el,v2,marketing,22,356,0.3871,0.584
3534,2026-06-19,en-it,v2,legal,65,468,0.3093,0.6932
3535,2026-06-19,en-pt,v2,support_ticket,21,463,0.0472,0.9535
3536,2026-06-19,en-fr,v2,documentation,32,301,0.0548,0.93
3537,2026-06-19,en-es,v2,documentation,40,483,0.0557,0.9052
3538,2026-06-19,en-it,v2,support_ticket,44,526,0.1035,0.92
3539,2026-06-19,en-fr,v2,support_ticket,22,373,0.033,0.9374
3540,2026-06-19,en-es,v2,documentation,34,415,0.121,0.9499
3541,2026-06-19,en-pt,v2,marketing,15,373,0.1647,0.7913
3542,2026-06-19,en-pt,v2,support_ticket,14,499,0.01,0.9795
3543,2026-06-19,en-fr,v2,marketing,16,361,0.1022,0.9079
3544,2026-06-19,en-zh,v2,documentation,48,439,0.7051,0.3091
3545,2026-06-19,en-pt,v2,marketing,21,408,0.1146,0.8595
3546,2026-06-19,en-fr,v2,support_ticket,11,402,0.0535,0.9658
3547,2026-06-19,en-ja,v2,documentation,33,314,0.8291,0.1746
3548,2026-06-19,en-fr,v2,legal,90,489,0.3872,0.6644
3549,2026-06-19,en-es,v2,documentation,13,485,0.01,0.9652
3550,2026-06-19,en-el,v2,marketing,14,457,0.3419,0.6119
3551,2026-06-19,en-el,v2,support_ticket,28,482,0.2483,0.7107
3552,2026-06-19,en-pt,v2,documentation,34,236,0.0823,0.9099
3553,2026-06-19,en-el,v2,marketing,27,322,0.4125,0.6122
3554,2026-06-19,en-el,v2,documentation,35,329,0.317,0.7066
3555,2026-06-19,en-ja,v2,marketing,23,326,0.9099,0.1214
3556,2026-06-19,en-fr,v2,legal,28,355,0.2485,0.7094
3557,2026-06-19,en-de,v2,legal,35,418,0.2715,0.7526
3558,2026-06-19,en-zh,v2,support_ticket,30,460,0.7975,0.2383
3559,2026-06-19,en-ja,v2,support_ticket,21,304,0.8623,0.1146
3560,2026-06-19,en-zh,v2,support_ticket,23,340,0.6912,0.3334
3561,2026-06-19,en-es,v2,documentation,45,332,0.1143,0.8927
3562,2026-06-19,en-zh,v2,support_ticket,20,413,0.6865,0.3231
3563,2026-06-19,en-pt,v2,documentation,40,421,0.0948,0.8836
3564,2026-06-19,en-zh,v2,marketing,11,363,0.7381,0.224
3565,2026-06-19,en-es,v2,marketing,9,275,0.0547,1.0
3566,2026-06-19,en-zh,v2,documentation,36,416,0.7404,0.2889
3567,2026-06-19,en-de,v2,legal,74,372,0.422,0.4849
3568,2026-06-19,en-de,v2,documentation,41,423,0.2665,0.7312
3569,2026-06-19,en-fr,v2,marketing,15,314,0.2357,0.7201
3570,2026-06-19,en-pt,v2,marketing,13,427,0.0761,0.9229
3571,2026-06-19,en-fr,v2,marketing,8,356,0.0518,0.9229
3572,2026-06-19,en-pt,v2,marketing,29,300,0.1291,0.8471
3573,2026-06-19,en-it,v2,documentation,43,398,0.0472,0.9643
3574,2026-06-19,en-el,v2,documentation,28,341,0.2537,0.712
3575,2026-06-19,en-fr,v2,marketing,16,403,0.1558,0.9144
3576,2026-06-20,en-ja,v2,marketing,18,462,0.9155,0.1041
3577,2026-06-20,en-pt,v2,support_ticket,25,254,0.0602,0.9121
3578,2026-06-20,en-zh,v2,legal,25,409,0.8203,0.1958
3579,2026-06-20,en-es,v2,support_ticket,22,301,0.01,0.9785
3580,2026-06-20,en-fr,v2,legal,52,456,0.2946,0.7076
3581,2026-06-20,en-ja,v2,support_ticket,17,351,0.8292,0.1946
3582,2026-06-20,en-es,v2,marketing,9,454,0.0992,0.9281
3583,2026-06-20,en-pt,v2,marketing,24,416,0.1515,0.8689
3584,2026-06-20,en-zh,v2,support_ticket,22,286,0.6699,0.2931
3585,2026-06-20,en-zh,v2,documentation,48,545,0.7604,0.212
3586,2026-06-20,en-fr,v2,support_ticket,31,444,0.107,0.8947
3587,2026-06-20,en-es,v2,legal,75,399,0.2391,0.7144
3588,2026-06-20,en-de,v2,support_ticket,35,268,0.1826,0.8965
3589,2026-06-20,en-fr,v2,marketing,12,502,0.1816,0.8124
3590,2026-06-20,en-ja,v2,support_ticket,14,486,0.7939,0.2021
3591,2026-06-20,en-el,v2,documentation,29,261,0.3208,0.6869
3592,2026-06-20,en-fr,v2,support_ticket,26,458,0.1242,0.872
3593,2026-06-20,en-pt,v2,documentation,65,414,0.0756,0.9352
3594,2026-06-20,en-el,v2,documentation,37,447,0.3067,0.7076
3595,2026-06-20,en-pt,v2,documentation,26,395,0.0137,0.9651
3596,2026-06-20,en-zh,v2,legal,71,330,0.9188,0.1153
3597,2026-06-20,en-ja,v2,marketing,16,419,0.95,0.05
3598,2026-06-20,en-pt,v2,support_ticket,39,399,0.01,0.9844
3599,2026-06-20,en-de,v2,support_ticket,27,362,0.0809,0.9522
3600,2026-06-20,en-fr,v2,support_ticket,29,355,0.0613,0.977
3601,2026-06-20,en-ja,v2,support_ticket,18,306,0.874,0.1793
3602,2026-06-20,en-zh,v2,legal,65,351,0.9256,0.0731
3603,2026-06-20,en-zh,v2,documentation,24,469,0.6459,0.3321
3604,2026-06-20,en-ja,v2,support_ticket,20,374,0.9044,0.0849
3605,2026-06-20,en-el,v2,support_ticket,18,350,0.2048,0.8451
3606,2026-06-20,en-zh,v2,support_ticket,31,462,0.6361,0.4028
3607,2026-06-20,en-pt,v2,legal,68,457,0.2897,0.6916
3608,2026-06-20,en-ja,v2,support_ticket,35,322,0.839,0.1681
3609,2026-06-20,en-el,v2,marketing,14,462,0.3552,0.6808
3610,2026-06-20,en-fr,v2,marketing,33,436,0.1832,0.8756
3611,2026-06-20,en-es,v2,legal,33,362,0.1167,0.9045
3612,2026-06-20,en-it,v2,legal,55,311,0.2628,0.7726
3613,2026-06-20,en-zh,v2,support_ticket,12,320,0.661,0.3262
3614,2026-06-20,en-es,v2,documentation,29,336,0.01,0.9598
3615,2026-06-20,en-es,v2,documentation,25,392,0.0489,0.9869
3616,2026-06-20,en-pt,v2,support_ticket,25,407,0.0558,0.9457
3617,2026-06-20,en-pt,v2,documentation,24,378,0.0678,0.9757
3618,2026-06-20,en-it,v2,legal,52,454,0.2418,0.6813
3619,2026-06-20,en-it,v2,legal,30,405,0.2373,0.7964
3620,2026-06-20,en-zh,v2,marketing,16,257,0.7601,0.2412
3621,2026-06-20,en-it,v2,legal,60,497,0.2789,0.7134
3622,2026-06-20,en-es,v2,marketing,10,425,0.0658,0.9523
3623,2026-06-20,en-es,v2,support_ticket,13,405,0.0115,1.0
3624,2026-06-20,en-it,v2,marketing,21,463,0.1521,0.8488
3625,2026-06-20,en-el,v2,documentation,40,341,0.2731,0.7239
3626,2026-06-20,en-it,v2,support_ticket,43,398,0.1544,0.8921
3627,2026-06-21,en-es,v2,marketing,15,499,0.1777,0.7697
3628,2026-06-21,en-it,v2,marketing,16,411,0.1144,0.8553
3629,2026-06-21,en-el,v2,support_ticket,23,403,0.3076,0.6816
3630,2026-06-21,en-fr,v2,documentation,21,354,0.0248,0.9989
3631,2026-06-21,en-fr,v2,support_ticket,21,469,0.017,0.962
3632,2026-06-21,en-de,v2,documentation,33,343,0.2178,0.8137
3633,2026-06-21,en-ja,v2,support_ticket,23,549,0.8279,0.1423
3634,2026-06-21,en-ja,v2,legal,53,391,0.95,0.05
3635,2026-06-21,en-el,v2,marketing,45,410,0.4507,0.5666
3636,2026-06-21,en-pt,v2,marketing,20,321,0.1928,0.8017
3637,2026-06-21,en-el,v2,documentation,47,466,0.2727,0.7057
3638,2026-06-21,en-es,v2,documentation,36,328,0.1217,0.887
3639,2026-06-21,en-ja,v2,support_ticket,26,425,0.8822,0.1011
3640,2026-06-21,en-es,v2,support_ticket,21,460,0.01,0.9711
3641,2026-06-21,en-es,v2,support_ticket,53,373,0.1864,0.8292
3642,2026-06-21,en-zh,v2,legal,48,387,0.8743,0.1245
3643,2026-06-21,en-it,v2,support_ticket,21,375,0.0665,0.9226
3644,2026-06-21,en-pt,v2,documentation,42,409,0.1378,0.8562
3645,2026-06-21,en-el,v2,support_ticket,45,511,0.3148,0.6591
3646,2026-06-21,en-es,v2,documentation,39,400,0.0738,0.9318
3647,2026-06-21,en-el,v2,support_ticket,24,297,0.1923,0.7963
3648,2026-06-21,en-pt,v2,marketing,36,465,0.1941,0.8255
3649,2026-06-21,en-pt,v2,support_ticket,13,359,0.01,1.0
3650,2026-06-21,en-el,v2,support_ticket,28,428,0.2861,0.7378
3651,2026-06-21,en-zh,v2,documentation,42,322,0.7119,0.3411
3652,2026-06-21,en-el,v2,documentation,43,450,0.3314,0.6189
3653,2026-06-21,en-el,v2,marketing,14,442,0.3137,0.7082
3654,2026-06-21,en-it,v2,marketing,12,425,0.0819,0.8798
3655,2026-06-21,en-ja,v2,support_ticket,25,316,0.8859,0.0773
3656,2026-06-21,en-pt,v2,marketing,16,388,0.1528,0.9539
3657,2026-06-21,en-de,v2,marketing,13,412,0.2834,0.6907
3658,2026-06-21,en-fr,v2,marketing,30,301,0.2358,0.7532
3659,2026-06-21,en-fr,v2,marketing,19,306,0.1982,0.7766
3660,2026-06-21,en-pt,v2,documentation,55,429,0.1579,0.8409
3661,2026-06-21,en-zh,v2,documentation,44,487,0.7955,0.2058
3662,2026-06-21,en-de,v2,support_ticket,35,353,0.2537,0.7161
3663,2026-06-21,en-ja,v2,legal,27,386,0.95,0.05
3664,2026-06-21,en-zh,v2,marketing,19,502,0.7559,0.257
3665,2026-06-21,en-zh,v2,legal,28,491,0.8607,0.109
3666,2026-06-21,en-fr,v2,marketing,11,391,0.0952,0.8901
3667,2026-06-21,en-es,v2,marketing,9,415,0.0939,0.9238
3668,2026-06-21,en-de,v2,documentation,49,380,0.2643,0.731
3669,2026-06-21,en-zh,v2,marketing,31,364,0.8587,0.1575
3670,2026-06-21,en-de,v2,support_ticket,28,421,0.1326,0.9565
3671,2026-06-21,en-el,v2,legal,56,332,0.4363,0.6347
3672,2026-06-21,en-ja,v2,support_ticket,18,405,0.8258,0.1739
3673,2026-06-21,en-it,v2,documentation,23,375,0.0965,0.8885
3674,2026-06-21,en-it,v2,legal,28,393,0.1035,0.8923
3675,2026-06-21,en-ja,v2,documentation,68,381,0.95,0.1159
3676,2026-06-21,en-fr,v2,documentation,65,306,0.1194,0.8991
3677,2026-06-22,en-el,v2,marketing,10,439,0.3467,0.6814
3678,2026-06-22,en-zh,v2,documentation,26,317,0.6918,0.2854
3679,2026-06-22,en-ja,v2,marketing,14,334,0.9029,0.0581
3680,2026-06-22,en-el,v2,documentation,39,461,0.2183,0.7867
3681,2026-06-22,en-ja,v2,documentation,30,202,0.9141,0.0612
3682,2026-06-22,en-pt,v2,documentation,84,439,0.1548,0.8995
3683,2026-06-22,en-zh,v2,support_ticket,17,424,0.6147,0.4347
3684,2026-06-22,en-es,v2,support_ticket,54,313,0.1227,0.8788
3685,2026-06-22,en-it,v2,support_ticket,20,375,0.1178,0.8923
3686,2026-06-22,en-de,v2,legal,51,353,0.2951,0.6679
3687,2026-06-22,en-zh,v2,support_ticket,20,332,0.6617,0.3687
3688,2026-06-22,en-el,v2,documentation,22,299,0.2506,0.745
3689,2026-06-22,en-it,v2,marketing,25,455,0.1838,0.824
3690,2026-06-22,en-es,v2,legal,65,402,0.2289,0.7623
3691,2026-06-22,en-de,v2,support_ticket,25,399,0.1042,0.8497
3692,2026-06-22,en-fr,v2,support_ticket,33,315,0.0585,0.9524
3693,2026-06-22,en-it,v2,support_ticket,29,392,0.027,1.0
3694,2026-06-22,en-es,v2,marketing,10,407,0.0366,0.9535
3695,2026-06-22,en-el,v2,documentation,40,440,0.2407,0.722
3696,2026-06-22,en-ja,v2,documentation,60,388,0.9048,0.0999
3697,2026-06-22,en-pt,v2,support_ticket,33,440,0.0243,1.0
3698,2026-06-22,en-ja,v2,marketing,19,292,0.9161,0.0755
3699,2026-06-22,en-it,v2,marketing,26,415,0.1601,0.7963
3700,2026-06-22,en-ja,v2,support_ticket,31,403,0.8952,0.0938
3701,2026-06-22,en-el,v2,marketing,21,360,0.2323,0.7676
3702,2026-06-22,en-zh,v2,marketing,34,324,0.8615,0.1962
3703,2026-06-22,en-it,v2,support_ticket,15,437,0.039,0.9431
3704,2026-06-22,en-it,v2,support_ticket,14,318,0.0228,1.0
3705,2026-06-22,en-pt,v2,support_ticket,24,311,0.01,0.9545
3706,2026-06-22,en-el,v2,marketing,20,369,0.2602,0.7172
3707,2026-06-22,en-ja,v2,support_ticket,20,335,0.8364,0.2154
3708,2026-06-22,en-zh,v2,marketing,18,334,0.7637,0.182
3709,2026-06-22,en-zh,v2,legal,34,515,0.9306,0.0679
3710,2026-06-22,en-el,v2,marketing,12,342,0.2953,0.6897
3711,2026-06-22,en-it,v2,documentation,22,441,0.0334,0.9656
3712,2026-06-22,en-de,v2,marketing,25,447,0.2317,0.773
3713,2026-06-22,en-ja,v2,support_ticket,12,428,0.9179,0.108
3714,2026-06-22,en-de,v2,marketing,28,424,0.2485,0.7326
3715,2026-06-22,en-el,v2,documentation,36,399,0.233,0.7577
3716,2026-06-22,en-zh,v2,support_ticket,19,397,0.7159,0.3275
3717,2026-06-22,en-es,v2,marketing,14,359,0.0824,0.9323
3718,2026-06-22,en-ja,v2,support_ticket,22,319,0.8658,0.1438
3719,2026-06-22,en-zh,v2,marketing,26,477,0.8187,0.1478
3720,2026-06-22,en-de,v2,documentation,48,357,0.2218,0.7456
3721,2026-06-22,en-el,v2,documentation,26,475,0.2085,0.7464
3722,2026-06-22,en-es,v2,support_ticket,24,436,0.03,0.9566
3723,2026-06-23,en-zh,v2,support_ticket,34,308,0.8095,0.1296
3724,2026-06-23,en-el,v2,support_ticket,31,424,0.3556,0.6863
3725,2026-06-23,en-es,v2,support_ticket,29,379,0.01,0.999
3726,2026-06-23,en-de,v2,documentation,34,334,0.2655,0.7584
3727,2026-06-23,en-de,v2,legal,32,409,0.2434,0.7547
3728,2026-06-23,en-el,v2,support_ticket,11,369,0.237,0.7416
3729,2026-06-23,en-zh,v2,marketing,21,308,0.7677,0.2306
3730,2026-06-23,en-pt,v2,documentation,35,360,0.0606,0.9127
3731,2026-06-23,en-el,v2,documentation,52,384,0.3508,0.6581
3732,2026-06-23,en-ja,v2,legal,37,351,0.95,0.1253
3733,2026-06-23,en-pt,v2,marketing,29,297,0.1883,0.805
3734,2026-06-23,en-ja,v2,legal,59,374,0.95,0.05
3735,2026-06-23,en-fr,v2,legal,41,318,0.1595,0.85
3736,2026-06-23,en-el,v2,legal,43,461,0.4881,0.5098
3737,2026-06-23,en-es,v2,marketing,22,487,0.0513,0.9829
3738,2026-06-23,en-ja,v2,support_ticket,16,359,0.849,0.1674
3739,2026-06-23,en-el,v2,documentation,35,416,0.3964,0.5631
3740,2026-06-23,en-de,v2,support_ticket,32,418,0.1971,0.7672
3741,2026-06-23,en-zh,v2,documentation,56,482,0.7978,0.2418
3742,2026-06-23,en-pt,v2,documentation,52,375,0.1685,0.8251
3743,2026-06-23,en-es,v2,documentation,38,388,0.0874,0.9229
3744,2026-06-23,en-pt,v2,marketing,8,357,0.1548,0.8267
3745,2026-06-23,en-zh,v2,documentation,38,310,0.7696,0.228
3746,2026-06-23,en-zh,v2,support_ticket,17,384,0.6276,0.3755
3747,2026-06-23,en-de,v2,documentation,14,315,0.1865,0.7952
3748,2026-06-23,en-fr,v2,legal,49,401,0.3085,0.7008
3749,2026-06-23,en-ja,v2,support_ticket,24,320,0.7573,0.2292
3750,2026-06-23,en-zh,v2,marketing,16,440,0.7811,0.1745
3751,2026-06-23,en-es,v2,marketing,13,407,0.0738,0.9265
3752,2026-06-23,en-pt,v2,marketing,18,309,0.091,0.9164
3753,2026-06-23,en-zh,v2,marketing,22,340,0.8421,0.1361
3754,2026-06-23,en-es,v2,marketing,10,353,0.1652,0.809
3755,2026-06-23,en-el,v2,legal,37,305,0.4872,0.4666
3756,2026-06-23,en-el,v2,support_ticket,21,413,0.2325,0.7716
3757,2026-06-23,en-de,v2,marketing,10,314,0.1935,0.8146
3758,2026-06-23,en-it,v2,documentation,29,377,0.0747,0.9373
3759,2026-06-23,en-pt,v2,marketing,27,465,0.1131,0.8771
3760,2026-06-23,en-zh,v2,documentation,53,393,0.7663,0.2211
3761,2026-06-23,en-el,v2,support_ticket,31,299,0.315,0.6496
3762,2026-06-23,en-ja,v2,legal,62,338,0.95,0.0918
3763,2026-06-23,en-it,v2,support_ticket,18,436,0.0216,0.9705
3764,2026-06-23,en-es,v2,marketing,13,432,0.0595,0.8952
3765,2026-06-23,en-de,v2,marketing,16,366,0.2334,0.758
3766,2026-06-24,en-de,v2,legal,76,372,0.4311,0.5495
3767,2026-06-24,en-de,v2,marketing,14,334,0.2694,0.6632
3768,2026-06-24,en-pt,v2,documentation,28,215,0.081,0.9663
3769,2026-06-24,en-pt,v2,documentation,28,410,0.0197,0.9962
3770,2026-06-24,en-fr,v2,marketing,37,389,0.2355,0.7697
3771,2026-06-24,en-el,v2,legal,62,358,0.3911,0.5952
3772,2026-06-24,en-fr,v2,legal,25,339,0.1418,0.8628
3773,2026-06-24,en-fr,v2,documentation,61,429,0.1496,0.8717
3774,2026-06-24,en-es,v2,support_ticket,19,312,0.01,1.0
3775,2026-06-24,en-pt,v2,support_ticket,19,367,0.0374,0.9352
3776,2026-06-24,en-ja,v2,support_ticket,15,376,0.8369,0.1403
3777,2026-06-24,en-el,v2,documentation,20,298,0.2549,0.7772
3778,2026-06-24,en-ja,v2,legal,72,335,0.95,0.05
3779,2026-06-24,en-pt,v2,documentation,67,331,0.0622,0.9399
3780,2026-06-24,en-it,v2,marketing,17,322,0.1608,0.8449
3781,2026-06-24,en-el,v2,marketing,15,355,0.2493,0.7335
3782,2026-06-24,en-es,v2,marketing,18,252,0.094,0.8461
3783,2026-06-24,en-es,v2,support_ticket,24,328,0.01,0.9828
3784,2026-06-24,en-de,v2,legal,61,377,0.3676,0.6407
3785,2026-06-24,en-es,v2,marketing,32,450,0.1287,0.8365
3786,2026-06-24,en-el,v2,documentation,36,226,0.3191,0.6865
3787,2026-06-24,en-de,v2,legal,58,426,0.3312,0.6691
3788,2026-06-24,en-pt,v2,support_ticket,25,367,0.0724,0.9361
3789,2026-06-24,en-ja,v2,documentation,33,420,0.8319,0.2112
3790,2026-06-24,en-es,v2,marketing,7,344,0.0389,0.9625
3791,2026-06-24,en-el,v2,documentation,59,514,0.2989,0.6897
3792,2026-06-24,en-it,v2,documentation,48,333,0.1592,0.8558
3793,2026-06-24,en-pt,v2,support_ticket,16,330,0.01,1.0
3794,2026-06-24,en-it,v2,documentation,25,340,0.1192,0.9151
3795,2026-06-24,en-fr,v2,marketing,15,351,0.1388,0.8775
3796,2026-06-24,en-fr,v2,documentation,35,375,0.0263,0.9932
3797,2026-06-24,en-fr,v2,support_ticket,30,352,0.058,0.9085
3798,2026-06-24,en-fr,v2,marketing,19,319,0.1212,0.8309
3799,2026-06-24,en-fr,v2,marketing,23,322,0.1383,0.8363
3800,2026-06-24,en-pt,v2,support_ticket,17,512,0.01,1.0
3801,2026-06-24,en-it,v2,documentation,18,341,0.0482,0.9681
3802,2026-06-24,en-de,v2,support_ticket,16,417,0.1103,0.9113
3803,2026-06-24,en-de,v2,support_ticket,23,396,0.1598,0.8617
3804,2026-06-24,en-zh,v2,legal,47,333,0.8836,0.0926
3805,2026-06-24,en-it,v2,marketing,14,376,0.1716,0.853
3806,2026-06-24,en-de,v2,documentation,29,424,0.2009,0.7526
3807,2026-06-25,en-fr,v2,documentation,48,415,0.1663,0.824
3808,2026-06-25,en-el,v2,support_ticket,30,316,0.2212,0.7669
3809,2026-06-25,en-it,v2,support_ticket,20,319,0.0452,0.8816
3810,2026-06-25,en-pt,v2,documentation,38,409,0.0869,0.9314
3811,2026-06-25,en-zh,v2,marketing,20,434,0.7705,0.241
3812,2026-06-25,en-pt,v2,documentation,29,502,0.0905,0.9111
3813,2026-06-25,en-pt,v2,documentation,34,447,0.0952,0.8899
3814,2026-06-25,en-es,v2,marketing,19,428,0.1151,0.9005
3815,2026-06-25,en-fr,v2,marketing,26,379,0.1401,0.8069
3816,2026-06-25,en-de,v2,support_ticket,33,388,0.1709,0.8225
3817,2026-06-25,en-de,v2,documentation,26,325,0.1644,0.8533
3818,2026-06-25,en-el,v2,support_ticket,18,366,0.2367,0.7976
3819,2026-06-25,en-es,v2,support_ticket,17,442,0.0291,1.0
3820,2026-06-25,en-zh,v2,documentation,38,477,0.7907,0.1756
3821,2026-06-25,en-es,v2,legal,69,273,0.1946,0.7725
3822,2026-06-25,en-pt,v2,marketing,19,278,0.0587,0.94
3823,2026-06-25,en-es,v2,documentation,27,358,0.0241,0.966
3824,2026-06-25,en-fr,v2,support_ticket,46,300,0.1009,0.8921
3825,2026-06-25,en-ja,v2,marketing,22,277,0.95,0.05
3826,2026-06-25,en-ja,v2,support_ticket,18,417,0.8705,0.1666
3827,2026-06-25,en-pt,v2,support_ticket,11,511,0.01,0.9476
3828,2026-06-25,en-el,v2,support_ticket,9,433,0.1517,0.8494
3829,2026-06-25,en-es,v2,legal,23,363,0.1787,0.7756
3830,2026-06-25,en-zh,v2,marketing,22,386,0.776,0.2252
3831,2026-06-25,en-es,v2,support_ticket,28,427,0.0666,0.9132
3832,2026-06-25,en-ja,v2,marketing,21,352,0.9106,0.1098
3833,2026-06-25,en-it,v2,documentation,62,391,0.2174,0.7754
3834,2026-06-25,en-es,v2,documentation,27,291,0.0195,0.9283
3835,2026-06-25,en-ja,v2,support_ticket,23,330,0.8461,0.1447
3836,2026-06-25,en-fr,v2,legal,44,408,0.2162,0.7895
3837,2026-06-25,en-de,v2,documentation,32,468,0.1824,0.7893
3838,2026-06-25,en-pt,v2,legal,58,315,0.2167,0.8099
3839,2026-06-25,en-fr,v2,documentation,68,374,0.1075,0.8358
3840,2026-06-25,en-pt,v2,documentation,27,378,0.0744,0.9662
3841,2026-06-25,en-fr,v2,support_ticket,23,270,0.0461,0.9222
3842,2026-06-25,en-el,v2,marketing,31,359,0.3993,0.6148
3843,2026-06-25,en-ja,v2,support_ticket,25,347,0.8599,0.1389
3844,2026-06-25,en-el,v2,marketing,17,399,0.3712,0.6441
3845,2026-06-25,en-ja,v2,documentation,64,284,0.9298,0.066
3846,2026-06-25,en-el,v2,documentation,58,375,0.2941,0.718
3847,2026-06-25,en-zh,v2,support_ticket,24,472,0.7386,0.2624
3848,2026-06-25,en-fr,v2,marketing,30,487,0.1265,0.9138
3849,2026-06-25,en-fr,v2,documentation,16,398,0.01,0.9697
3850,2026-06-25,en-el,v2,documentation,43,306,0.2999,0.7267
3851,2026-06-25,en-fr,v2,documentation,44,459,0.1243,0.8803
3852,2026-06-25,en-zh,v2,legal,24,356,0.8507,0.1236
3853,2026-06-25,en-zh,v2,documentation,17,415,0.7147,0.2636
3854,2026-06-25,en-it,v2,marketing,10,369,0.1098,0.9141
3855,2026-06-25,en-es,v2,documentation,38,323,0.0436,0.9087
3856,2026-06-25,en-zh,v2,legal,56,336,0.9351,0.0701
3857,2026-06-25,en-ja,v2,marketing,18,282,0.9468,0.05
3858,2026-06-26,en-es,v2,marketing,13,394,0.0888,0.9037
3859,2026-06-26,en-es,v2,marketing,11,466,0.048,0.9972
3860,2026-06-26,en-zh,v2,marketing,9,361,0.7098,0.3627
3861,2026-06-26,en-pt,v2,marketing,23,401,0.1345,0.8648
3862,2026-06-26,en-ja,v2,documentation,54,267,0.9073,0.1059
3863,2026-06-26,en-pt,v2,marketing,23,324,0.1677,0.806
3864,2026-06-26,en-es,v2,documentation,16,435,0.01,1.0
3865,2026-06-26,en-fr,v2,support_ticket,31,476,0.01,0.9999
3866,2026-06-26,en-fr,v2,documentation,18,324,0.1354,0.8553
3867,2026-06-26,en-pt,v2,support_ticket,28,393,0.0785,0.8898
3868,2026-06-26,en-es,v2,support_ticket,11,230,0.0413,0.9897
3869,2026-06-26,en-pt,v2,documentation,44,377,0.103,0.9106
3870,2026-06-26,en-de,v2,marketing,38,188,0.2346,0.7529
3871,2026-06-26,en-ja,v2,support_ticket,19,432,0.7958,0.1627
3872,2026-06-26,en-it,v2,documentation,39,436,0.1294,0.8722
3873,2026-06-26,en-pt,v2,support_ticket,26,433,0.052,0.8966
3874,2026-06-26,en-es,v2,support_ticket,26,363,0.0477,0.9304
3875,2026-06-26,en-el,v2,support_ticket,20,486,0.3042,0.7258
3876,2026-06-26,en-pt,v2,marketing,19,339,0.0859,0.893
3877,2026-06-26,en-el,v2,marketing,21,353,0.2788,0.7276
3878,2026-06-26,en-it,v2,support_ticket,23,325,0.01,0.9882
3879,2026-06-26,en-pt,v2,marketing,19,365,0.0693,0.9761
3880,2026-06-26,en-fr,v2,support_ticket,15,380,0.01,0.9983
3881,2026-06-26,en-de,v2,support_ticket,25,349,0.1458,0.9156
3882,2026-06-26,en-pt,v2,legal,27,436,0.1516,0.8311
3883,2026-06-26,en-ja,v2,marketing,17,334,0.95,0.05
3884,2026-06-26,en-ja,v2,documentation,32,415,0.8932,0.0642
3885,2026-06-26,en-ja,v2,documentation,29,404,0.8513,0.1335
3886,2026-06-26,en-de,v2,support_ticket,15,428,0.1598,0.7749
3887,2026-06-26,en-de,v2,support_ticket,24,426,0.0966,0.9349
3888,2026-06-26,en-el,v2,marketing,8,500,0.3466,0.7072
3889,2026-06-26,en-pt,v2,documentation,23,372,0.0652,0.9492
3890,2026-06-26,en-es,v2,documentation,50,348,0.133,0.8394
3891,2026-06-26,en-zh,v2,legal,42,405,0.8258,0.1641
3892,2026-06-26,en-it,v2,marketing,20,481,0.1447,0.8774
3893,2026-06-26,en-es,v2,marketing,15,392,0.123,0.8434
3894,2026-06-26,en-el,v2,documentation,52,504,0.3994,0.6525
3895,2026-06-27,en-el,v2,documentation,32,380,0.1977,0.8179
3896,2026-06-27,en-it,v2,marketing,9,418,0.1096,0.8596
3897,2026-06-27,en-fr,v2,documentation,51,357,0.2146,0.7909
3898,2026-06-27,en-es,v2,documentation,43,465,0.0917,0.8384
3899,2026-06-27,en-it,v2,support_ticket,20,376,0.01,0.9687
3900,2026-06-27,en-es,v2,documentation,39,256,0.0217,0.996
3901,2026-06-27,en-de,v2,legal,59,444,0.3718,0.658
3902,2026-06-27,en-es,v2,support_ticket,13,435,0.0739,0.8882
3903,2026-06-27,en-it,v2,support_ticket,14,377,0.0207,0.9765
3904,2026-06-27,en-es,v2,support_ticket,41,312,0.0309,0.9807
3905,2026-06-27,en-el,v2,legal,64,381,0.4523,0.5128
3906,2026-06-27,en-es,v2,support_ticket,21,486,0.0299,0.9585
3907,2026-06-27,en-es,v2,support_ticket,24,370,0.0191,1.0
3908,2026-06-27,en-de,v2,legal,46,275,0.32,0.6899
3909,2026-06-27,en-el,v2,legal,47,342,0.441,0.5352
3910,2026-06-27,en-fr,v2,documentation,32,328,0.0634,0.9327
3911,2026-06-27,en-el,v2,documentation,32,461,0.2939,0.7208
3912,2026-06-27,en-zh,v2,support_ticket,27,391,0.6904,0.2949
3913,2026-06-27,en-it,v2,documentation,39,442,0.0946,0.8838
3914,2026-06-27,en-ja,v2,legal,37,400,0.95,0.05
3915,2026-06-27,en-pt,v2,legal,34,412,0.1486,0.8808
3916,2026-06-27,en-fr,v2,documentation,38,347,0.01,1.0
3917,2026-06-27,en-ja,v2,marketing,11,383,0.8944,0.0855
3918,2026-06-27,en-es,v2,documentation,30,369,0.0528,0.9208
3919,2026-06-27,en-fr,v2,support_ticket,15,418,0.01,0.9831
3920,2026-06-27,en-es,v2,marketing,25,297,0.1313,0.8578
3921,2026-06-27,en-de,v2,marketing,15,368,0.2342,0.7214
3922,2026-06-27,en-el,v2,marketing,22,391,0.3114,0.7179
3923,2026-06-27,en-ja,v2,documentation,97,345,0.95,0.05
3924,2026-06-27,en-de,v2,documentation,54,432,0.2291,0.8032
3925,2026-06-27,en-zh,v2,legal,88,340,0.95,0.05
3926,2026-06-27,en-zh,v2,support_ticket,37,390,0.7533,0.2943
3927,2026-06-27,en-ja,v2,support_ticket,58,445,0.9239,0.0643
3928,2026-06-27,en-es,v2,legal,44,523,0.2208,0.8078
3929,2026-06-27,en-es,v2,documentation,37,433,0.01,1.0
3930,2026-06-27,en-pt,v2,documentation,62,388,0.1935,0.8234
3931,2026-06-27,en-zh,v2,documentation,23,373,0.676,0.2742
3932,2026-06-27,en-it,v2,marketing,25,218,0.1621,0.8303
3933,2026-06-27,en-fr,v2,documentation,58,331,0.0454,0.9794
3934,2026-06-27,en-pt,v2,legal,36,402,0.2815,0.7466
3935,2026-06-27,en-zh,v2,documentation,54,278,0.8607,0.1382
3936,2026-06-27,en-fr,v2,support_ticket,18,395,0.0891,0.9686
3937,2026-06-27,en-pt,v2,support_ticket,14,336,0.01,1.0
3938,2026-06-27,en-zh,v2,legal,34,545,0.8045,0.1912
3939,2026-06-28,en-de,v2,documentation,48,321,0.1502,0.8279
3940,2026-06-28,en-el,v2,legal,81,338,0.5526,0.4773
3941,2026-06-28,en-zh,v2,documentation,28,232,0.7503,0.2717
3942,2026-06-28,en-zh,v2,legal,95,437,0.9461,0.0623
3943,2026-06-28,en-el,v2,marketing,16,471,0.3164,0.7115
3944,2026-06-28,en-el,v2,documentation,28,450,0.3142,0.7025
3945,2026-06-28,en-el,v2,support_ticket,28,390,0.3187,0.7407
3946,2026-06-28,en-ja,v2,documentation,24,416,0.9076,0.1464
3947,2026-06-28,en-el,v2,support_ticket,19,364,0.2154,0.7693
3948,2026-06-28,en-it,v2,marketing,10,383,0.1267,0.8498
3949,2026-06-28,en-es,v2,documentation,58,460,0.1451,0.8333
3950,2026-06-28,en-ja,v2,support_ticket,23,437,0.8623,0.1771
3951,2026-06-28,en-fr,v2,support_ticket,16,411,0.01,1.0
3952,2026-06-28,en-fr,v2,marketing,37,390,0.2145,0.7504
3953,2026-06-28,en-el,v2,marketing,22,339,0.3676,0.6307
3954,2026-06-28,en-el,v2,legal,65,309,0.4689,0.5394
3955,2026-06-28,en-it,v2,marketing,15,319,0.0864,0.9185
3956,2026-06-28,en-it,v2,documentation,43,287,0.0657,0.9463
3957,2026-06-28,en-es,v2,legal,76,261,0.2927,0.6767
3958,2026-06-28,en-it,v2,support_ticket,15,299,0.0444,0.9558
3959,2026-06-28,en-zh,v2,legal,80,330,0.95,0.0948
3960,2026-06-28,en-ja,v2,legal,38,331,0.95,0.0597
3961,2026-06-28,en-pt,v2,documentation,29,401,0.0177,0.9575
3962,2026-06-28,en-zh,v2,marketing,17,411,0.7667,0.2531
3963,2026-06-28,en-pt,v2,documentation,23,415,0.01,0.9941
3964,2026-06-28,en-es,v2,marketing,22,425,0.095,0.9314
3965,2026-06-28,en-el,v2,marketing,25,396,0.3587,0.5756
3966,2026-06-28,en-el,v2,documentation,31,389,0.2826,0.7259
3967,2026-06-28,en-ja,v2,marketing,22,358,0.95,0.05
3968,2026-06-28,en-ja,v2,documentation,29,292,0.7946,0.236
3969,2026-06-28,en-pt,v2,documentation,61,320,0.1327,0.8542
3970,2026-06-28,en-it,v2,support_ticket,24,497,0.0843,0.9133
3971,2026-06-28,en-pt,v2,legal,45,350,0.1998,0.8105
3972,2026-06-28,en-it,v2,marketing,22,398,0.2189,0.8124
3973,2026-06-28,en-zh,v2,marketing,16,297,0.8307,0.1573
3974,2026-06-28,en-es,v2,support_ticket,19,387,0.01,1.0
3975,2026-06-28,en-it,v2,documentation,35,400,0.1467,0.8791
3976,2026-06-28,en-ja,v2,documentation,37,479,0.7688,0.2313
3977,2026-06-29,en-it,v2,documentation,40,345,0.07,0.9134
3978,2026-06-29,en-es,v2,support_ticket,18,396,0.0334,0.9784
3979,2026-06-29,en-de,v2,support_ticket,15,435,0.2187,0.8297
3980,2026-06-29,en-it,v2,support_ticket,18,306,0.01,1.0
3981,2026-06-29,en-fr,v2,marketing,7,315,0.1169,0.8614
3982,2026-06-29,en-pt,v2,support_ticket,15,391,0.01,1.0
3983,2026-06-29,en-fr,v2,documentation,22,287,0.01,0.9404
3984,2026-06-29,en-de,v2,legal,34,402,0.2615,0.7632
3985,2026-06-29,en-fr,v2,support_ticket,15,409,0.0499,0.9358
3986,2026-06-29,en-it,v2,support_ticket,14,402,0.01,1.0
3987,2026-06-29,en-es,v2,support_ticket,22,293,0.01,0.9649
3988,2026-06-29,en-zh,v2,support_ticket,26,424,0.7375,0.298
3989,2026-06-29,en-de,v2,marketing,17,419,0.2099,0.7793
3990,2026-06-29,en-it,v2,support_ticket,28,437,0.0367,0.9229
3991,2026-06-29,en-ja,v2,documentation,46,288,0.8532,0.1693
3992,2026-06-29,en-de,v2,documentation,33,434,0.1628,0.8462
3993,2026-06-29,en-pt,v2,documentation,38,410,0.0124,0.9579
3994,2026-06-29,en-pt,v2,support_ticket,13,443,0.01,0.9968
3995,2026-06-29,en-ja,v2,support_ticket,22,390,0.848,0.1208
3996,2026-06-29,en-zh,v2,documentation,18,313,0.7109,0.3244
3997,2026-06-29,en-el,v2,marketing,10,397,0.261,0.7576
3998,2026-06-29,en-pt,v2,marketing,24,356,0.0842,0.9068
3999,2026-06-29,en-el,v2,support_ticket,21,444,0.2373,0.7241
4000,2026-06-29,en-pt,v2,documentation,53,412,0.1157,0.8979
4001,2026-06-29,en-fr,v2,documentation,36,418,0.0545,0.9285
4002,2026-06-29,en-fr,v2,legal,54,349,0.238,0.7762
4003,2026-06-29,en-it,v2,support_ticket,15,494,0.01,0.9441
4004,2026-06-29,en-fr,v2,marketing,34,460,0.1837,0.8359
4005,2026-06-29,en-it,v2,marketing,8,393,0.1056,0.9013
4006,2026-06-29,en-fr,v2,support_ticket,24,449,0.0884,0.9279
4007,2026-06-29,en-pt,v2,documentation,49,406,0.0767,0.9182
4008,2026-06-29,en-es,v2,support_ticket,15,473,0.01,0.9833
4009,2026-06-29,en-zh,v2,legal,47,361,0.8927,0.05
4010,2026-06-29,en-de,v2,marketing,38,412,0.3166,0.6779
4011,2026-06-29,en-el,v2,marketing,19,348,0.2671,0.744
4012,2026-06-29,en-zh,v2,documentation,48,291,0.6889,0.3286
4013,2026-06-29,en-pt,v2,marketing,10,377,0.0806,0.9338
4014,2026-06-29,en-es,v2,support_ticket,11,411,0.01,1.0
