telemetry_id,vessel_name,vessel_type,speed_knots,beaufort_scale,cargo_weight_tons,route_status,timestamp,fuel_consumption_mt
TEL-10000,MV Fleet_07,LNG Carrier,9.25,3.0,7736,Underway,2026-05-24 16:26:43.203853,7.6
TEL-10001,MV Fleet_20,Bulk Carrier,19.31,3.0,38724,Underway,2026-05-24 16:41:43.203853,10.68
TEL-10002,MV Fleet_15,LNG Carrier,22.72,9.0,16440,Underway,2026-05-24 16:56:43.203853,22.6
TEL-10003,MV Fleet_11,Bulk Carrier,12.33,2.0,10180,Underway,2026-05-24 17:11:43.203853,3.75
TEL-10004,MV Fleet_08,Bulk Carrier,13.93,4.0,35284,Anchored,2026-05-24 17:26:43.203853,10.79
TEL-10005,MV Fleet_07,LNG Carrier,17.1,6.0,46375,Underway,2026-05-24 17:41:43.203853,14.0
TEL-10006,MV Fleet_19,Bulk Carrier,22.11,3.0,16646,Underway,2026-05-24 17:56:43.203853,13.87
TEL-10007,MV Fleet_11,LNG Carrier,23.07,7.0,24029,Underway,2026-05-24 18:11:43.203853,18.42
TEL-10008,MV Fleet_11,Container,19.83,7.0,25158,Underway,2026-05-24 18:26:43.203853,19.53
TEL-10009,MV Fleet_04,LNG Carrier,9.39,5.0,19342,Underway,2026-05-24 18:41:43.203853,10.1
TEL-10010,MV Fleet_08,Container,18.71,3.0,42781,Moored,2026-05-24 18:56:43.203853,8.96
TEL-10011,MV Fleet_03,Bulk Carrier,14.56,2.0,5084,Underway,2026-05-24 19:11:43.203853,8.49
TEL-10012,MV Fleet_02,LNG Carrier,15.53,4.0,6935,Underway,2026-05-24 19:26:43.203853,8.65
TEL-10013,MV Fleet_12,Bulk Carrier,8.79,4.0,35466,Underway,2026-05-24 19:41:43.203853,5.94
TEL-10014,MV Fleet_06,LNG Carrier,11.06,8.0,47376,Moored,2026-05-24 19:56:43.203853,16.31
TEL-10015,MV Fleet_02,Container,20.65,8.0,14262,Underway,2026-05-24 20:11:43.203853,19.38
TEL-10016,MV Fleet_01,Container,15.26,5.0,16604,Underway,2026-05-24 20:26:43.203853,11.72
TEL-10017,MV Fleet_12,LNG Carrier,12.83,6.0,47481,Underway,2026-05-24 20:41:43.203853,11.31
TEL-10018,MV Fleet_12,Container,14.14,8.0,28133,Underway,2026-05-24 20:56:43.203853,16.86
TEL-10019,MV Fleet_17,Bulk Carrier,21.67,1.0,33667,Underway,2026-05-24 21:11:43.203853,8.56
TEL-10020,MV Fleet_10,Bulk Carrier,19.98,5.0,40241,Moored,2026-05-24 21:26:43.203853,14.3
TEL-10021,MV Fleet_16,Tanker,12.36,4.0,38503,Anchored,2026-05-24 21:41:43.203853,7.18
TEL-10022,MV Fleet_15,Container,9.88,4.0,7838,Underway,2026-05-24 21:56:43.203853,7.88
TEL-10023,MV Fleet_15,Bulk Carrier,12.03,2.0,40330,Underway,2026-05-24 22:11:43.203853,6.01
TEL-10024,MV Fleet_19,LNG Carrier,22.73,1.0,18440,Underway,2026-05-24 22:26:43.203853,10.4
TEL-10025,MV Fleet_12,Container,17.31,6.0,41674,Anchored,2026-05-24 22:41:43.203853,14.6
TEL-10026,MV Fleet_20,Bulk Carrier,16.54,7.0,39040,Underway,2026-05-24 22:56:43.203853,14.72
TEL-10027,MV Fleet_03,Container,17.54,5.0,42604,Underway,2026-05-24 23:11:43.203853,13.14
TEL-10028,MV Fleet_05,LNG Carrier,13.86,8.0,39630,Moored,2026-05-24 23:26:43.203853,16.96
TEL-10029,MV Fleet_19,Bulk Carrier,20.91,,41994,Underway,2026-05-24 23:41:43.203853,18.3
TEL-10030,MV Fleet_07,Tanker,16.37,2.0,31339,Anchored,2026-05-24 23:56:43.203853,7.39
TEL-10031,MV Fleet_09,Tanker,9.87,4.0,35384,Underway,2026-05-25 00:11:43.203853,8.27
TEL-10032,MV Fleet_07,Container,10.07,9.0,46782,Underway,2026-05-25 00:26:43.203853,14.15
TEL-10033,MV Fleet_18,LNG Carrier,16.59,5.0,37643,Underway,2026-05-25 00:41:43.203853,13.63
TEL-10034,MV Fleet_04,Bulk Carrier,22.99,3.0,21926,Underway,2026-05-25 00:56:43.203853,13.65
TEL-10035,MV Fleet_14,LNG Carrier,12.93,6.0,43977,Moored,2026-05-25 01:11:43.203853,13.6
TEL-10036,MV Fleet_18,Bulk Carrier,21.91,3.0,28652,Underway,2026-05-25 01:26:43.203853,15.35
TEL-10037,MV Fleet_09,Container,20.23,5.0,15270,Underway,2026-05-25 01:41:43.203853,14.64
TEL-10038,MV Fleet_02,Bulk Carrier,11.96,3.0,22268,Underway,2026-05-25 01:56:43.203853,6.79
TEL-10039,MV Fleet_20,LNG Carrier,8.58,6.0,41417,Underway,2026-05-25 02:11:43.203853,11.95
TEL-10040,MV Fleet_15,LNG Carrier,9.63,5.0,25317,Underway,2026-05-25 02:26:43.203853,8.5
TEL-10041,MV Fleet_07,Container,19.66,9.0,41434,Underway,2026-05-25 02:41:43.203853,20.52
TEL-10042,MV Fleet_12,LNG Carrier,11.19,3.0,20448,Anchored,2026-05-25 02:56:43.203853,8.48
TEL-10043,MV Fleet_08,Bulk Carrier,13.94,6.0,14913,Underway,2026-05-25 03:11:43.203853,13.77
TEL-10044,MV Fleet_15,Container,16.03,8.0,13566,Underway,2026-05-25 03:26:43.203853,18.58
TEL-10045,MV Fleet_03,Bulk Carrier,19.61,7.0,37444,Anchored,2026-05-25 03:41:43.203853,16.39
TEL-10046,MV Fleet_14,LNG Carrier,9.81,6.0,20605,Underway,2026-05-25 03:56:43.203853,12.0
TEL-10047,MV Fleet_17,Container,14.5,2.0,5557,Anchored,2026-05-25 04:11:43.203853,6.91
TEL-10048,MV Fleet_04,Bulk Carrier,15.76,7.0,47240,Underway,2026-05-25 04:26:43.203853,15.22
TEL-10049,MV Fleet_18,LNG Carrier,16.65,8.0,49383,Underway,2026-05-25 04:41:43.203853,17.15
TEL-10050,MV Fleet_08,LNG Carrier,21.09,1.0,11040,Underway,2026-05-25 04:56:43.203853,9.44
TEL-10051,MV Fleet_04,Tanker,10.75,9.0,38896,Underway,2026-05-25 05:11:43.203853,15.72
TEL-10052,MV Fleet_02,LNG Carrier,20.93,4.0,26804,Underway,2026-05-25 05:26:43.203853,10.91
TEL-10053,MV Fleet_06,Bulk Carrier,19.09,8.0,14292,Underway,2026-05-25 05:41:43.203853,18.25
TEL-10054,MV Fleet_10,Container,16.89,7.0,31110,Underway,2026-05-25 05:56:43.203853,15.93
TEL-10055,MV Fleet_04,Tanker,19.19,7.0,10349,Underway,2026-05-25 06:11:43.203853,16.51
TEL-10056,MV Fleet_18,LNG Carrier,14.59,2.0,35374,Underway,2026-05-25 06:26:43.203853,7.46
TEL-10057,MV Fleet_12,LNG Carrier,10.21,1.0,24009,Underway,2026-05-25 06:41:43.203853,3.39
TEL-10058,MV Fleet_02,LNG Carrier,18.65,4.0,47591,Underway,2026-05-25 06:56:43.203853,11.38
TEL-10059,MV Fleet_10,Bulk Carrier,16.39,2.0,5057,Underway,2026-05-25 07:11:43.203853,9.73
TEL-10060,MV Fleet_04,Tanker,18.23,8.0,13503,Underway,2026-05-25 07:26:43.203853,20.95
TEL-10061,MV Fleet_14,Bulk Carrier,13.41,7.0,33293,Underway,2026-05-25 07:41:43.203853,15.12
TEL-10062,MV Fleet_16,Tanker,22.51,8.0,47961,Underway,2026-05-25 07:56:43.203853,19.1
TEL-10063,MV Fleet_15,Container,17.4,6.0,24121,Underway,2026-05-25 08:11:43.203853,14.48
TEL-10064,MV Fleet_08,Bulk Carrier,9.37,1.0,10493,Anchored,2026-05-25 08:26:43.203853,3.52
TEL-10065,MV Fleet_14,Bulk Carrier,15.2,,41645,Underway,2026-05-25 08:41:43.203853,18.59
TEL-10066,MV Fleet_08,Container,20.1,6.0,7282,Underway,2026-05-25 08:56:43.203853,15.85
TEL-10067,MV Fleet_16,Tanker,20.71,1.0,28170,Moored,2026-05-25 09:11:43.203853,9.33
TEL-10068,MV Fleet_13,LNG Carrier,15.91,1.0,49143,Underway,2026-05-25 09:26:43.203853,8.6
TEL-10069,MV Fleet_18,Container,22.32,8.0,6431,Underway,2026-05-25 09:41:43.203853,17.08
TEL-10070,MV Fleet_15,LNG Carrier,12.28,6.0,39543,Anchored,2026-05-25 09:56:43.203853,11.08
TEL-10071,MV Fleet_13,LNG Carrier,14.57,8.0,25591,Underway,2026-05-25 10:11:43.203853,17.24
TEL-10072,MV Fleet_09,Container,22.38,8.0,16351,Moored,2026-05-25 10:26:43.203853,19.82
TEL-10073,MV Fleet_15,Tanker,22.34,8.0,37483,Moored,2026-05-25 10:41:43.203853,20.75
TEL-10074,MV Fleet_13,LNG Carrier,18.97,7.0,36195,Underway,2026-05-25 10:56:43.203853,16.17
TEL-10075,MV Fleet_01,Container,21.74,7.0,42153,Moored,2026-05-25 11:11:43.203853,20.35
TEL-10076,MV Fleet_07,Bulk Carrier,9.42,4.0,27735,Moored,2026-05-25 11:26:43.203853,9.55
TEL-10077,MV Fleet_09,Bulk Carrier,21.84,9.0,20203,Underway,2026-05-25 11:41:43.203853,21.51
TEL-10078,MV Fleet_01,Bulk Carrier,13.13,2.0,8974,Moored,2026-05-25 11:56:43.203853,8.7
TEL-10079,MV Fleet_12,Container,10.85,9.0,43673,Underway,2026-05-25 12:11:43.203853,16.27
TEL-10080,MV Fleet_08,Bulk Carrier,11.83,3.0,42233,Underway,2026-05-25 12:26:43.203853,7.27
TEL-10081,MV Fleet_11,LNG Carrier,14.69,2.0,24686,Underway,2026-05-25 12:41:43.203853,9.06
TEL-10082,MV Fleet_19,Bulk Carrier,12.02,4.0,44713,Underway,2026-05-25 12:56:43.203853,6.64
TEL-10083,MV Fleet_17,Bulk Carrier,13.13,5.0,48826,Underway,2026-05-25 13:11:43.203853,10.94
TEL-10084,MV Fleet_08,LNG Carrier,10.16,2.0,17636,Underway,2026-05-25 13:26:43.203853,5.59
TEL-10085,MV Fleet_03,Bulk Carrier,12.74,1.0,40070,Underway,2026-05-25 13:41:43.203853,4.19
TEL-10086,MV Fleet_03,LNG Carrier,17.16,5.0,34123,Underway,2026-05-25 13:56:43.203853,11.4
TEL-10087,MV Fleet_01,Bulk Carrier,15.07,9.0,36812,Underway,2026-05-25 14:11:43.203853,17.42
TEL-10088,MV Fleet_05,LNG Carrier,13.55,5.0,33760,Underway,2026-05-25 14:26:43.203853,8.59
TEL-10089,MV Fleet_10,Bulk Carrier,19.94,9.0,9966,Underway,2026-05-25 14:41:43.203853,22.31
TEL-10090,MV Fleet_07,LNG Carrier,22.3,6.0,23426,Anchored,2026-05-25 14:56:43.203853,19.24
TEL-10091,MV Fleet_09,Container,20.11,3.0,19162,Underway,2026-05-25 15:11:43.203853,11.18
TEL-10092,MV Fleet_07,LNG Carrier,13.31,4.0,21058,Underway,2026-05-25 15:26:43.203853,8.79
TEL-10093,MV Fleet_09,Bulk Carrier,19.91,4.0,46482,Underway,2026-05-25 15:41:43.203853,10.25
TEL-10094,MV Fleet_08,Bulk Carrier,10.43,1.0,48667,Underway,2026-05-25 15:56:43.203853,2.67
TEL-10095,MV Fleet_12,Tanker,10.09,3.0,7998,Underway,2026-05-25 16:11:43.203853,8.76
TEL-10096,MV Fleet_02,LNG Carrier,13.53,3.0,5909,Moored,2026-05-25 16:26:43.203853,7.86
TEL-10097,MV Fleet_01,Container,20.92,1.0,39648,Underway,2026-05-25 16:41:43.203853,7.76
TEL-10098,MV Fleet_16,LNG Carrier,11.94,9.0,17497,Underway,2026-05-25 16:56:43.203853,16.28
TEL-10099,MV Fleet_05,LNG Carrier,9.01,1.0,23944,Underway,2026-05-25 17:11:43.203853,2.37
TEL-10100,MV Fleet_03,Container,10.11,9.0,12527,Underway,2026-05-25 17:26:43.203853,13.18
TEL-10101,MV Fleet_12,LNG Carrier,21.74,1.0,43464,Underway,2026-05-25 17:41:43.203853,8.55
TEL-10102,MV Fleet_08,Container,18.14,2.0,8072,Underway,2026-05-25 17:56:43.203853,6.95
TEL-10103,MV Fleet_03,Container,12.05,2.0,17018,Underway,2026-05-25 18:11:43.203853,6.39
TEL-10104,MV Fleet_01,LNG Carrier,16.88,6.0,34652,Underway,2026-05-25 18:26:43.203853,15.27
TEL-10105,MV Fleet_03,LNG Carrier,16.44,7.0,9476,Underway,2026-05-25 18:41:43.203853,14.1
TEL-10106,MV Fleet_05,Bulk Carrier,18.49,,48835,Anchored,2026-05-25 18:56:43.203853,7.49
TEL-10107,MV Fleet_15,Bulk Carrier,11.73,3.0,35232,Underway,2026-05-25 19:11:43.203853,7.11
TEL-10108,MV Fleet_14,Tanker,21.83,2.0,32482,Moored,2026-05-25 19:26:43.203853,9.45
TEL-10109,MV Fleet_03,Tanker,12.95,8.0,42257,Underway,2026-05-25 19:41:43.203853,11.69
TEL-10110,MV Fleet_01,LNG Carrier,19.11,9.0,25875,Underway,2026-05-25 19:56:43.203853,17.99
TEL-10111,MV Fleet_05,Container,8.26,2.0,21219,Underway,2026-05-25 20:11:43.203853,3.28
TEL-10112,MV Fleet_14,Tanker,13.96,2.0,35448,Anchored,2026-05-25 20:26:43.203853,6.75
TEL-10113,MV Fleet_07,LNG Carrier,13.63,9.0,19367,Underway,2026-05-25 20:41:43.203853,17.26
TEL-10114,MV Fleet_09,Tanker,16.7,4.0,30120,Underway,2026-05-25 20:56:43.203853,12.66
TEL-10115,MV Fleet_15,Container,9.16,5.0,11855,Underway,2026-05-25 21:11:43.203853,7.68
TEL-10116,MV Fleet_15,LNG Carrier,20.64,9.0,8097,Underway,2026-05-25 21:26:43.203853,19.14
TEL-10117,MV Fleet_10,Container,11.48,6.0,49585,Underway,2026-05-25 21:41:43.203853,10.57
TEL-10118,MV Fleet_13,LNG Carrier,18.83,9.0,24889,Underway,2026-05-25 21:56:43.203853,19.09
TEL-10119,MV Fleet_19,Tanker,20.85,9.0,6084,Underway,2026-05-25 22:11:43.203853,20.82
TEL-10120,MV Fleet_07,Bulk Carrier,16.99,7.0,38320,Underway,2026-05-25 22:26:43.203853,16.08
TEL-10121,MV Fleet_17,Tanker,19.85,9.0,26944,Underway,2026-05-25 22:41:43.203853,17.11
TEL-10122,MV Fleet_20,Tanker,18.59,5.0,38921,Underway,2026-05-25 22:56:43.203853,15.04
TEL-10123,MV Fleet_04,Bulk Carrier,13.69,5.0,26857,Underway,2026-05-25 23:11:43.203853,11.62
TEL-10124,MV Fleet_05,Bulk Carrier,20.94,8.0,23070,Underway,2026-05-25 23:26:43.203853,20.37
TEL-10125,MV Fleet_07,LNG Carrier,12.72,4.0,29475,Underway,2026-05-25 23:41:43.203853,5.43
TEL-10126,MV Fleet_13,LNG Carrier,17.14,9.0,27219,Anchored,2026-05-25 23:56:43.203853,19.76
TEL-10127,MV Fleet_15,Container,19.93,7.0,46457,Underway,2026-05-26 00:11:43.203853,15.48
TEL-10128,MV Fleet_11,Container,14.06,7.0,36489,Underway,2026-05-26 00:26:43.203853,13.4
TEL-10129,MV Fleet_04,Tanker,12.84,3.0,28178,Underway,2026-05-26 00:41:43.203853,9.72
TEL-10130,MV Fleet_13,Bulk Carrier,15.35,4.0,18483,Anchored,2026-05-26 00:56:43.203853,11.14
TEL-10131,MV Fleet_07,Container,21.09,7.0,49927,Underway,2026-05-26 01:11:43.203853,16.61
TEL-10132,MV Fleet_19,Tanker,22.88,5.0,38573,Moored,2026-05-26 01:26:43.203853,16.88
TEL-10133,MV Fleet_02,Bulk Carrier,16.72,3.0,38688,Underway,2026-05-26 01:41:43.203853,9.84
TEL-10134,MV Fleet_10,LNG Carrier,18.58,1.0,36529,Underway,2026-05-26 01:56:43.203853,6.64
TEL-10135,MV Fleet_13,Tanker,22.45,7.0,39211,Underway,2026-05-26 02:11:43.203853,19.14
TEL-10136,MV Fleet_06,LNG Carrier,9.58,6.0,44816,Underway,2026-05-26 02:26:43.203853,10.3
TEL-10137,MV Fleet_12,Container,11.71,7.0,38978,Underway,2026-05-26 02:41:43.203853,13.7
TEL-10138,MV Fleet_12,Container,19.34,2.0,34677,Underway,2026-05-26 02:56:43.203853,9.71
TEL-10139,MV Fleet_20,Bulk Carrier,21.18,4.0,21004,Underway,2026-05-26 03:11:43.203853,13.94
TEL-10140,MV Fleet_11,Tanker,21.71,2.0,15272,Underway,2026-05-26 03:26:43.203853,13.37
TEL-10141,MV Fleet_07,LNG Carrier,14.64,8.0,11212,Underway,2026-05-26 03:41:43.203853,17.25
TEL-10142,MV Fleet_01,Bulk Carrier,9.43,7.0,26071,Underway,2026-05-26 03:56:43.203853,13.81
TEL-10143,MV Fleet_01,Container,15.0,1.0,48108,Underway,2026-05-26 04:11:43.203853,4.7
TEL-10144,MV Fleet_20,Container,11.69,2.0,14700,Underway,2026-05-26 04:26:43.203853,3.34
TEL-10145,MV Fleet_13,Tanker,12.66,2.0,34980,Underway,2026-05-26 04:41:43.203853,5.71
TEL-10146,MV Fleet_09,LNG Carrier,20.36,4.0,22297,Underway,2026-05-26 04:56:43.203853,11.98
TEL-10147,MV Fleet_03,Tanker,9.21,3.0,46349,Underway,2026-05-26 05:11:43.203853,7.14
TEL-10148,MV Fleet_07,LNG Carrier,21.24,1.0,33625,Underway,2026-05-26 05:26:43.203853,8.42
TEL-10149,MV Fleet_06,LNG Carrier,14.84,2.0,33831,Underway,2026-05-26 05:41:43.203853,8.91
TEL-10150,MV Fleet_08,Tanker,17.54,9.0,34367,Underway,2026-05-26 05:56:43.203853,16.1
TEL-10151,MV Fleet_09,Bulk Carrier,9.43,1.0,40338,Underway,2026-05-26 06:11:43.203853,2.9
TEL-10152,MV Fleet_05,Tanker,13.4,9.0,25121,Moored,2026-05-26 06:26:43.203853,17.36
TEL-10153,MV Fleet_01,Tanker,9.44,7.0,40547,Underway,2026-05-26 06:41:43.203853,10.85
TEL-10154,MV Fleet_19,Container,23.38,2.0,29914,Underway,2026-05-26 06:56:43.203853,12.85
TEL-10155,MV Fleet_10,Container,20.92,2.0,49396,Anchored,2026-05-26 07:11:43.203853,11.34
TEL-10156,MV Fleet_12,Tanker,15.35,5.0,22178,Underway,2026-05-26 07:26:43.203853,11.01
TEL-10157,MV Fleet_15,Tanker,11.58,5.0,6722,Anchored,2026-05-26 07:41:43.203853,14.05
TEL-10158,MV Fleet_09,Container,22.94,4.0,18885,Underway,2026-05-26 07:56:43.203853,12.55
TEL-10159,MV Fleet_20,LNG Carrier,13.51,3.0,5102,Underway,2026-05-26 08:11:43.203853,5.82
TEL-10160,MV Fleet_17,Tanker,10.58,4.0,32435,Underway,2026-05-26 08:26:43.203853,7.5
TEL-10161,MV Fleet_17,Bulk Carrier,17.01,4.0,18262,Moored,2026-05-26 08:41:43.203853,11.23
TEL-10162,MV Fleet_20,Bulk Carrier,23.1,2.0,12453,Underway,2026-05-26 08:56:43.203853,8.9
TEL-10163,MV Fleet_12,Bulk Carrier,8.06,5.0,47407,Underway,2026-05-26 09:11:43.203853,9.82
TEL-10164,MV Fleet_07,Tanker,11.81,5.0,17224,Underway,2026-05-26 09:26:43.203853,13.85
TEL-10165,MV Fleet_02,LNG Carrier,23.02,5.0,11172,Underway,2026-05-26 09:41:43.203853,13.68
TEL-10166,MV Fleet_03,LNG Carrier,10.74,1.0,16252,Underway,2026-05-26 09:56:43.203853,4.06
TEL-10167,MV Fleet_17,Container,9.81,6.0,22918,Underway,2026-05-26 10:11:43.203853,12.38
TEL-10168,MV Fleet_05,Tanker,17.12,2.0,12197,Underway,2026-05-26 10:26:43.203853,9.15
TEL-10169,MV Fleet_17,LNG Carrier,21.79,7.0,36591,Underway,2026-05-26 10:41:43.203853,21.27
TEL-10170,MV Fleet_17,Tanker,15.63,4.0,18677,Anchored,2026-05-26 10:56:43.203853,9.58
TEL-10171,MV Fleet_17,Container,23.91,5.0,16039,Underway,2026-05-26 11:11:43.203853,19.3
TEL-10172,MV Fleet_02,Container,18.87,5.0,32785,Anchored,2026-05-26 11:26:43.203853,13.31
TEL-10173,MV Fleet_02,Container,9.19,5.0,9570,Underway,2026-05-26 11:41:43.203853,8.47
TEL-10174,MV Fleet_05,Bulk Carrier,23.89,2.0,11706,Underway,2026-05-26 11:56:43.203853,14.63
TEL-10175,MV Fleet_01,Tanker,14.53,5.0,16655,Underway,2026-05-26 12:11:43.203853,10.73
TEL-10176,MV Fleet_01,Container,12.6,3.0,38202,Underway,2026-05-26 12:26:43.203853,9.08
TEL-10177,MV Fleet_19,Tanker,16.93,4.0,14449,Underway,2026-05-26 12:41:43.203853,10.17
TEL-10178,MV Fleet_02,Bulk Carrier,12.87,2.0,29630,Underway,2026-05-26 12:56:43.203853,4.17
TEL-10179,MV Fleet_12,Bulk Carrier,9.38,4.0,14122,Underway,2026-05-26 13:11:43.203853,5.89
TEL-10180,MV Fleet_06,Container,8.02,9.0,15991,Underway,2026-05-26 13:26:43.203853,15.94
TEL-10181,MV Fleet_04,Container,15.19,8.0,29887,Underway,2026-05-26 13:41:43.203853,14.48
TEL-10182,MV Fleet_11,LNG Carrier,21.39,3.0,18859,Underway,2026-05-26 13:56:43.203853,11.49
TEL-10183,MV Fleet_17,Tanker,17.16,1.0,28640,Underway,2026-05-26 14:11:43.203853,5.55
TEL-10184,MV Fleet_06,Container,23.99,1.0,30532,Underway,2026-05-26 14:26:43.203853,9.06
TEL-10185,MV Fleet_05,LNG Carrier,12.59,6.0,44229,Underway,2026-05-26 14:41:43.203853,10.83
TEL-10186,MV Fleet_20,Tanker,12.49,3.0,43764,Underway,2026-05-26 14:56:43.203853,7.74
TEL-10187,MV Fleet_02,Container,10.56,4.0,42620,Underway,2026-05-26 15:11:43.203853,3.73
TEL-10188,MV Fleet_06,LNG Carrier,10.63,1.0,7512,Underway,2026-05-26 15:26:43.203853,4.99
TEL-10189,MV Fleet_11,LNG Carrier,12.56,8.0,20446,Anchored,2026-05-26 15:41:43.203853,13.01
TEL-10190,MV Fleet_16,Tanker,20.69,1.0,26912,Underway,2026-05-26 15:56:43.203853,6.65
TEL-10191,MV Fleet_16,LNG Carrier,22.49,5.0,39031,Underway,2026-05-26 16:11:43.203853,13.29
TEL-10192,MV Fleet_01,Tanker,23.6,6.0,40515,Moored,2026-05-26 16:26:43.203853,18.03
TEL-10193,MV Fleet_09,Tanker,11.72,2.0,20416,Underway,2026-05-26 16:41:43.203853,7.82
TEL-10194,MV Fleet_06,Tanker,22.1,7.0,12280,Underway,2026-05-26 16:56:43.203853,18.01
TEL-10195,MV Fleet_16,Bulk Carrier,13.25,7.0,15974,Underway,2026-05-26 17:11:43.203853,14.39
TEL-10196,MV Fleet_03,LNG Carrier,9.81,1.0,48746,Underway,2026-05-26 17:26:43.203853,4.25
TEL-10197,MV Fleet_20,Tanker,21.92,4.0,48775,Underway,2026-05-26 17:41:43.203853,14.72
TEL-10198,MV Fleet_04,Container,18.18,4.0,41531,Underway,2026-05-26 17:56:43.203853,10.03
TEL-10199,MV Fleet_19,Bulk Carrier,10.64,5.0,17227,Anchored,2026-05-26 18:11:43.203853,12.12
TEL-10200,MV Fleet_03,Bulk Carrier,14.88,1.0,18031,Underway,2026-05-26 18:26:43.203853,4.94
TEL-10201,MV Fleet_19,LNG Carrier,12.6,1.0,48283,Underway,2026-05-26 18:41:43.203853,4.89
TEL-10202,MV Fleet_20,Tanker,19.79,7.0,38000,Underway,2026-05-26 18:56:43.203853,16.67
TEL-10203,MV Fleet_07,LNG Carrier,15.25,9.0,7028,Underway,2026-05-26 19:11:43.203853,16.94
TEL-10204,MV Fleet_20,Bulk Carrier,23.83,1.0,35433,Underway,2026-05-26 19:26:43.203853,11.68
TEL-10205,MV Fleet_09,Tanker,8.88,2.0,23313,Anchored,2026-05-26 19:41:43.203853,5.59
TEL-10206,MV Fleet_01,Container,13.68,6.0,14650,Underway,2026-05-26 19:56:43.203853,9.14
TEL-10207,MV Fleet_08,Tanker,15.71,6.0,31224,Underway,2026-05-26 20:11:43.203853,13.95
TEL-10208,MV Fleet_07,Bulk Carrier,16.05,2.0,35364,Underway,2026-05-26 20:26:43.203853,10.63
TEL-10209,MV Fleet_18,Container,13.05,9.0,23361,Moored,2026-05-26 20:41:43.203853,16.93
TEL-10210,MV Fleet_08,Tanker,19.67,4.0,7413,Underway,2026-05-26 20:56:43.203853,11.57
TEL-10211,MV Fleet_01,Container,22.0,7.0,45794,Underway,2026-05-26 21:11:43.203853,17.58
TEL-10212,MV Fleet_11,Container,23.02,6.0,36070,Underway,2026-05-26 21:26:43.203853,16.43
TEL-10213,MV Fleet_18,Bulk Carrier,20.88,3.0,43186,Anchored,2026-05-26 21:41:43.203853,9.78
TEL-10214,MV Fleet_10,Container,21.61,8.0,27409,Underway,2026-05-26 21:56:43.203853,19.15
TEL-10215,MV Fleet_03,LNG Carrier,16.81,7.0,34854,Anchored,2026-05-26 22:11:43.203853,15.06
TEL-10216,MV Fleet_07,Bulk Carrier,21.21,9.0,36206,Moored,2026-05-26 22:26:43.203853,21.6
TEL-10217,MV Fleet_16,LNG Carrier,12.86,3.0,34655,Underway,2026-05-26 22:41:43.203853,6.79
TEL-10218,MV Fleet_16,Container,14.38,1.0,14952,Underway,2026-05-26 22:56:43.203853,8.23
TEL-10219,MV Fleet_20,LNG Carrier,13.07,2.0,41365,Underway,2026-05-26 23:11:43.203853,4.76
TEL-10220,MV Fleet_17,Tanker,15.48,1.0,22762,Underway,2026-05-26 23:26:43.203853,5.93
TEL-10221,MV Fleet_02,Container,12.57,5.0,5620,Underway,2026-05-26 23:41:43.203853,9.34
TEL-10222,MV Fleet_01,Tanker,23.39,2.0,38697,Anchored,2026-05-26 23:56:43.203853,10.69
TEL-10223,MV Fleet_16,LNG Carrier,13.01,3.0,20455,Underway,2026-05-27 00:11:43.203853,7.22
TEL-10224,MV Fleet_12,Tanker,9.57,8.0,27210,Underway,2026-05-27 00:26:43.203853,14.17
TEL-10225,MV Fleet_05,Container,16.43,5.0,5974,Anchored,2026-05-27 00:41:43.203853,13.37
TEL-10226,MV Fleet_05,Tanker,8.91,4.0,17679,Underway,2026-05-27 00:56:43.203853,6.95
TEL-10227,MV Fleet_09,LNG Carrier,9.77,5.0,32429,Underway,2026-05-27 01:11:43.203853,7.18
TEL-10228,MV Fleet_09,LNG Carrier,11.51,,23073,Underway,2026-05-27 01:26:43.203853,13.6
TEL-10229,MV Fleet_03,LNG Carrier,15.43,7.0,9671,Underway,2026-05-27 01:41:43.203853,13.22
TEL-10230,MV Fleet_19,Container,14.93,9.0,35365,Moored,2026-05-27 01:56:43.203853,17.09
TEL-10231,MV Fleet_16,LNG Carrier,20.8,1.0,13917,Underway,2026-05-27 02:11:43.203853,8.55
TEL-10232,MV Fleet_16,Container,19.83,4.0,46121,Anchored,2026-05-27 02:26:43.203853,12.27
TEL-10233,MV Fleet_03,Tanker,14.82,9.0,12784,Underway,2026-05-27 02:41:43.203853,15.3
TEL-10234,MV Fleet_20,LNG Carrier,13.34,5.0,38426,Underway,2026-05-27 02:56:43.203853,12.07
TEL-10235,MV Fleet_01,Tanker,13.06,8.0,40665,Underway,2026-05-27 03:11:43.203853,10.93
TEL-10236,MV Fleet_20,Bulk Carrier,20.38,1.0,17291,Underway,2026-05-27 03:26:43.203853,9.69
TEL-10237,MV Fleet_11,Tanker,8.83,4.0,23926,Underway,2026-05-27 03:41:43.203853,9.36
TEL-10238,MV Fleet_17,Bulk Carrier,8.21,9.0,31154,Underway,2026-05-27 03:56:43.203853,16.29
TEL-10239,MV Fleet_08,Tanker,20.73,1.0,30650,Underway,2026-05-27 04:11:43.203853,7.97
TEL-10240,MV Fleet_04,Container,15.63,1.0,8205,Underway,2026-05-27 04:26:43.203853,5.98
TEL-10241,MV Fleet_06,Tanker,10.09,4.0,41812,Underway,2026-05-27 04:41:43.203853,7.03
TEL-10242,MV Fleet_08,Container,11.77,3.0,35294,Underway,2026-05-27 04:56:43.203853,7.25
TEL-10243,MV Fleet_20,Container,22.92,7.0,41201,Underway,2026-05-27 05:11:43.203853,19.66
TEL-10244,MV Fleet_03,LNG Carrier,21.75,3.0,44479,Underway,2026-05-27 05:26:43.203853,10.37
TEL-10245,MV Fleet_16,Container,19.36,1.0,12384,Moored,2026-05-27 05:41:43.203853,7.46
TEL-10246,MV Fleet_03,Bulk Carrier,15.72,2.0,22261,Moored,2026-05-27 05:56:43.203853,6.61
TEL-10247,MV Fleet_18,LNG Carrier,16.33,4.0,8059,Anchored,2026-05-27 06:11:43.203853,12.37
TEL-10248,MV Fleet_14,LNG Carrier,23.6,1.0,36734,Underway,2026-05-27 06:26:43.203853,8.72
TEL-10249,MV Fleet_18,Tanker,23.45,1.0,28391,Underway,2026-05-27 06:41:43.203853,10.98
TEL-10250,MV Fleet_02,Container,11.44,8.0,20915,Underway,2026-05-27 06:56:43.203853,14.44
TEL-10251,MV Fleet_03,Container,20.98,7.0,45281,Anchored,2026-05-27 07:11:43.203853,17.38
TEL-10252,MV Fleet_16,Bulk Carrier,11.16,8.0,39442,Underway,2026-05-27 07:26:43.203853,15.4
TEL-10253,MV Fleet_09,Tanker,11.42,4.0,47568,Underway,2026-05-27 07:41:43.203853,7.94
TEL-10254,MV Fleet_04,Tanker,18.82,6.0,30793,Anchored,2026-05-27 07:56:43.203853,15.03
TEL-10255,MV Fleet_01,LNG Carrier,14.48,3.0,36989,Underway,2026-05-27 08:11:43.203853,9.93
TEL-10256,MV Fleet_04,LNG Carrier,22.9,8.0,30305,Underway,2026-05-27 08:26:43.203853,19.03
TEL-10257,MV Fleet_01,LNG Carrier,9.42,4.0,21767,Underway,2026-05-27 08:41:43.203853,8.22
TEL-10258,MV Fleet_14,Bulk Carrier,16.18,3.0,43652,Underway,2026-05-27 08:56:43.203853,10.36
TEL-10259,MV Fleet_16,Bulk Carrier,22.7,4.0,23196,Underway,2026-05-27 09:11:43.203853,14.78
TEL-10260,MV Fleet_20,LNG Carrier,22.47,6.0,23708,Underway,2026-05-27 09:26:43.203853,18.86
TEL-10261,MV Fleet_08,Tanker,10.5,7.0,18383,Moored,2026-05-27 09:41:43.203853,12.5
TEL-10262,MV Fleet_07,Bulk Carrier,13.87,7.0,10248,Underway,2026-05-27 09:56:43.203853,15.0
TEL-10263,MV Fleet_03,Tanker,17.91,4.0,41197,Underway,2026-05-27 10:11:43.203853,13.05
TEL-10264,MV Fleet_17,Tanker,10.55,8.0,31440,Underway,2026-05-27 10:26:43.203853,11.66
TEL-10265,MV Fleet_01,Container,23.49,7.0,26230,Underway,2026-05-27 10:41:43.203853,18.45
TEL-10266,MV Fleet_16,LNG Carrier,22.64,2.0,34654,Moored,2026-05-27 10:56:43.203853,11.61
TEL-10267,MV Fleet_12,Container,10.67,8.0,21611,Underway,2026-05-27 11:11:43.203853,15.62
TEL-10268,MV Fleet_19,LNG Carrier,9.94,9.0,27457,Anchored,2026-05-27 11:26:43.203853,15.85
TEL-10269,MV Fleet_14,LNG Carrier,9.37,5.0,15256,Underway,2026-05-27 11:41:43.203853,11.39
TEL-10270,MV Fleet_06,Tanker,22.55,4.0,45971,Underway,2026-05-27 11:56:43.203853,13.19
TEL-10271,MV Fleet_06,LNG Carrier,11.1,4.0,45533,Moored,2026-05-27 12:11:43.203853,6.54
TEL-10272,MV Fleet_13,Tanker,14.66,4.0,39290,Underway,2026-05-27 12:26:43.203853,11.03
TEL-10273,MV Fleet_19,Tanker,15.18,6.0,38459,Underway,2026-05-27 12:41:43.203853,12.91
TEL-10274,MV Fleet_08,LNG Carrier,17.58,4.0,33281,Underway,2026-05-27 12:56:43.203853,9.97
TEL-10275,MV Fleet_02,Tanker,9.15,7.0,6739,Anchored,2026-05-27 13:11:43.203853,14.79
TEL-10276,MV Fleet_01,Tanker,11.63,7.0,6525,Anchored,2026-05-27 13:26:43.203853,14.21
TEL-10277,MV Fleet_15,Tanker,22.9,5.0,21453,Anchored,2026-05-27 13:41:43.203853,16.68
TEL-10278,MV Fleet_01,Bulk Carrier,22.53,5.0,11251,Underway,2026-05-27 13:56:43.203853,17.87
TEL-10279,MV Fleet_05,Tanker,20.5,8.0,48208,Underway,2026-05-27 14:11:43.203853,18.21
TEL-10280,MV Fleet_16,Bulk Carrier,8.31,7.0,24507,Underway,2026-05-27 14:26:43.203853,14.08
TEL-10281,MV Fleet_19,Bulk Carrier,13.23,7.0,18860,Underway,2026-05-27 14:41:43.203853,14.35
TEL-10282,MV Fleet_04,Tanker,18.05,6.0,26108,Underway,2026-05-27 14:56:43.203853,13.59
TEL-10283,MV Fleet_03,Tanker,12.4,7.0,32906,Underway,2026-05-27 15:11:43.203853,13.38
TEL-10284,MV Fleet_17,Bulk Carrier,22.55,7.0,12649,Underway,2026-05-27 15:26:43.203853,18.77
TEL-10285,MV Fleet_17,Bulk Carrier,18.14,2.0,39055,Underway,2026-05-27 15:41:43.203853,10.19
TEL-10286,MV Fleet_12,Tanker,9.15,2.0,18193,Anchored,2026-05-27 15:56:43.203853,2.7
TEL-10287,MV Fleet_14,Tanker,22.54,7.0,36022,Moored,2026-05-27 16:11:43.203853,15.86
TEL-10288,MV Fleet_06,LNG Carrier,23.32,7.0,36656,Underway,2026-05-27 16:26:43.203853,17.78
TEL-10289,MV Fleet_03,Bulk Carrier,9.24,7.0,46535,Underway,2026-05-27 16:41:43.203853,12.15
TEL-10290,MV Fleet_09,Bulk Carrier,16.52,5.0,20913,Underway,2026-05-27 16:56:43.203853,13.28
TEL-10291,MV Fleet_05,LNG Carrier,12.85,1.0,20629,Underway,2026-05-27 17:11:43.203853,3.88
TEL-10292,MV Fleet_17,Bulk Carrier,14.29,2.0,35692,Underway,2026-05-27 17:26:43.203853,7.3
TEL-10293,MV Fleet_14,Container,10.87,9.0,9954,Moored,2026-05-27 17:41:43.203853,18.21
TEL-10294,MV Fleet_03,Bulk Carrier,17.25,8.0,38512,Underway,2026-05-27 17:56:43.203853,14.52
TEL-10295,MV Fleet_01,LNG Carrier,23.33,8.0,15719,Underway,2026-05-27 18:11:43.203853,20.26
TEL-10296,MV Fleet_20,Container,16.05,1.0,32649,Underway,2026-05-27 18:26:43.203853,9.61
TEL-10297,MV Fleet_01,Tanker,9.33,6.0,17402,Underway,2026-05-27 18:41:43.203853,9.72
TEL-10298,MV Fleet_03,LNG Carrier,17.92,9.0,42344,Underway,2026-05-27 18:56:43.203853,17.68
TEL-10299,MV Fleet_18,LNG Carrier,13.44,8.0,14216,Underway,2026-05-27 19:11:43.203853,16.1
TEL-10300,MV Fleet_10,Tanker,21.69,3.0,36050,Underway,2026-05-27 19:26:43.203853,11.18
TEL-10301,MV Fleet_03,LNG Carrier,14.95,4.0,35272,Underway,2026-05-27 19:41:43.203853,11.59
TEL-10302,MV Fleet_08,Bulk Carrier,11.09,3.0,10050,Underway,2026-05-27 19:56:43.203853,10.6
TEL-10303,MV Fleet_14,Tanker,11.06,6.0,7438,Underway,2026-05-27 20:11:43.203853,11.49
TEL-10304,MV Fleet_18,LNG Carrier,20.3,9.0,48150,Underway,2026-05-27 20:26:43.203853,24.29
TEL-10305,MV Fleet_15,Tanker,12.25,8.0,46587,Underway,2026-05-27 20:41:43.203853,14.15
TEL-10306,MV Fleet_02,Tanker,20.28,4.0,21760,Moored,2026-05-27 20:56:43.203853,12.42
TEL-10307,MV Fleet_10,Tanker,11.29,2.0,17078,Underway,2026-05-27 21:11:43.203853,4.02
TEL-10308,MV Fleet_02,Container,13.15,8.0,21473,Underway,2026-05-27 21:26:43.203853,14.52
TEL-10309,MV Fleet_17,LNG Carrier,15.45,8.0,48815,Anchored,2026-05-27 21:41:43.203853,15.84
TEL-10310,MV Fleet_08,Container,23.09,6.0,14257,Underway,2026-05-27 21:56:43.203853,17.94
TEL-10311,MV Fleet_01,LNG Carrier,22.91,8.0,27450,Anchored,2026-05-27 22:11:43.203853,18.34
TEL-10312,MV Fleet_09,Bulk Carrier,11.31,9.0,30634,Moored,2026-05-27 22:26:43.203853,15.2
TEL-10313,MV Fleet_11,Bulk Carrier,13.73,1.0,33648,Underway,2026-05-27 22:41:43.203853,4.2
TEL-10314,MV Fleet_16,Bulk Carrier,10.39,9.0,32176,Anchored,2026-05-27 22:56:43.203853,16.98
TEL-10315,MV Fleet_07,LNG Carrier,16.16,2.0,15296,Underway,2026-05-27 23:11:43.203853,7.71
TEL-10316,MV Fleet_10,Tanker,15.37,1.0,26959,Underway,2026-05-27 23:26:43.203853,5.84
TEL-10317,MV Fleet_03,Tanker,22.41,8.0,19570,Anchored,2026-05-27 23:41:43.203853,20.03
TEL-10318,MV Fleet_18,Container,22.88,8.0,40423,Moored,2026-05-27 23:56:43.203853,17.57
TEL-10319,MV Fleet_13,Container,14.14,4.0,19727,Underway,2026-05-28 00:11:43.203853,12.02
TEL-10320,MV Fleet_07,Bulk Carrier,15.87,8.0,22899,Underway,2026-05-28 00:26:43.203853,15.01
TEL-10321,MV Fleet_04,Container,22.34,7.0,40785,Underway,2026-05-28 00:41:43.203853,19.7
TEL-10322,MV Fleet_13,LNG Carrier,20.91,2.0,45111,Underway,2026-05-28 00:56:43.203853,9.69
TEL-10323,MV Fleet_20,LNG Carrier,8.06,5.0,17339,Underway,2026-05-28 01:11:43.203853,7.97
TEL-10324,MV Fleet_01,Container,13.12,4.0,39341,Moored,2026-05-28 01:26:43.203853,10.75
TEL-10325,MV Fleet_08,Container,14.75,3.0,10597,Underway,2026-05-28 01:41:43.203853,6.59
TEL-10326,MV Fleet_14,Container,11.68,1.0,32112,Underway,2026-05-28 01:56:43.203853,2.45
TEL-10327,MV Fleet_16,Container,11.19,5.0,41694,Underway,2026-05-28 02:11:43.203853,10.16
TEL-10328,MV Fleet_14,Bulk Carrier,8.6,8.0,15244,Underway,2026-05-28 02:26:43.203853,13.83
TEL-10329,MV Fleet_12,Bulk Carrier,18.29,9.0,8796,Underway,2026-05-28 02:41:43.203853,20.32
TEL-10330,MV Fleet_19,Container,12.2,7.0,46591,Underway,2026-05-28 02:56:43.203853,14.39
TEL-10331,MV Fleet_15,LNG Carrier,8.84,1.0,15053,Anchored,2026-05-28 03:11:43.203853,3.02
TEL-10332,MV Fleet_02,Bulk Carrier,11.7,1.0,33528,Underway,2026-05-28 03:26:43.203853,4.27
TEL-10333,MV Fleet_02,LNG Carrier,20.83,,23648,Underway,2026-05-28 03:41:43.203853,8.26
TEL-10334,MV Fleet_19,Tanker,21.62,2.0,23431,Underway,2026-05-28 03:56:43.203853,12.56
TEL-10335,MV Fleet_17,LNG Carrier,15.73,1.0,5535,Underway,2026-05-28 04:11:43.203853,4.36
TEL-10336,MV Fleet_20,Container,14.66,4.0,45652,Underway,2026-05-28 04:26:43.203853,9.89
TEL-10337,MV Fleet_10,Tanker,23.65,9.0,49493,Anchored,2026-05-28 04:41:43.203853,23.32
TEL-10338,MV Fleet_06,Bulk Carrier,11.21,4.0,11881,Underway,2026-05-28 04:56:43.203853,10.1
TEL-10339,MV Fleet_15,Bulk Carrier,11.45,4.0,24481,Underway,2026-05-28 05:11:43.203853,7.52
TEL-10340,MV Fleet_11,Tanker,12.67,7.0,47235,Anchored,2026-05-28 05:26:43.203853,12.04
TEL-10341,MV Fleet_05,LNG Carrier,10.76,9.0,40841,Moored,2026-05-28 05:41:43.203853,13.91
TEL-10342,MV Fleet_01,Bulk Carrier,14.07,7.0,6025,Underway,2026-05-28 05:56:43.203853,13.57
TEL-10343,MV Fleet_08,Container,22.57,1.0,35869,Underway,2026-05-28 06:11:43.203853,9.88
TEL-10344,MV Fleet_12,Tanker,17.85,1.0,39819,Underway,2026-05-28 06:26:43.203853,6.16
TEL-10345,MV Fleet_12,Container,14.59,4.0,35192,Underway,2026-05-28 06:41:43.203853,10.86
TEL-10346,MV Fleet_05,Tanker,22.95,4.0,8621,Underway,2026-05-28 06:56:43.203853,14.13
TEL-10347,MV Fleet_07,Bulk Carrier,8.78,1.0,35566,Moored,2026-05-28 07:11:43.203853,4.02
TEL-10348,MV Fleet_04,LNG Carrier,11.36,6.0,25947,Underway,2026-05-28 07:26:43.203853,11.71
TEL-10349,MV Fleet_06,Tanker,17.05,2.0,19405,Underway,2026-05-28 07:41:43.203853,5.44
TEL-10350,MV Fleet_13,Tanker,17.85,5.0,9403,Underway,2026-05-28 07:56:43.203853,11.14
TEL-10351,MV Fleet_20,Container,8.63,8.0,41091,Moored,2026-05-28 08:11:43.203853,15.3
TEL-10352,MV Fleet_15,Bulk Carrier,14.45,3.0,27525,Underway,2026-05-28 08:26:43.203853,6.84
TEL-10353,MV Fleet_03,Container,18.39,9.0,10017,Underway,2026-05-28 08:41:43.203853,20.43
TEL-10354,MV Fleet_08,Bulk Carrier,19.17,7.0,44203,Anchored,2026-05-28 08:56:43.203853,16.75
TEL-10355,MV Fleet_20,Container,18.21,9.0,24729,Underway,2026-05-28 09:11:43.203853,17.58
TEL-10356,MV Fleet_16,Tanker,13.13,1.0,33430,Underway,2026-05-28 09:26:43.203853,5.81
TEL-10357,MV Fleet_13,Container,9.5,5.0,43584,Underway,2026-05-28 09:41:43.203853,8.62
TEL-10358,MV Fleet_18,LNG Carrier,14.83,3.0,42372,Moored,2026-05-28 09:56:43.203853,8.64
TEL-10359,MV Fleet_10,Bulk Carrier,10.06,4.0,41192,Moored,2026-05-28 10:11:43.203853,7.71
TEL-10360,MV Fleet_19,Bulk Carrier,23.16,4.0,19628,Underway,2026-05-28 10:26:43.203853,10.3
TEL-10361,MV Fleet_17,Tanker,15.6,7.0,49629,Underway,2026-05-28 10:41:43.203853,15.78
TEL-10362,MV Fleet_19,Bulk Carrier,13.08,8.0,17501,Underway,2026-05-28 10:56:43.203853,16.32
TEL-10363,MV Fleet_05,LNG Carrier,20.26,5.0,35131,Underway,2026-05-28 11:11:43.203853,13.42
TEL-10364,MV Fleet_09,Container,15.97,7.0,28566,Underway,2026-05-28 11:26:43.203853,15.91
TEL-10365,MV Fleet_12,Tanker,12.96,3.0,28824,Underway,2026-05-28 11:41:43.203853,6.31
TEL-10366,MV Fleet_01,LNG Carrier,20.99,3.0,7812,Anchored,2026-05-28 11:56:43.203853,10.29
TEL-10367,MV Fleet_01,Bulk Carrier,21.87,3.0,37812,Underway,2026-05-28 12:11:43.203853,12.44
TEL-10368,MV Fleet_15,Bulk Carrier,18.77,4.0,32326,Underway,2026-05-28 12:26:43.203853,10.8
TEL-10369,MV Fleet_02,LNG Carrier,8.75,6.0,14402,Moored,2026-05-28 12:41:43.203853,10.4
TEL-10370,MV Fleet_16,Container,17.06,5.0,31325,Underway,2026-05-28 12:56:43.203853,11.06
TEL-10371,MV Fleet_08,Container,20.21,8.0,46553,Underway,2026-05-28 13:11:43.203853,16.7
TEL-10372,MV Fleet_13,Tanker,10.18,5.0,31000,Underway,2026-05-28 13:26:43.203853,9.88
TEL-10373,MV Fleet_01,Bulk Carrier,11.66,5.0,29259,Anchored,2026-05-28 13:41:43.203853,10.43
TEL-10374,MV Fleet_16,LNG Carrier,22.12,2.0,6926,Underway,2026-05-28 13:56:43.203853,10.76
TEL-10375,MV Fleet_07,Container,8.32,5.0,5856,Anchored,2026-05-28 14:11:43.203853,8.53
TEL-10376,MV Fleet_05,Tanker,20.04,7.0,10988,Underway,2026-05-28 14:26:43.203853,15.98
TEL-10377,MV Fleet_03,Bulk Carrier,15.58,2.0,13743,Underway,2026-05-28 14:41:43.203853,5.64
TEL-10378,MV Fleet_12,Bulk Carrier,15.15,6.0,9138,Underway,2026-05-28 14:56:43.203853,11.38
TEL-10379,MV Fleet_16,Tanker,8.11,7.0,48848,Moored,2026-05-28 15:11:43.203853,11.0
TEL-10380,MV Fleet_19,Tanker,21.11,5.0,21082,Underway,2026-05-28 15:26:43.203853,16.17
TEL-10381,MV Fleet_05,Container,13.76,9.0,38374,Underway,2026-05-28 15:41:43.203853,17.3
TEL-10382,MV Fleet_14,LNG Carrier,16.65,4.0,13863,Moored,2026-05-28 15:56:43.203853,11.31
TEL-10383,MV Fleet_05,Bulk Carrier,18.84,1.0,42790,Underway,2026-05-28 16:11:43.203853,5.5
TEL-10384,MV Fleet_15,LNG Carrier,19.24,8.0,34807,Anchored,2026-05-28 16:26:43.203853,18.38
TEL-10385,MV Fleet_17,Bulk Carrier,23.3,8.0,27118,Underway,2026-05-28 16:41:43.203853,20.95
TEL-10386,MV Fleet_14,Bulk Carrier,16.5,7.0,10149,Underway,2026-05-28 16:56:43.203853,17.58
TEL-10387,MV Fleet_20,LNG Carrier,14.4,8.0,43079,Underway,2026-05-28 17:11:43.203853,15.7
TEL-10388,MV Fleet_05,Tanker,23.26,2.0,7484,Anchored,2026-05-28 17:26:43.203853,10.83
TEL-10389,MV Fleet_12,Container,18.27,3.0,30191,Underway,2026-05-28 17:41:43.203853,8.94
TEL-10390,MV Fleet_16,Bulk Carrier,12.77,9.0,48809,Underway,2026-05-28 17:56:43.203853,16.63
TEL-10391,MV Fleet_16,Tanker,10.02,1.0,25791,Anchored,2026-05-28 18:11:43.203853,3.22
TEL-10392,MV Fleet_07,Bulk Carrier,21.48,8.0,8807,Underway,2026-05-28 18:26:43.203853,21.04
TEL-10393,MV Fleet_04,Container,13.79,,31648,Underway,2026-05-28 18:41:43.203853,16.81
TEL-10394,MV Fleet_01,Bulk Carrier,18.57,7.0,36090,Underway,2026-05-28 18:56:43.203853,14.75
TEL-10395,MV Fleet_05,Container,15.53,5.0,30100,Underway,2026-05-28 19:11:43.203853,11.7
TEL-10396,MV Fleet_10,Container,11.18,4.0,35949,Underway,2026-05-28 19:26:43.203853,12.09
TEL-10397,MV Fleet_05,Bulk Carrier,17.63,6.0,40941,Anchored,2026-05-28 19:41:43.203853,12.06
TEL-10398,MV Fleet_04,Bulk Carrier,8.97,1.0,22857,Anchored,2026-05-28 19:56:43.203853,2.89
TEL-10399,MV Fleet_02,Container,14.61,5.0,32850,Underway,2026-05-28 20:11:43.203853,12.45
TEL-10400,MV Fleet_20,Tanker,16.75,4.0,47967,Underway,2026-05-28 20:26:43.203853,10.46
TEL-10401,MV Fleet_10,LNG Carrier,14.98,4.0,7412,Underway,2026-05-28 20:41:43.203853,9.5
TEL-10402,MV Fleet_19,Container,19.98,7.0,8182,Moored,2026-05-28 20:56:43.203853,16.3
TEL-10403,MV Fleet_01,Bulk Carrier,21.25,9.0,25948,Underway,2026-05-28 21:11:43.203853,19.12
TEL-10404,MV Fleet_05,Bulk Carrier,20.34,8.0,38782,Moored,2026-05-28 21:26:43.203853,18.45
TEL-10405,MV Fleet_13,Tanker,8.62,8.0,22253,Anchored,2026-05-28 21:41:43.203853,15.1
TEL-10406,MV Fleet_04,LNG Carrier,11.11,5.0,44681,Underway,2026-05-28 21:56:43.203853,7.99
TEL-10407,MV Fleet_16,Container,16.59,6.0,40495,Underway,2026-05-28 22:11:43.203853,14.14
TEL-10408,MV Fleet_16,Container,22.96,2.0,7852,Underway,2026-05-28 22:26:43.203853,12.85
TEL-10409,MV Fleet_02,LNG Carrier,21.36,3.0,46845,Underway,2026-05-28 22:41:43.203853,11.75
TEL-10410,MV Fleet_17,Container,21.48,5.0,23992,Underway,2026-05-28 22:56:43.203853,14.22
TEL-10411,MV Fleet_20,LNG Carrier,12.85,2.0,6273,Underway,2026-05-28 23:11:43.203853,7.08
TEL-10412,MV Fleet_12,Bulk Carrier,14.87,3.0,12649,Underway,2026-05-28 23:26:43.203853,7.08
TEL-10413,MV Fleet_18,LNG Carrier,15.53,4.0,34002,Underway,2026-05-28 23:41:43.203853,10.87
TEL-10414,MV Fleet_03,Container,10.52,6.0,39723,Underway,2026-05-28 23:56:43.203853,10.94
TEL-10415,MV Fleet_01,LNG Carrier,8.5,5.0,13778,Underway,2026-05-29 00:11:43.203853,9.11
TEL-10416,MV Fleet_01,Tanker,23.15,4.0,29776,Underway,2026-05-29 00:26:43.203853,16.87
TEL-10417,MV Fleet_19,Bulk Carrier,11.85,2.0,9549,Anchored,2026-05-29 00:41:43.203853,7.41
TEL-10418,MV Fleet_11,Bulk Carrier,11.84,5.0,20863,Underway,2026-05-29 00:56:43.203853,12.39
TEL-10419,MV Fleet_05,LNG Carrier,9.33,5.0,16809,Underway,2026-05-29 01:11:43.203853,8.05
TEL-10420,MV Fleet_12,Container,22.86,7.0,13302,Underway,2026-05-29 01:26:43.203853,17.14
TEL-10421,MV Fleet_03,Tanker,17.28,1.0,13100,Underway,2026-05-29 01:41:43.203853,7.28
TEL-10422,MV Fleet_01,Bulk Carrier,18.67,4.0,7911,Underway,2026-05-29 01:56:43.203853,12.28
TEL-10423,MV Fleet_01,Bulk Carrier,22.59,5.0,17091,Underway,2026-05-29 02:11:43.203853,12.55
TEL-10424,MV Fleet_08,Container,13.53,8.0,14099,Moored,2026-05-29 02:26:43.203853,15.86
TEL-10425,MV Fleet_10,Container,17.94,8.0,10663,Underway,2026-05-29 02:41:43.203853,20.49
TEL-10426,MV Fleet_11,Tanker,8.62,1.0,34904,Underway,2026-05-29 02:56:43.203853,5.9
TEL-10427,MV Fleet_12,LNG Carrier,10.99,5.0,33291,Anchored,2026-05-29 03:11:43.203853,8.8
TEL-10428,MV Fleet_13,Container,21.3,1.0,49649,Underway,2026-05-29 03:26:43.203853,9.82
TEL-10429,MV Fleet_12,LNG Carrier,20.27,1.0,46066,Underway,2026-05-29 03:41:43.203853,6.83
TEL-10430,MV Fleet_14,Tanker,13.61,2.0,41104,Anchored,2026-05-29 03:56:43.203853,6.24
TEL-10431,MV Fleet_02,LNG Carrier,14.03,2.0,44137,Underway,2026-05-29 04:11:43.203853,5.33
TEL-10432,MV Fleet_19,Bulk Carrier,16.54,9.0,7534,Underway,2026-05-29 04:26:43.203853,16.46
TEL-10433,MV Fleet_18,LNG Carrier,8.0,4.0,7226,Underway,2026-05-29 04:41:43.203853,8.7
TEL-10434,MV Fleet_03,Tanker,11.86,3.0,14585,Anchored,2026-05-29 04:56:43.203853,7.61
TEL-10435,MV Fleet_17,Tanker,11.33,1.0,32260,Moored,2026-05-29 05:11:43.203853,4.65
TEL-10436,MV Fleet_08,Tanker,12.01,2.0,32411,Anchored,2026-05-29 05:26:43.203853,6.69
TEL-10437,MV Fleet_10,LNG Carrier,20.89,6.0,37934,Underway,2026-05-29 05:41:43.203853,16.31
TEL-10438,MV Fleet_02,Bulk Carrier,12.47,9.0,15902,Anchored,2026-05-29 05:56:43.203853,14.86
TEL-10439,MV Fleet_19,Container,11.06,5.0,41392,Moored,2026-05-29 06:11:43.203853,10.19
TEL-10440,MV Fleet_09,Bulk Carrier,16.07,4.0,23731,Moored,2026-05-29 06:26:43.203853,10.16
TEL-10441,MV Fleet_07,LNG Carrier,21.85,5.0,22788,Anchored,2026-05-29 06:41:43.203853,14.78
TEL-10442,MV Fleet_04,LNG Carrier,11.86,9.0,36126,Underway,2026-05-29 06:56:43.203853,14.76
TEL-10443,MV Fleet_18,Container,9.26,7.0,47485,Underway,2026-05-29 07:11:43.203853,10.0
TEL-10444,MV Fleet_13,LNG Carrier,13.7,8.0,7774,Underway,2026-05-29 07:26:43.203853,14.57
TEL-10445,MV Fleet_11,Tanker,19.96,4.0,14017,Underway,2026-05-29 07:41:43.203853,13.31
TEL-10446,MV Fleet_04,Tanker,16.81,8.0,30700,Underway,2026-05-29 07:56:43.203853,16.74
TEL-10447,MV Fleet_04,Tanker,21.07,6.0,30144,Moored,2026-05-29 08:11:43.203853,18.79
TEL-10448,MV Fleet_10,Tanker,23.35,5.0,34910,Underway,2026-05-29 08:26:43.203853,15.88
TEL-10449,MV Fleet_05,Tanker,20.68,7.0,47918,Underway,2026-05-29 08:41:43.203853,17.69
TEL-10450,MV Fleet_09,LNG Carrier,17.66,6.0,41507,Underway,2026-05-29 08:56:43.203853,14.3
TEL-10451,MV Fleet_03,Container,15.89,3.0,31685,Underway,2026-05-29 09:11:43.203853,7.31
TEL-10452,MV Fleet_17,Container,8.64,5.0,29402,Underway,2026-05-29 09:26:43.203853,9.03
TEL-10453,MV Fleet_03,Tanker,23.75,9.0,42232,Underway,2026-05-29 09:41:43.203853,20.62
TEL-10454,MV Fleet_16,LNG Carrier,14.14,7.0,35063,Anchored,2026-05-29 09:56:43.203853,14.01
TEL-10455,MV Fleet_04,Bulk Carrier,10.44,4.0,29125,Underway,2026-05-29 10:11:43.203853,5.52
TEL-10456,MV Fleet_18,Bulk Carrier,18.67,7.0,29020,Underway,2026-05-29 10:26:43.203853,16.19
TEL-10457,MV Fleet_17,LNG Carrier,12.55,5.0,36703,Underway,2026-05-29 10:41:43.203853,10.67
TEL-10458,MV Fleet_07,Tanker,17.37,2.0,36769,Underway,2026-05-29 10:56:43.203853,8.46
TEL-10459,MV Fleet_05,Container,17.39,6.0,18746,Underway,2026-05-29 11:11:43.203853,11.98
TEL-10460,MV Fleet_12,LNG Carrier,15.13,7.0,9094,Underway,2026-05-29 11:26:43.203853,15.27
TEL-10461,MV Fleet_17,Bulk Carrier,21.38,8.0,7930,Underway,2026-05-29 11:41:43.203853,20.28
TEL-10462,MV Fleet_13,Bulk Carrier,12.24,6.0,38531,Underway,2026-05-29 11:56:43.203853,10.39
TEL-10463,MV Fleet_03,Bulk Carrier,15.18,8.0,35755,Underway,2026-05-29 12:11:43.203853,17.55
TEL-10464,MV Fleet_09,Tanker,16.6,7.0,35105,Moored,2026-05-29 12:26:43.203853,15.53
TEL-10465,MV Fleet_17,Bulk Carrier,18.62,2.0,16552,Anchored,2026-05-29 12:41:43.203853,8.68
TEL-10466,MV Fleet_17,LNG Carrier,20.54,6.0,41218,Underway,2026-05-29 12:56:43.203853,16.67
TEL-10467,MV Fleet_20,LNG Carrier,14.32,9.0,24779,Underway,2026-05-29 13:11:43.203853,19.62
TEL-10468,MV Fleet_16,Bulk Carrier,18.34,6.0,34000,Underway,2026-05-29 13:26:43.203853,14.41
TEL-10469,MV Fleet_13,LNG Carrier,10.41,4.0,25103,Underway,2026-05-29 13:41:43.203853,7.41
TEL-10470,MV Fleet_19,Bulk Carrier,22.92,7.0,19102,Underway,2026-05-29 13:56:43.203853,21.83
TEL-10471,MV Fleet_17,Bulk Carrier,14.13,3.0,6861,Underway,2026-05-29 14:11:43.203853,7.85
TEL-10472,MV Fleet_04,Container,19.67,5.0,48574,Underway,2026-05-29 14:26:43.203853,14.38
TEL-10473,MV Fleet_12,Tanker,8.33,1.0,37682,Moored,2026-05-29 14:41:43.203853,2.71
TEL-10474,MV Fleet_09,Tanker,11.28,3.0,18283,Moored,2026-05-29 14:56:43.203853,4.55
TEL-10475,MV Fleet_19,Container,15.79,8.0,30597,Underway,2026-05-29 15:11:43.203853,15.9
TEL-10476,MV Fleet_12,Container,22.05,9.0,17436,Underway,2026-05-29 15:26:43.203853,22.86
TEL-10477,MV Fleet_09,Tanker,16.44,9.0,33424,Underway,2026-05-29 15:41:43.203853,16.95
TEL-10478,MV Fleet_07,Bulk Carrier,22.88,2.0,13890,Underway,2026-05-29 15:56:43.203853,13.16
TEL-10479,MV Fleet_14,Bulk Carrier,15.74,4.0,43297,Underway,2026-05-29 16:11:43.203853,11.48
TEL-10480,MV Fleet_20,Tanker,15.85,5.0,13299,Moored,2026-05-29 16:26:43.203853,10.38
TEL-10481,MV Fleet_19,Bulk Carrier,9.92,3.0,46348,Anchored,2026-05-29 16:41:43.203853,4.67
TEL-10482,MV Fleet_15,Container,20.84,1.0,46384,Underway,2026-05-29 16:56:43.203853,6.64
TEL-10483,MV Fleet_16,Bulk Carrier,11.95,6.0,16157,Anchored,2026-05-29 17:11:43.203853,11.1
TEL-10484,MV Fleet_05,Bulk Carrier,22.39,2.0,34763,Underway,2026-05-29 17:26:43.203853,9.26
TEL-10485,MV Fleet_03,LNG Carrier,22.57,9.0,37687,Underway,2026-05-29 17:41:43.203853,23.33
TEL-10486,MV Fleet_12,LNG Carrier,23.09,,15191,Underway,2026-05-29 17:56:43.203853,8.04
TEL-10487,MV Fleet_20,LNG Carrier,16.32,9.0,16767,Underway,2026-05-29 18:11:43.203853,16.77
TEL-10488,MV Fleet_04,Bulk Carrier,18.83,7.0,22911,Anchored,2026-05-29 18:26:43.203853,18.66
TEL-10489,MV Fleet_16,Tanker,20.46,2.0,33629,Anchored,2026-05-29 18:41:43.203853,9.38
TEL-10490,MV Fleet_07,Container,10.1,6.0,39794,Underway,2026-05-29 18:56:43.203853,11.67
TEL-10491,MV Fleet_13,Bulk Carrier,17.62,8.0,31944,Anchored,2026-05-29 19:11:43.203853,17.95
TEL-10492,MV Fleet_10,Tanker,8.55,2.0,48726,Moored,2026-05-29 19:26:43.203853,2.35
TEL-10493,MV Fleet_07,Bulk Carrier,15.96,5.0,39623,Underway,2026-05-29 19:41:43.203853,13.14
TEL-10494,MV Fleet_14,Container,10.48,6.0,22981,Underway,2026-05-29 19:56:43.203853,12.09
TEL-10495,MV Fleet_05,Bulk Carrier,10.93,3.0,10958,Underway,2026-05-29 20:11:43.203853,7.81
TEL-10496,MV Fleet_03,Container,13.84,2.0,19705,Moored,2026-05-29 20:26:43.203853,5.47
TEL-10497,MV Fleet_11,Bulk Carrier,14.92,6.0,35636,Underway,2026-05-29 20:41:43.203853,13.39
TEL-10498,MV Fleet_11,Container,17.97,3.0,47876,Underway,2026-05-29 20:56:43.203853,9.67
TEL-10499,MV Fleet_18,Bulk Carrier,9.19,2.0,30152,Underway,2026-05-29 21:11:43.203853,4.88
TEL-10500,MV Fleet_15,Container,16.06,1.0,43529,Anchored,2026-05-29 21:26:43.203853,4.82
TEL-10501,MV Fleet_12,LNG Carrier,10.92,,5688,Moored,2026-05-29 21:41:43.203853,14.04
TEL-10502,MV Fleet_09,Bulk Carrier,17.18,1.0,30365,Underway,2026-05-29 21:56:43.203853,8.0
TEL-10503,MV Fleet_10,Bulk Carrier,18.2,5.0,34663,Underway,2026-05-29 22:11:43.203853,10.16
TEL-10504,MV Fleet_12,Tanker,16.91,6.0,44074,Moored,2026-05-29 22:26:43.203853,13.35
TEL-10505,MV Fleet_17,Tanker,19.81,3.0,42840,Underway,2026-05-29 22:41:43.203853,11.87
TEL-10506,MV Fleet_06,Container,13.37,7.0,22739,Anchored,2026-05-29 22:56:43.203853,12.15
TEL-10507,MV Fleet_07,Bulk Carrier,20.24,2.0,15909,Underway,2026-05-29 23:11:43.203853,10.25
TEL-10508,MV Fleet_14,Container,14.92,7.0,17713,Underway,2026-05-29 23:26:43.203853,15.16
TEL-10509,MV Fleet_13,LNG Carrier,15.75,2.0,17614,Underway,2026-05-29 23:41:43.203853,7.11
TEL-10510,MV Fleet_08,Tanker,18.37,5.0,47089,Underway,2026-05-29 23:56:43.203853,13.59
TEL-10511,MV Fleet_10,Container,8.29,7.0,37561,Moored,2026-05-30 00:11:43.203853,14.4
TEL-10512,MV Fleet_09,Container,18.46,3.0,25734,Moored,2026-05-30 00:26:43.203853,9.18
TEL-10513,MV Fleet_18,Tanker,17.9,4.0,35709,Anchored,2026-05-30 00:41:43.203853,9.31
TEL-10514,MV Fleet_02,Bulk Carrier,12.96,1.0,27885,Underway,2026-05-30 00:56:43.203853,3.98
TEL-10515,MV Fleet_05,Container,9.37,3.0,11086,Underway,2026-05-30 01:11:43.203853,4.8
TEL-10516,MV Fleet_05,Tanker,9.45,9.0,17731,Underway,2026-05-30 01:26:43.203853,15.9
TEL-10517,MV Fleet_06,Bulk Carrier,22.77,5.0,25592,Moored,2026-05-30 01:41:43.203853,14.94
TEL-10518,MV Fleet_19,LNG Carrier,19.03,8.0,18341,Underway,2026-05-30 01:56:43.203853,18.91
TEL-10519,MV Fleet_08,Tanker,10.03,2.0,44435,Moored,2026-05-30 02:11:43.203853,5.45
TEL-10520,MV Fleet_16,Container,13.71,3.0,17976,Moored,2026-05-30 02:26:43.203853,6.9
TEL-10521,MV Fleet_13,LNG Carrier,17.48,7.0,22374,Underway,2026-05-30 02:41:43.203853,14.3
TEL-10522,MV Fleet_01,Bulk Carrier,21.37,4.0,17333,Anchored,2026-05-30 02:56:43.203853,11.2
TEL-10523,MV Fleet_20,Bulk Carrier,8.7,9.0,10290,Moored,2026-05-30 03:11:43.203853,16.66
TEL-10524,MV Fleet_17,Tanker,11.79,7.0,28586,Anchored,2026-05-30 03:26:43.203853,13.94
TEL-10525,MV Fleet_07,Tanker,22.24,1.0,21340,Underway,2026-05-30 03:41:43.203853,8.69
TEL-10526,MV Fleet_13,Tanker,8.15,4.0,40655,Anchored,2026-05-30 03:56:43.203853,8.33
TEL-10527,MV Fleet_04,Bulk Carrier,11.22,6.0,19560,Underway,2026-05-30 04:11:43.203853,9.78
TEL-10528,MV Fleet_04,LNG Carrier,23.34,6.0,28997,Underway,2026-05-30 04:26:43.203853,16.16
TEL-10529,MV Fleet_06,Bulk Carrier,17.81,6.0,6340,Underway,2026-05-30 04:41:43.203853,12.89
TEL-10530,MV Fleet_19,Container,12.19,5.0,49697,Underway,2026-05-30 04:56:43.203853,10.72
TEL-10531,MV Fleet_12,Bulk Carrier,9.07,3.0,31013,Anchored,2026-05-30 05:11:43.203853,5.29
TEL-10532,MV Fleet_07,Container,8.45,2.0,37862,Underway,2026-05-30 05:26:43.203853,2.32
TEL-10533,MV Fleet_10,LNG Carrier,11.92,3.0,27282,Underway,2026-05-30 05:41:43.203853,7.34
TEL-10534,MV Fleet_19,Tanker,22.1,9.0,24076,Underway,2026-05-30 05:56:43.203853,22.08
TEL-10535,MV Fleet_07,Tanker,14.65,3.0,45894,Moored,2026-05-30 06:11:43.203853,8.13
TEL-10536,MV Fleet_03,Bulk Carrier,19.53,3.0,24665,Anchored,2026-05-30 06:26:43.203853,12.47
TEL-10537,MV Fleet_13,Tanker,22.69,1.0,15923,Underway,2026-05-30 06:41:43.203853,10.78
TEL-10538,MV Fleet_13,LNG Carrier,14.53,2.0,44821,Moored,2026-05-30 06:56:43.203853,8.46
TEL-10539,MV Fleet_18,Tanker,11.06,3.0,15935,Underway,2026-05-30 07:11:43.203853,8.05
TEL-10540,MV Fleet_20,Bulk Carrier,16.27,2.0,29041,Underway,2026-05-30 07:26:43.203853,7.94
TEL-10541,MV Fleet_08,LNG Carrier,22.53,8.0,17467,Underway,2026-05-30 07:41:43.203853,18.11
TEL-10542,MV Fleet_09,Container,20.87,6.0,16073,Moored,2026-05-30 07:56:43.203853,15.48
TEL-10543,MV Fleet_07,Bulk Carrier,9.05,7.0,12691,Anchored,2026-05-30 08:11:43.203853,11.42
TEL-10544,MV Fleet_01,Container,19.08,1.0,29490,Underway,2026-05-30 08:26:43.203853,6.18
TEL-10545,MV Fleet_03,LNG Carrier,17.15,6.0,20688,Underway,2026-05-30 08:41:43.203853,13.15
TEL-10546,MV Fleet_13,Bulk Carrier,22.52,2.0,37969,Underway,2026-05-30 08:56:43.203853,8.77
TEL-10547,MV Fleet_17,Bulk Carrier,9.96,6.0,18829,Underway,2026-05-30 09:11:43.203853,12.32
TEL-10548,MV Fleet_01,LNG Carrier,16.54,3.0,8086,Underway,2026-05-30 09:26:43.203853,7.63
TEL-10549,MV Fleet_06,Tanker,22.07,7.0,49073,Underway,2026-05-30 09:41:43.203853,19.42
TEL-10550,MV Fleet_06,Bulk Carrier,14.56,3.0,7590,Underway,2026-05-30 09:56:43.203853,10.29
TEL-10551,MV Fleet_12,Bulk Carrier,15.71,9.0,44893,Underway,2026-05-30 10:11:43.203853,16.67
TEL-10552,MV Fleet_13,Container,9.13,3.0,12860,Underway,2026-05-30 10:26:43.203853,5.39
TEL-10553,MV Fleet_13,Tanker,12.45,7.0,43176,Anchored,2026-05-30 10:41:43.203853,14.16
TEL-10554,MV Fleet_15,Container,13.19,4.0,6948,Underway,2026-05-30 10:56:43.203853,8.56
TEL-10555,MV Fleet_16,Container,23.12,8.0,41731,Moored,2026-05-30 11:11:43.203853,19.13
TEL-10556,MV Fleet_11,Tanker,12.52,2.0,38461,Underway,2026-05-30 11:26:43.203853,6.6
TEL-10557,MV Fleet_05,Tanker,15.37,8.0,31295,Underway,2026-05-30 11:41:43.203853,15.05
TEL-10558,MV Fleet_04,LNG Carrier,18.74,9.0,43131,Underway,2026-05-30 11:56:43.203853,22.54
TEL-10559,MV Fleet_03,Tanker,10.59,8.0,49893,Underway,2026-05-30 12:11:43.203853,15.05
TEL-10560,MV Fleet_19,Bulk Carrier,15.78,6.0,16924,Underway,2026-05-30 12:26:43.203853,14.36
TEL-10561,MV Fleet_20,Tanker,19.82,1.0,43655,Moored,2026-05-30 12:41:43.203853,7.78
TEL-10562,MV Fleet_18,LNG Carrier,21.87,7.0,15851,Underway,2026-05-30 12:56:43.203853,20.88
TEL-10563,MV Fleet_15,LNG Carrier,18.02,1.0,12734,Underway,2026-05-30 13:11:43.203853,5.84
TEL-10564,MV Fleet_09,LNG Carrier,18.7,7.0,47681,Underway,2026-05-30 13:26:43.203853,17.45
TEL-10565,MV Fleet_17,Tanker,10.02,2.0,10293,Anchored,2026-05-30 13:41:43.203853,3.0
TEL-10566,MV Fleet_14,Tanker,23.13,8.0,18820,Underway,2026-05-30 13:56:43.203853,23.78
TEL-10567,MV Fleet_15,Container,10.12,2.0,7291,Anchored,2026-05-30 14:11:43.203853,6.28
TEL-10568,MV Fleet_01,Container,20.39,3.0,17391,Underway,2026-05-30 14:26:43.203853,9.82
TEL-10569,MV Fleet_03,Bulk Carrier,12.24,3.0,40466,Underway,2026-05-30 14:41:43.203853,8.12
TEL-10570,MV Fleet_16,Container,22.94,1.0,49334,Underway,2026-05-30 14:56:43.203853,11.32
TEL-10571,MV Fleet_11,Bulk Carrier,19.52,5.0,46970,Anchored,2026-05-30 15:11:43.203853,12.41
TEL-10572,MV Fleet_12,LNG Carrier,20.06,5.0,35796,Underway,2026-05-30 15:26:43.203853,13.36
TEL-10573,MV Fleet_10,Container,11.5,5.0,38809,Underway,2026-05-30 15:41:43.203853,8.55
TEL-10574,MV Fleet_16,Tanker,15.09,9.0,22591,Underway,2026-05-30 15:56:43.203853,18.25
TEL-10575,MV Fleet_08,Container,17.89,6.0,47640,Underway,2026-05-30 16:11:43.203853,14.66
TEL-10576,MV Fleet_06,Bulk Carrier,20.32,6.0,41389,Underway,2026-05-30 16:26:43.203853,15.74
TEL-10577,MV Fleet_12,Container,9.66,3.0,8352,Underway,2026-05-30 16:41:43.203853,5.18
TEL-10578,MV Fleet_08,LNG Carrier,23.4,5.0,23062,Anchored,2026-05-30 16:56:43.203853,15.7
TEL-10579,MV Fleet_04,Tanker,22.24,7.0,33172,Anchored,2026-05-30 17:11:43.203853,17.23
TEL-10580,MV Fleet_08,Bulk Carrier,12.33,3.0,15937,Underway,2026-05-30 17:26:43.203853,8.09
TEL-10581,MV Fleet_18,Tanker,21.16,2.0,33121,Moored,2026-05-30 17:41:43.203853,8.59
TEL-10582,MV Fleet_05,Tanker,16.29,5.0,19602,Moored,2026-05-30 17:56:43.203853,10.9
TEL-10583,MV Fleet_09,Bulk Carrier,15.39,3.0,46740,Underway,2026-05-30 18:11:43.203853,9.9
TEL-10584,MV Fleet_04,Tanker,13.03,5.0,28136,Underway,2026-05-30 18:26:43.203853,9.98
TEL-10585,MV Fleet_17,Tanker,17.3,9.0,5945,Moored,2026-05-30 18:41:43.203853,21.23
TEL-10586,MV Fleet_09,Container,19.68,1.0,24812,Underway,2026-05-30 18:56:43.203853,8.13
TEL-10587,MV Fleet_01,Tanker,14.57,4.0,12973,Underway,2026-05-30 19:11:43.203853,7.08
TEL-10588,MV Fleet_20,Tanker,18.07,5.0,28552,Underway,2026-05-30 19:26:43.203853,10.99
TEL-10589,MV Fleet_13,Tanker,19.19,,19118,Underway,2026-05-30 19:41:43.203853,8.19
TEL-10590,MV Fleet_16,Tanker,19.38,2.0,16290,Anchored,2026-05-30 19:56:43.203853,10.29
TEL-10591,MV Fleet_13,Bulk Carrier,8.83,1.0,30123,Underway,2026-05-30 20:11:43.203853,4.08
TEL-10592,MV Fleet_14,LNG Carrier,21.76,8.0,21383,Underway,2026-05-30 20:26:43.203853,18.79
TEL-10593,MV Fleet_03,Container,15.33,2.0,15366,Underway,2026-05-30 20:41:43.203853,8.99
TEL-10594,MV Fleet_06,Tanker,12.2,3.0,6797,Underway,2026-05-30 20:56:43.203853,7.8
TEL-10595,MV Fleet_18,Tanker,11.87,2.0,31456,Underway,2026-05-30 21:11:43.203853,5.2
TEL-10596,MV Fleet_19,Bulk Carrier,15.73,4.0,49016,Underway,2026-05-30 21:26:43.203853,12.09
TEL-10597,MV Fleet_05,LNG Carrier,22.19,1.0,26427,Anchored,2026-05-30 21:41:43.203853,8.06
TEL-10598,MV Fleet_15,Tanker,14.05,3.0,7257,Underway,2026-05-30 21:56:43.203853,8.91
TEL-10599,MV Fleet_02,Bulk Carrier,20.0,5.0,7197,Underway,2026-05-30 22:11:43.203853,15.0
TEL-10600,MV Fleet_10,Container,9.55,1.0,13222,Underway,2026-05-30 22:26:43.203853,4.28
TEL-10601,MV Fleet_18,Container,15.62,4.0,30187,Underway,2026-05-30 22:41:43.203853,10.05
TEL-10602,MV Fleet_13,Tanker,23.87,6.0,19152,Underway,2026-05-30 22:56:43.203853,19.1
TEL-10603,MV Fleet_05,Tanker,20.33,4.0,25781,Underway,2026-05-30 23:11:43.203853,15.46
TEL-10604,MV Fleet_01,LNG Carrier,11.37,7.0,40680,Moored,2026-05-30 23:26:43.203853,12.76
TEL-10605,MV Fleet_01,LNG Carrier,16.02,7.0,16004,Underway,2026-05-30 23:41:43.203853,15.07
TEL-10606,MV Fleet_18,Tanker,11.74,6.0,46642,Anchored,2026-05-30 23:56:43.203853,13.02
TEL-10607,MV Fleet_15,Bulk Carrier,14.55,9.0,30515,Underway,2026-05-31 00:11:43.203853,16.89
TEL-10608,MV Fleet_17,LNG Carrier,20.48,2.0,20416,Underway,2026-05-31 00:26:43.203853,9.34
TEL-10609,MV Fleet_11,Tanker,20.34,8.0,11152,Underway,2026-05-31 00:41:43.203853,16.96
TEL-10610,MV Fleet_17,LNG Carrier,11.65,8.0,12172,Anchored,2026-05-31 00:56:43.203853,12.01
TEL-10611,MV Fleet_13,Tanker,22.76,4.0,8185,Underway,2026-05-31 01:11:43.203853,12.41
TEL-10612,MV Fleet_01,Container,17.48,6.0,30352,Underway,2026-05-31 01:26:43.203853,15.47
TEL-10613,MV Fleet_02,Tanker,14.08,6.0,35743,Underway,2026-05-31 01:41:43.203853,11.05
TEL-10614,MV Fleet_09,Container,16.03,5.0,36212,Anchored,2026-05-31 01:56:43.203853,12.7
TEL-10615,MV Fleet_03,LNG Carrier,17.68,1.0,31618,Anchored,2026-05-31 02:11:43.203853,9.01
TEL-10616,MV Fleet_01,Tanker,16.96,3.0,14161,Underway,2026-05-31 02:26:43.203853,9.66
TEL-10617,MV Fleet_16,LNG Carrier,15.78,7.0,22467,Underway,2026-05-31 02:41:43.203853,13.53
TEL-10618,MV Fleet_06,Container,16.08,8.0,26589,Anchored,2026-05-31 02:56:43.203853,16.3
TEL-10619,MV Fleet_17,Tanker,10.82,2.0,42630,Anchored,2026-05-31 03:11:43.203853,5.86
TEL-10620,MV Fleet_05,LNG Carrier,21.0,3.0,8070,Underway,2026-05-31 03:26:43.203853,12.15
TEL-10621,MV Fleet_05,Container,16.67,4.0,49708,Moored,2026-05-31 03:41:43.203853,10.95
TEL-10622,MV Fleet_06,LNG Carrier,10.1,5.0,13563,Underway,2026-05-31 03:56:43.203853,10.49
TEL-10623,MV Fleet_03,Bulk Carrier,20.26,3.0,30254,Underway,2026-05-31 04:11:43.203853,12.66
TEL-10624,MV Fleet_05,Container,22.92,5.0,21585,Underway,2026-05-31 04:26:43.203853,14.99
TEL-10625,MV Fleet_05,Container,23.16,8.0,35297,Underway,2026-05-31 04:41:43.203853,22.47
TEL-10626,MV Fleet_10,Container,13.9,8.0,19772,Underway,2026-05-31 04:56:43.203853,16.0
TEL-10627,MV Fleet_10,Tanker,10.17,2.0,19455,Underway,2026-05-31 05:11:43.203853,1.73
TEL-10628,MV Fleet_19,Tanker,16.29,6.0,11299,Underway,2026-05-31 05:26:43.203853,13.31
TEL-10629,MV Fleet_17,Tanker,9.8,4.0,15188,Underway,2026-05-31 05:41:43.203853,7.68
TEL-10630,MV Fleet_14,Bulk Carrier,22.94,9.0,29763,Underway,2026-05-31 05:56:43.203853,23.34
TEL-10631,MV Fleet_09,Bulk Carrier,10.94,2.0,37517,Underway,2026-05-31 06:11:43.203853,4.46
TEL-10632,MV Fleet_14,Container,12.04,8.0,26555,Moored,2026-05-31 06:26:43.203853,14.97
TEL-10633,MV Fleet_01,Bulk Carrier,14.51,1.0,34323,Underway,2026-05-31 06:41:43.203853,3.15
TEL-10634,MV Fleet_19,LNG Carrier,14.13,6.0,22938,Underway,2026-05-31 06:56:43.203853,11.36
TEL-10635,MV Fleet_13,Container,20.71,1.0,26983,Underway,2026-05-31 07:11:43.203853,9.61
TEL-10636,MV Fleet_13,Container,15.3,2.0,17874,Anchored,2026-05-31 07:26:43.203853,5.3
TEL-10637,MV Fleet_04,LNG Carrier,10.73,3.0,29805,Underway,2026-05-31 07:41:43.203853,8.21
TEL-10638,MV Fleet_01,Container,12.28,9.0,37822,Underway,2026-05-31 07:56:43.203853,18.05
TEL-10639,MV Fleet_17,Bulk Carrier,16.15,5.0,25750,Anchored,2026-05-31 08:11:43.203853,13.89
TEL-10640,MV Fleet_08,Tanker,10.36,2.0,41799,Underway,2026-05-31 08:26:43.203853,7.45
TEL-10641,MV Fleet_02,LNG Carrier,17.79,5.0,47083,Underway,2026-05-31 08:41:43.203853,14.0
TEL-10642,MV Fleet_08,Bulk Carrier,17.05,,32946,Underway,2026-05-31 08:56:43.203853,13.1
TEL-10643,MV Fleet_07,LNG Carrier,19.44,1.0,6552,Underway,2026-05-31 09:11:43.203853,8.64
TEL-10644,MV Fleet_02,LNG Carrier,23.0,3.0,35049,Underway,2026-05-31 09:26:43.203853,12.87
TEL-10645,MV Fleet_03,Container,22.6,5.0,12795,Moored,2026-05-31 09:41:43.203853,14.96
TEL-10646,MV Fleet_18,Container,23.14,9.0,10271,Underway,2026-05-31 09:56:43.203853,23.0
TEL-10647,MV Fleet_12,Bulk Carrier,11.92,1.0,19665,Anchored,2026-05-31 10:11:43.203853,4.88
TEL-10648,MV Fleet_01,LNG Carrier,10.11,8.0,5115,Underway,2026-05-31 10:26:43.203853,15.36
TEL-10649,MV Fleet_12,Container,12.84,1.0,41381,Underway,2026-05-31 10:41:43.203853,4.25
TEL-10650,MV Fleet_05,Container,22.32,9.0,33994,Underway,2026-05-31 10:56:43.203853,21.17
TEL-10651,MV Fleet_17,LNG Carrier,23.55,6.0,32186,Underway,2026-05-31 11:11:43.203853,17.92
TEL-10652,MV Fleet_16,Bulk Carrier,21.75,1.0,35267,Underway,2026-05-31 11:26:43.203853,8.82
TEL-10653,MV Fleet_15,Bulk Carrier,9.76,8.0,44140,Anchored,2026-05-31 11:41:43.203853,18.19
TEL-10654,MV Fleet_15,LNG Carrier,23.16,5.0,29935,Underway,2026-05-31 11:56:43.203853,18.76
TEL-10655,MV Fleet_05,Bulk Carrier,14.77,7.0,36748,Underway,2026-05-31 12:11:43.203853,14.4
TEL-10656,MV Fleet_14,Container,8.15,7.0,29603,Underway,2026-05-31 12:26:43.203853,11.72
TEL-10657,MV Fleet_02,LNG Carrier,15.08,7.0,8837,Underway,2026-05-31 12:41:43.203853,15.2
TEL-10658,MV Fleet_11,Container,8.74,6.0,41301,Anchored,2026-05-31 12:56:43.203853,9.95
TEL-10659,MV Fleet_19,Tanker,16.7,8.0,14610,Underway,2026-05-31 13:11:43.203853,16.12
TEL-10660,MV Fleet_07,Tanker,13.42,9.0,33615,Underway,2026-05-31 13:26:43.203853,16.87
TEL-10661,MV Fleet_06,Bulk Carrier,15.57,2.0,16108,Underway,2026-05-31 13:41:43.203853,6.7
TEL-10662,MV Fleet_02,Tanker,17.81,7.0,43599,Underway,2026-05-31 13:56:43.203853,16.12
TEL-10663,MV Fleet_06,Container,21.9,2.0,27347,Underway,2026-05-31 14:11:43.203853,11.16
TEL-10664,MV Fleet_18,Tanker,18.59,6.0,39062,Underway,2026-05-31 14:26:43.203853,9.98
TEL-10665,MV Fleet_02,Container,14.94,2.0,12550,Anchored,2026-05-31 14:41:43.203853,4.08
TEL-10666,MV Fleet_18,Bulk Carrier,21.11,6.0,33205,Anchored,2026-05-31 14:56:43.203853,14.87
TEL-10667,MV Fleet_15,Bulk Carrier,22.49,2.0,23459,Underway,2026-05-31 15:11:43.203853,11.37
TEL-10668,MV Fleet_19,Container,9.92,1.0,28750,Underway,2026-05-31 15:26:43.203853,2.32
TEL-10669,MV Fleet_02,Tanker,16.51,7.0,49637,Underway,2026-05-31 15:41:43.203853,18.67
TEL-10670,MV Fleet_20,Bulk Carrier,12.55,3.0,32729,Underway,2026-05-31 15:56:43.203853,8.79
TEL-10671,MV Fleet_06,LNG Carrier,8.75,4.0,43585,Anchored,2026-05-31 16:11:43.203853,10.54
TEL-10672,MV Fleet_01,Bulk Carrier,18.7,6.0,23162,Anchored,2026-05-31 16:26:43.203853,16.16
TEL-10673,MV Fleet_15,Tanker,21.8,5.0,49854,Underway,2026-05-31 16:41:43.203853,12.67
TEL-10674,MV Fleet_10,LNG Carrier,10.61,4.0,15690,Underway,2026-05-31 16:56:43.203853,6.47
TEL-10675,MV Fleet_19,Tanker,21.0,9.0,34104,Underway,2026-05-31 17:11:43.203853,19.81
TEL-10676,MV Fleet_17,Container,21.65,6.0,21757,Underway,2026-05-31 17:26:43.203853,14.66
TEL-10677,MV Fleet_05,LNG Carrier,22.63,6.0,19770,Underway,2026-05-31 17:41:43.203853,18.66
TEL-10678,MV Fleet_04,Tanker,12.24,2.0,15457,Moored,2026-05-31 17:56:43.203853,5.59
TEL-10679,MV Fleet_10,LNG Carrier,22.46,6.0,47802,Underway,2026-05-31 18:11:43.203853,17.24
TEL-10680,MV Fleet_17,Tanker,13.13,7.0,22957,Underway,2026-05-31 18:26:43.203853,15.75
TEL-10681,MV Fleet_10,LNG Carrier,16.84,8.0,34619,Underway,2026-05-31 18:41:43.203853,19.75
TEL-10682,MV Fleet_17,Tanker,8.81,8.0,25828,Underway,2026-05-31 18:56:43.203853,13.21
TEL-10683,MV Fleet_20,Container,8.7,9.0,22171,Underway,2026-05-31 19:11:43.203853,13.04
TEL-10684,MV Fleet_05,LNG Carrier,19.53,3.0,39313,Moored,2026-05-31 19:26:43.203853,8.97
TEL-10685,MV Fleet_02,LNG Carrier,15.11,7.0,18146,Anchored,2026-05-31 19:41:43.203853,16.27
TEL-10686,MV Fleet_06,LNG Carrier,12.1,7.0,19202,Anchored,2026-05-31 19:56:43.203853,13.67
TEL-10687,MV Fleet_02,LNG Carrier,11.05,1.0,42142,Underway,2026-05-31 20:11:43.203853,2.54
TEL-10688,MV Fleet_13,Container,18.72,8.0,26831,Underway,2026-05-31 20:26:43.203853,18.88
TEL-10689,MV Fleet_11,LNG Carrier,8.01,4.0,14849,Moored,2026-05-31 20:41:43.203853,5.76
TEL-10690,MV Fleet_11,Bulk Carrier,20.89,5.0,25439,Underway,2026-05-31 20:56:43.203853,11.86
TEL-10691,MV Fleet_16,Container,9.27,6.0,21990,Moored,2026-05-31 21:11:43.203853,7.75
TEL-10692,MV Fleet_11,Bulk Carrier,11.06,3.0,18336,Anchored,2026-05-31 21:26:43.203853,4.71
TEL-10693,MV Fleet_19,LNG Carrier,14.18,5.0,40344,Underway,2026-05-31 21:41:43.203853,12.87
TEL-10694,MV Fleet_15,Tanker,15.76,5.0,27953,Underway,2026-05-31 21:56:43.203853,11.54
TEL-10695,MV Fleet_16,Bulk Carrier,13.68,1.0,10051,Underway,2026-05-31 22:11:43.203853,4.86
TEL-10696,MV Fleet_11,LNG Carrier,13.13,3.0,15068,Underway,2026-05-31 22:26:43.203853,7.97
TEL-10697,MV Fleet_16,Bulk Carrier,23.42,3.0,21967,Underway,2026-05-31 22:41:43.203853,11.5
TEL-10698,MV Fleet_08,LNG Carrier,18.27,1.0,26773,Anchored,2026-05-31 22:56:43.203853,6.37
TEL-10699,MV Fleet_04,LNG Carrier,8.37,7.0,48769,Anchored,2026-05-31 23:11:43.203853,11.41
TEL-10700,MV Fleet_08,LNG Carrier,14.88,1.0,36014,Underway,2026-05-31 23:26:43.203853,4.04
TEL-10701,MV Fleet_04,Tanker,22.0,7.0,13847,Underway,2026-05-31 23:41:43.203853,17.43
TEL-10702,MV Fleet_03,Bulk Carrier,12.82,4.0,9881,Underway,2026-05-31 23:56:43.203853,8.88
TEL-10703,MV Fleet_03,Container,9.51,9.0,46182,Underway,2026-06-01 00:11:43.203853,14.97
TEL-10704,MV Fleet_18,Container,20.13,7.0,12699,Underway,2026-06-01 00:26:43.203853,17.74
TEL-10705,MV Fleet_19,Container,17.7,,29180,Underway,2026-06-01 00:41:43.203853,12.06
TEL-10706,MV Fleet_19,Container,17.13,7.0,42891,Underway,2026-06-01 00:56:43.203853,17.82
TEL-10707,MV Fleet_05,LNG Carrier,8.86,9.0,8550,Underway,2026-06-01 01:11:43.203853,13.58
TEL-10708,MV Fleet_18,Bulk Carrier,10.25,6.0,27163,Underway,2026-06-01 01:26:43.203853,10.3
TEL-10709,MV Fleet_10,Bulk Carrier,17.96,1.0,48402,Underway,2026-06-01 01:41:43.203853,7.52
TEL-10710,MV Fleet_06,Tanker,11.33,6.0,34675,Underway,2026-06-01 01:56:43.203853,12.41
TEL-10711,MV Fleet_01,Bulk Carrier,16.07,1.0,49945,Underway,2026-06-01 02:11:43.203853,4.18
TEL-10712,MV Fleet_05,Bulk Carrier,16.72,4.0,37934,Underway,2026-06-01 02:26:43.203853,10.65
TEL-10713,MV Fleet_09,Bulk Carrier,12.54,8.0,31592,Anchored,2026-06-01 02:41:43.203853,16.14
TEL-10714,MV Fleet_12,Tanker,23.17,5.0,46077,Underway,2026-06-01 02:56:43.203853,13.46
TEL-10715,MV Fleet_14,Container,21.48,5.0,28039,Underway,2026-06-01 03:11:43.203853,14.72
TEL-10716,MV Fleet_02,Bulk Carrier,19.56,8.0,47769,Underway,2026-06-01 03:26:43.203853,16.04
TEL-10717,MV Fleet_17,Tanker,9.25,8.0,28726,Underway,2026-06-01 03:41:43.203853,12.54
TEL-10718,MV Fleet_14,Tanker,9.7,1.0,39974,Underway,2026-06-01 03:56:43.203853,3.53
TEL-10719,MV Fleet_13,LNG Carrier,15.88,5.0,39018,Anchored,2026-06-01 04:11:43.203853,11.57
TEL-10720,MV Fleet_09,Tanker,10.57,5.0,9558,Underway,2026-06-01 04:26:43.203853,7.99
TEL-10721,MV Fleet_15,Container,23.65,8.0,37174,Underway,2026-06-01 04:41:43.203853,22.49
TEL-10722,MV Fleet_15,Bulk Carrier,10.54,1.0,35405,Underway,2026-06-01 04:56:43.203853,3.19
TEL-10723,MV Fleet_11,Tanker,15.8,7.0,47631,Moored,2026-06-01 05:11:43.203853,15.69
TEL-10724,MV Fleet_16,Container,13.83,7.0,7151,Moored,2026-06-01 05:26:43.203853,16.23
TEL-10725,MV Fleet_17,Tanker,18.23,9.0,42845,Underway,2026-06-01 05:41:43.203853,18.05
TEL-10726,MV Fleet_04,Tanker,10.06,2.0,20552,Underway,2026-06-01 05:56:43.203853,5.95
TEL-10727,MV Fleet_01,Tanker,14.89,3.0,40065,Underway,2026-06-01 06:11:43.203853,9.07
TEL-10728,MV Fleet_08,Tanker,12.4,4.0,46996,Underway,2026-06-01 06:26:43.203853,6.81
TEL-10729,MV Fleet_17,Tanker,22.2,1.0,7614,Underway,2026-06-01 06:41:43.203853,11.09
TEL-10730,MV Fleet_03,Container,8.65,7.0,39647,Underway,2026-06-01 06:56:43.203853,12.22
TEL-10731,MV Fleet_20,Bulk Carrier,22.62,3.0,5620,Underway,2026-06-01 07:11:43.203853,11.73
TEL-10732,MV Fleet_15,Bulk Carrier,21.33,3.0,28082,Moored,2026-06-01 07:26:43.203853,9.34
TEL-10733,MV Fleet_15,Bulk Carrier,12.76,3.0,26891,Anchored,2026-06-01 07:41:43.203853,5.62
TEL-10734,MV Fleet_14,Bulk Carrier,20.63,8.0,46030,Underway,2026-06-01 07:56:43.203853,18.7
TEL-10735,MV Fleet_14,Container,8.5,9.0,37314,Underway,2026-06-01 08:11:43.203853,13.01
TEL-10736,MV Fleet_02,LNG Carrier,23.47,2.0,28500,Underway,2026-06-01 08:26:43.203853,12.5
TEL-10737,MV Fleet_13,LNG Carrier,16.43,1.0,39693,Underway,2026-06-01 08:41:43.203853,5.59
TEL-10738,MV Fleet_14,Container,12.85,9.0,33018,Anchored,2026-06-01 08:56:43.203853,14.23
TEL-10739,MV Fleet_19,Container,13.8,6.0,24567,Underway,2026-06-01 09:11:43.203853,11.47
TEL-10740,MV Fleet_07,Tanker,9.06,9.0,30978,Underway,2026-06-01 09:26:43.203853,13.6
TEL-10741,MV Fleet_03,Tanker,23.83,6.0,15553,Underway,2026-06-01 09:41:43.203853,15.94
TEL-10742,MV Fleet_15,Tanker,8.63,2.0,14630,Underway,2026-06-01 09:56:43.203853,1.24
TEL-10743,MV Fleet_14,Bulk Carrier,18.48,1.0,17003,Underway,2026-06-01 10:11:43.203853,7.34
TEL-10744,MV Fleet_11,Tanker,15.08,8.0,46444,Moored,2026-06-01 10:26:43.203853,14.6
TEL-10745,MV Fleet_15,LNG Carrier,23.18,3.0,25648,Anchored,2026-06-01 10:41:43.203853,15.69
TEL-10746,MV Fleet_13,Bulk Carrier,11.94,1.0,36607,Underway,2026-06-01 10:56:43.203853,5.7
TEL-10747,MV Fleet_18,Tanker,16.51,8.0,42666,Anchored,2026-06-01 11:11:43.203853,19.15
TEL-10748,MV Fleet_06,Bulk Carrier,15.72,1.0,29821,Moored,2026-06-01 11:26:43.203853,6.9
TEL-10749,MV Fleet_03,LNG Carrier,19.25,8.0,19601,Underway,2026-06-01 11:41:43.203853,17.23
TEL-10750,MV Fleet_19,Tanker,9.09,1.0,11121,Underway,2026-06-01 11:56:43.203853,3.69
TEL-10751,MV Fleet_15,LNG Carrier,11.1,9.0,43557,Underway,2026-06-01 12:11:43.203853,15.44
TEL-10752,MV Fleet_05,LNG Carrier,11.43,9.0,21310,Underway,2026-06-01 12:26:43.203853,16.53
TEL-10753,MV Fleet_10,LNG Carrier,19.81,9.0,27098,Underway,2026-06-01 12:41:43.203853,21.25
TEL-10754,MV Fleet_07,Tanker,11.03,3.0,28531,Underway,2026-06-01 12:56:43.203853,7.76
TEL-10755,MV Fleet_17,Container,17.18,4.0,44253,Underway,2026-06-01 13:11:43.203853,11.04
TEL-10756,MV Fleet_07,Tanker,11.44,5.0,14980,Underway,2026-06-01 13:26:43.203853,10.12
TEL-10757,MV Fleet_12,LNG Carrier,21.79,6.0,41393,Underway,2026-06-01 13:41:43.203853,16.86
TEL-10758,MV Fleet_17,Tanker,23.07,9.0,49280,Underway,2026-06-01 13:56:43.203853,23.46
TEL-10759,MV Fleet_13,LNG Carrier,16.3,4.0,13951,Underway,2026-06-01 14:11:43.203853,9.87
TEL-10760,MV Fleet_20,Container,13.64,6.0,13117,Underway,2026-06-01 14:26:43.203853,12.01
TEL-10761,MV Fleet_04,Bulk Carrier,11.74,1.0,30979,Underway,2026-06-01 14:41:43.203853,3.37
TEL-10762,MV Fleet_10,Container,8.8,2.0,13989,Underway,2026-06-01 14:56:43.203853,4.82
TEL-10763,MV Fleet_03,Container,12.3,8.0,21915,Moored,2026-06-01 15:11:43.203853,15.81
TEL-10764,MV Fleet_09,Bulk Carrier,18.47,4.0,34535,Underway,2026-06-01 15:26:43.203853,12.14
TEL-10765,MV Fleet_13,Tanker,16.54,7.0,37124,Underway,2026-06-01 15:41:43.203853,15.13
TEL-10766,MV Fleet_18,Bulk Carrier,23.1,4.0,49376,Underway,2026-06-01 15:56:43.203853,15.93
TEL-10767,MV Fleet_15,Tanker,14.34,9.0,38366,Underway,2026-06-01 16:11:43.203853,16.01
TEL-10768,MV Fleet_04,Tanker,19.1,9.0,12428,Underway,2026-06-01 16:26:43.203853,17.27
TEL-10769,MV Fleet_15,LNG Carrier,15.83,4.0,29881,Underway,2026-06-01 16:41:43.203853,10.86
TEL-10770,MV Fleet_02,LNG Carrier,16.2,8.0,9904,Anchored,2026-06-01 16:56:43.203853,16.49
TEL-10771,MV Fleet_15,Bulk Carrier,12.28,6.0,40677,Underway,2026-06-01 17:11:43.203853,11.59
TEL-10772,MV Fleet_08,Container,15.28,1.0,13922,Underway,2026-06-01 17:26:43.203853,3.64
TEL-10773,MV Fleet_08,Bulk Carrier,15.53,7.0,36160,Underway,2026-06-01 17:41:43.203853,15.03
TEL-10774,MV Fleet_17,Tanker,19.31,1.0,7025,Underway,2026-06-01 17:56:43.203853,10.33
TEL-10775,MV Fleet_12,LNG Carrier,23.05,3.0,18220,Underway,2026-06-01 18:11:43.203853,10.79
TEL-10776,MV Fleet_19,Bulk Carrier,13.27,8.0,7766,Underway,2026-06-01 18:26:43.203853,15.01
TEL-10777,MV Fleet_10,Bulk Carrier,8.68,9.0,23482,Anchored,2026-06-01 18:41:43.203853,15.19
TEL-10778,MV Fleet_09,LNG Carrier,15.94,3.0,38159,Anchored,2026-06-01 18:56:43.203853,8.26
TEL-10779,MV Fleet_05,LNG Carrier,16.71,1.0,15935,Underway,2026-06-01 19:11:43.203853,6.55
TEL-10780,MV Fleet_06,LNG Carrier,10.7,1.0,8784,Underway,2026-06-01 19:26:43.203853,3.08
TEL-10781,MV Fleet_20,Tanker,20.17,7.0,28050,Anchored,2026-06-01 19:41:43.203853,17.34
TEL-10782,MV Fleet_02,LNG Carrier,23.76,5.0,25221,Underway,2026-06-01 19:56:43.203853,15.85
TEL-10783,MV Fleet_13,Container,23.13,1.0,34179,Anchored,2026-06-01 20:11:43.203853,9.03
TEL-10784,MV Fleet_06,Bulk Carrier,11.15,6.0,23069,Underway,2026-06-01 20:26:43.203853,11.3
TEL-10785,MV Fleet_05,LNG Carrier,22.01,6.0,40682,Moored,2026-06-01 20:41:43.203853,17.39
TEL-10786,MV Fleet_01,LNG Carrier,19.27,4.0,30994,Anchored,2026-06-01 20:56:43.203853,9.78
TEL-10787,MV Fleet_06,Tanker,15.26,7.0,33767,Underway,2026-06-01 21:11:43.203853,15.65
TEL-10788,MV Fleet_06,Tanker,16.65,7.0,17282,Underway,2026-06-01 21:26:43.203853,14.18
TEL-10789,MV Fleet_16,Bulk Carrier,21.59,9.0,25110,Underway,2026-06-01 21:41:43.203853,21.85
TEL-10790,MV Fleet_04,Container,15.68,1.0,36232,Underway,2026-06-01 21:56:43.203853,4.8
TEL-10791,MV Fleet_11,Bulk Carrier,13.97,5.0,49273,Underway,2026-06-01 22:11:43.203853,12.11
TEL-10792,MV Fleet_09,LNG Carrier,15.89,3.0,9951,Underway,2026-06-01 22:26:43.203853,8.83
TEL-10793,MV Fleet_03,Container,17.27,7.0,12655,Underway,2026-06-01 22:41:43.203853,14.18
TEL-10794,MV Fleet_19,Container,11.03,,34461,Underway,2026-06-01 22:56:43.203853,7.71
TEL-10795,MV Fleet_08,Container,22.41,4.0,9610,Underway,2026-06-01 23:11:43.203853,15.69
TEL-10796,MV Fleet_05,Container,18.79,1.0,36617,Underway,2026-06-01 23:26:43.203853,7.44
TEL-10797,MV Fleet_04,Bulk Carrier,18.13,1.0,22468,Anchored,2026-06-01 23:41:43.203853,6.33
TEL-10798,MV Fleet_06,Tanker,9.59,2.0,12583,Underway,2026-06-01 23:56:43.203853,6.58
TEL-10799,MV Fleet_02,Tanker,17.67,2.0,30583,Underway,2026-06-02 00:11:43.203853,9.56
TEL-10800,MV Fleet_20,LNG Carrier,9.94,1.0,22701,Underway,2026-06-02 00:26:43.203853,2.22
TEL-10801,MV Fleet_11,Tanker,9.26,8.0,11880,Underway,2026-06-02 00:41:43.203853,13.45
TEL-10802,MV Fleet_04,Tanker,16.44,6.0,40117,Underway,2026-06-02 00:56:43.203853,11.02
TEL-10803,MV Fleet_15,Tanker,14.44,6.0,28721,Underway,2026-06-02 01:11:43.203853,14.05
TEL-10804,MV Fleet_06,Tanker,17.42,9.0,44976,Moored,2026-06-02 01:26:43.203853,18.66
TEL-10805,MV Fleet_17,LNG Carrier,9.43,5.0,31854,Underway,2026-06-02 01:41:43.203853,10.32
TEL-10806,MV Fleet_06,Bulk Carrier,14.9,4.0,11881,Anchored,2026-06-02 01:56:43.203853,7.05
TEL-10807,MV Fleet_19,Container,10.8,6.0,8722,Underway,2026-06-02 02:11:43.203853,10.86
TEL-10808,MV Fleet_02,Tanker,23.79,8.0,25077,Underway,2026-06-02 02:26:43.203853,21.0
TEL-10809,MV Fleet_15,Bulk Carrier,16.98,1.0,20332,Underway,2026-06-02 02:41:43.203853,3.25
TEL-10810,MV Fleet_11,Tanker,19.0,7.0,44992,Anchored,2026-06-02 02:56:43.203853,17.45
TEL-10811,MV Fleet_08,Tanker,13.21,8.0,18229,Underway,2026-06-02 03:11:43.203853,14.73
TEL-10812,MV Fleet_19,Container,9.52,9.0,12802,Anchored,2026-06-02 03:26:43.203853,12.71
TEL-10813,MV Fleet_13,Container,23.61,8.0,27101,Underway,2026-06-02 03:41:43.203853,19.86
TEL-10814,MV Fleet_12,Container,12.58,7.0,16439,Underway,2026-06-02 03:56:43.203853,14.15
TEL-10815,MV Fleet_05,Tanker,14.78,3.0,40902,Underway,2026-06-02 04:11:43.203853,7.03
TEL-10816,MV Fleet_06,Tanker,18.4,2.0,7598,Underway,2026-06-02 04:26:43.203853,8.58
TEL-10817,MV Fleet_04,Tanker,8.4,3.0,31761,Underway,2026-06-02 04:41:43.203853,5.34
TEL-10818,MV Fleet_19,Container,20.96,4.0,9052,Underway,2026-06-02 04:56:43.203853,10.06
TEL-10819,MV Fleet_20,LNG Carrier,16.59,4.0,17741,Underway,2026-06-02 05:11:43.203853,11.68
TEL-10820,MV Fleet_01,Bulk Carrier,12.45,6.0,8824,Underway,2026-06-02 05:26:43.203853,13.12
TEL-10821,MV Fleet_20,LNG Carrier,8.99,7.0,41288,Underway,2026-06-02 05:41:43.203853,13.9
TEL-10822,MV Fleet_17,Tanker,10.6,4.0,6249,Underway,2026-06-02 05:56:43.203853,8.23
TEL-10823,MV Fleet_12,Tanker,22.32,6.0,27970,Underway,2026-06-02 06:11:43.203853,17.58
TEL-10824,MV Fleet_15,LNG Carrier,18.98,9.0,20565,Underway,2026-06-02 06:26:43.203853,17.04
TEL-10825,MV Fleet_01,Tanker,12.0,6.0,23458,Anchored,2026-06-02 06:41:43.203853,12.09
TEL-10826,MV Fleet_14,Bulk Carrier,9.05,3.0,7014,Anchored,2026-06-02 06:56:43.203853,5.71
TEL-10827,MV Fleet_06,Tanker,19.05,1.0,9944,Underway,2026-06-02 07:11:43.203853,7.38
TEL-10828,MV Fleet_05,Bulk Carrier,17.16,5.0,38716,Underway,2026-06-02 07:26:43.203853,10.84
TEL-10829,MV Fleet_11,LNG Carrier,14.47,3.0,48451,Underway,2026-06-02 07:41:43.203853,9.94
TEL-10830,MV Fleet_04,LNG Carrier,13.82,8.0,19012,Anchored,2026-06-02 07:56:43.203853,13.0
TEL-10831,MV Fleet_13,Tanker,11.47,1.0,42460,Anchored,2026-06-02 08:11:43.203853,4.44
TEL-10832,MV Fleet_11,Bulk Carrier,18.71,2.0,8240,Underway,2026-06-02 08:26:43.203853,7.44
TEL-10833,MV Fleet_03,Tanker,23.53,3.0,47530,Anchored,2026-06-02 08:41:43.203853,16.26
TEL-10834,MV Fleet_01,Container,10.81,3.0,18731,Underway,2026-06-02 08:56:43.203853,7.83
TEL-10835,MV Fleet_06,Container,17.55,8.0,23018,Underway,2026-06-02 09:11:43.203853,17.17
TEL-10836,MV Fleet_18,Container,14.79,5.0,47898,Moored,2026-06-02 09:26:43.203853,9.86
TEL-10837,MV Fleet_10,Container,15.15,8.0,22916,Anchored,2026-06-02 09:41:43.203853,17.4
TEL-10838,MV Fleet_05,Tanker,12.07,,45376,Anchored,2026-06-02 09:56:43.203853,6.86
TEL-10839,MV Fleet_10,Container,21.2,2.0,32604,Underway,2026-06-02 10:11:43.203853,10.77
TEL-10840,MV Fleet_12,Bulk Carrier,15.76,4.0,25030,Underway,2026-06-02 10:26:43.203853,11.11
TEL-10841,MV Fleet_02,LNG Carrier,16.69,9.0,16589,Anchored,2026-06-02 10:41:43.203853,18.97
TEL-10842,MV Fleet_13,LNG Carrier,12.88,4.0,26983,Underway,2026-06-02 10:56:43.203853,10.34
TEL-10843,MV Fleet_08,Container,10.91,5.0,17437,Underway,2026-06-02 11:11:43.203853,8.98
TEL-10844,MV Fleet_02,Container,9.37,5.0,32618,Underway,2026-06-02 11:26:43.203853,10.12
TEL-10845,MV Fleet_20,Container,19.43,8.0,14705,Anchored,2026-06-02 11:41:43.203853,17.2
TEL-10846,MV Fleet_01,Tanker,11.14,6.0,27680,Moored,2026-06-02 11:56:43.203853,10.16
TEL-10847,MV Fleet_05,LNG Carrier,19.04,7.0,20376,Underway,2026-06-02 12:11:43.203853,14.94
TEL-10848,MV Fleet_09,Container,14.25,6.0,30420,Underway,2026-06-02 12:26:43.203853,12.28
TEL-10849,MV Fleet_17,Bulk Carrier,14.65,5.0,49379,Underway,2026-06-02 12:41:43.203853,13.0
TEL-10850,MV Fleet_09,Container,15.51,5.0,45358,Underway,2026-06-02 12:56:43.203853,14.3
TEL-10851,MV Fleet_11,LNG Carrier,13.88,3.0,44333,Underway,2026-06-02 13:11:43.203853,7.59
TEL-10852,MV Fleet_15,Container,9.61,7.0,6835,Underway,2026-06-02 13:26:43.203853,11.41
TEL-10853,MV Fleet_06,LNG Carrier,12.95,5.0,26283,Anchored,2026-06-02 13:41:43.203853,12.61
TEL-10854,MV Fleet_03,Container,18.62,7.0,47565,Moored,2026-06-02 13:56:43.203853,16.92
TEL-10855,MV Fleet_17,Bulk Carrier,18.65,2.0,40963,Underway,2026-06-02 14:11:43.203853,8.83
TEL-10856,MV Fleet_05,Container,12.58,9.0,14179,Anchored,2026-06-02 14:26:43.203853,14.8
TEL-10857,MV Fleet_12,Bulk Carrier,15.36,8.0,33904,Underway,2026-06-02 14:41:43.203853,18.31
TEL-10858,MV Fleet_18,Bulk Carrier,11.1,5.0,46113,Underway,2026-06-02 14:56:43.203853,10.03
TEL-10859,MV Fleet_14,Container,11.37,2.0,38674,Anchored,2026-06-02 15:11:43.203853,5.49
TEL-10860,MV Fleet_11,Bulk Carrier,8.37,6.0,16955,Underway,2026-06-02 15:26:43.203853,11.29
TEL-10861,MV Fleet_09,Tanker,22.35,8.0,12198,Anchored,2026-06-02 15:41:43.203853,19.9
TEL-10862,MV Fleet_02,Container,11.37,7.0,6620,Underway,2026-06-02 15:56:43.203853,15.21
TEL-10863,MV Fleet_12,Container,11.64,8.0,49588,Anchored,2026-06-02 16:11:43.203853,16.11
TEL-10864,MV Fleet_03,Bulk Carrier,12.47,4.0,16766,Underway,2026-06-02 16:26:43.203853,8.08
TEL-10865,MV Fleet_03,Bulk Carrier,10.04,3.0,36090,Underway,2026-06-02 16:41:43.203853,6.65
TEL-10866,MV Fleet_01,Container,18.23,7.0,46291,Underway,2026-06-02 16:56:43.203853,15.19
TEL-10867,MV Fleet_08,Tanker,9.2,2.0,9338,Underway,2026-06-02 17:11:43.203853,7.57
TEL-10868,MV Fleet_08,Bulk Carrier,10.15,5.0,10301,Underway,2026-06-02 17:26:43.203853,8.47
TEL-10869,MV Fleet_11,Bulk Carrier,18.32,7.0,20144,Underway,2026-06-02 17:41:43.203853,15.93
TEL-10870,MV Fleet_09,LNG Carrier,13.43,1.0,18784,Anchored,2026-06-02 17:56:43.203853,5.36
TEL-10871,MV Fleet_05,Tanker,19.33,4.0,7423,Anchored,2026-06-02 18:11:43.203853,12.91
TEL-10872,MV Fleet_14,Tanker,16.92,2.0,13272,Moored,2026-06-02 18:26:43.203853,8.91
TEL-10873,MV Fleet_03,Container,12.1,6.0,6573,Anchored,2026-06-02 18:41:43.203853,12.97
TEL-10874,MV Fleet_05,Tanker,18.41,1.0,29419,Anchored,2026-06-02 18:56:43.203853,8.2
TEL-10875,MV Fleet_05,Container,9.86,7.0,21803,Underway,2026-06-02 19:11:43.203853,11.81
TEL-10876,MV Fleet_19,LNG Carrier,16.58,3.0,38234,Anchored,2026-06-02 19:26:43.203853,8.42
TEL-10877,MV Fleet_14,Tanker,14.99,1.0,10176,Anchored,2026-06-02 19:41:43.203853,5.55
TEL-10878,MV Fleet_04,Bulk Carrier,12.29,8.0,41161,Underway,2026-06-02 19:56:43.203853,14.02
TEL-10879,MV Fleet_13,LNG Carrier,17.66,7.0,47525,Underway,2026-06-02 20:11:43.203853,14.79
TEL-10880,MV Fleet_10,Container,21.94,2.0,20164,Underway,2026-06-02 20:26:43.203853,9.99
TEL-10881,MV Fleet_18,LNG Carrier,23.98,7.0,17222,Moored,2026-06-02 20:41:43.203853,22.52
TEL-10882,MV Fleet_08,Container,17.72,3.0,30379,Underway,2026-06-02 20:56:43.203853,12.12
TEL-10883,MV Fleet_08,LNG Carrier,14.48,9.0,30653,Moored,2026-06-02 21:11:43.203853,16.9
TEL-10884,MV Fleet_07,Container,11.6,8.0,23016,Underway,2026-06-02 21:26:43.203853,11.48
TEL-10885,MV Fleet_08,Tanker,12.11,5.0,23368,Underway,2026-06-02 21:41:43.203853,9.39
TEL-10886,MV Fleet_14,Bulk Carrier,15.67,7.0,28505,Moored,2026-06-02 21:56:43.203853,16.12
TEL-10887,MV Fleet_19,Container,13.88,3.0,37771,Underway,2026-06-02 22:11:43.203853,5.65
TEL-10888,MV Fleet_06,LNG Carrier,22.62,1.0,45245,Underway,2026-06-02 22:26:43.203853,10.44
TEL-10889,MV Fleet_01,Container,13.89,1.0,43766,Underway,2026-06-02 22:41:43.203853,5.81
TEL-10890,MV Fleet_15,Container,13.98,2.0,38370,Anchored,2026-06-02 22:56:43.203853,6.57
TEL-10891,MV Fleet_01,Container,14.14,8.0,12256,Underway,2026-06-02 23:11:43.203853,15.56
TEL-10892,MV Fleet_17,LNG Carrier,21.39,1.0,48327,Underway,2026-06-02 23:26:43.203853,7.44
TEL-10893,MV Fleet_01,Bulk Carrier,18.41,5.0,33251,Underway,2026-06-02 23:41:43.203853,14.2
TEL-10894,MV Fleet_15,Tanker,17.83,9.0,36977,Underway,2026-06-02 23:56:43.203853,19.32
TEL-10895,MV Fleet_02,Bulk Carrier,13.35,9.0,37664,Underway,2026-06-03 00:11:43.203853,16.06
TEL-10896,MV Fleet_14,Container,21.09,2.0,11714,Anchored,2026-06-03 00:26:43.203853,8.95
TEL-10897,MV Fleet_08,LNG Carrier,8.61,7.0,46144,Underway,2026-06-03 00:41:43.203853,10.26
TEL-10898,MV Fleet_08,Bulk Carrier,21.93,1.0,16701,Anchored,2026-06-03 00:56:43.203853,9.68
TEL-10899,MV Fleet_19,Container,16.2,3.0,19891,Underway,2026-06-03 01:11:43.203853,8.75
TEL-10900,MV Fleet_07,Tanker,14.37,6.0,41019,Underway,2026-06-03 01:26:43.203853,12.43
TEL-10901,MV Fleet_19,Tanker,15.95,9.0,32516,Moored,2026-06-03 01:41:43.203853,15.59
TEL-10902,MV Fleet_06,Tanker,18.68,2.0,45912,Underway,2026-06-03 01:56:43.203853,7.16
TEL-10903,MV Fleet_06,Container,8.2,7.0,14916,Underway,2026-06-03 02:11:43.203853,10.12
TEL-10904,MV Fleet_03,LNG Carrier,21.94,4.0,7910,Moored,2026-06-03 02:26:43.203853,14.78
TEL-10905,MV Fleet_07,Bulk Carrier,15.15,2.0,23254,Underway,2026-06-03 02:41:43.203853,7.32
TEL-10906,MV Fleet_19,Tanker,13.49,3.0,49250,Anchored,2026-06-03 02:56:43.203853,7.41
TEL-10907,MV Fleet_08,Container,10.21,6.0,41116,Underway,2026-06-03 03:11:43.203853,12.74
TEL-10908,MV Fleet_10,Container,15.03,9.0,22985,Underway,2026-06-03 03:26:43.203853,18.95
TEL-10909,MV Fleet_20,Bulk Carrier,15.94,8.0,27151,Moored,2026-06-03 03:41:43.203853,18.09
TEL-10910,MV Fleet_15,Tanker,14.46,9.0,10830,Underway,2026-06-03 03:56:43.203853,16.89
TEL-10911,MV Fleet_15,Container,18.86,4.0,49297,Underway,2026-06-03 04:11:43.203853,9.77
TEL-10912,MV Fleet_01,Bulk Carrier,14.73,4.0,45888,Underway,2026-06-03 04:26:43.203853,12.43
TEL-10913,MV Fleet_20,LNG Carrier,23.38,9.0,23474,Underway,2026-06-03 04:41:43.203853,22.78
TEL-10914,MV Fleet_07,LNG Carrier,17.59,8.0,10480,Underway,2026-06-03 04:56:43.203853,18.05
TEL-10915,MV Fleet_04,LNG Carrier,20.92,,14443,Underway,2026-06-03 05:11:43.203853,11.04
TEL-10916,MV Fleet_06,Tanker,9.75,8.0,44138,Underway,2026-06-03 05:26:43.203853,18.07
TEL-10917,MV Fleet_01,Bulk Carrier,14.36,1.0,37938,Underway,2026-06-03 05:41:43.203853,5.06
TEL-10918,MV Fleet_05,Bulk Carrier,13.39,9.0,7809,Underway,2026-06-03 05:56:43.203853,18.95
TEL-10919,MV Fleet_01,Container,17.11,9.0,44761,Underway,2026-06-03 06:11:43.203853,17.22
TEL-10920,MV Fleet_04,Container,21.78,8.0,31930,Underway,2026-06-03 06:26:43.203853,20.75
TEL-10921,MV Fleet_02,Container,9.25,5.0,28095,Underway,2026-06-03 06:41:43.203853,11.93
TEL-10922,MV Fleet_10,Bulk Carrier,9.16,5.0,16946,Anchored,2026-06-03 06:56:43.203853,9.16
TEL-10923,MV Fleet_05,Container,21.61,3.0,8991,Underway,2026-06-03 07:11:43.203853,9.05
TEL-10924,MV Fleet_10,Bulk Carrier,11.41,5.0,28519,Underway,2026-06-03 07:26:43.203853,10.86
TEL-10925,MV Fleet_01,Bulk Carrier,18.7,4.0,31657,Underway,2026-06-03 07:41:43.203853,11.48
TEL-10926,MV Fleet_06,LNG Carrier,16.69,,5826,Underway,2026-06-03 07:56:43.203853,7.56
TEL-10927,MV Fleet_13,Container,21.33,9.0,47625,Underway,2026-06-03 08:11:43.203853,20.07
TEL-10928,MV Fleet_15,LNG Carrier,10.0,4.0,21513,Anchored,2026-06-03 08:26:43.203853,11.59
TEL-10929,MV Fleet_04,Tanker,10.08,3.0,22801,Underway,2026-06-03 08:41:43.203853,6.69
TEL-10930,MV Fleet_13,Tanker,16.91,6.0,34846,Underway,2026-06-03 08:56:43.203853,15.08
TEL-10931,MV Fleet_20,Tanker,23.14,1.0,44566,Underway,2026-06-03 09:11:43.203853,8.35
TEL-10932,MV Fleet_15,Bulk Carrier,14.64,5.0,28157,Underway,2026-06-03 09:26:43.203853,9.57
TEL-10933,MV Fleet_08,Bulk Carrier,13.23,7.0,33363,Underway,2026-06-03 09:41:43.203853,11.78
TEL-10934,MV Fleet_05,Bulk Carrier,17.71,2.0,10136,Underway,2026-06-03 09:56:43.203853,6.36
TEL-10935,MV Fleet_15,Container,22.89,9.0,22421,Moored,2026-06-03 10:11:43.203853,22.71
TEL-10936,MV Fleet_04,LNG Carrier,21.39,6.0,17491,Underway,2026-06-03 10:26:43.203853,15.4
TEL-10937,MV Fleet_12,Bulk Carrier,23.93,2.0,12546,Underway,2026-06-03 10:41:43.203853,9.93
TEL-10938,MV Fleet_13,LNG Carrier,8.36,8.0,10903,Underway,2026-06-03 10:56:43.203853,12.43
TEL-10939,MV Fleet_02,LNG Carrier,9.81,8.0,21406,Underway,2026-06-03 11:11:43.203853,15.0
TEL-10940,MV Fleet_19,LNG Carrier,17.75,1.0,19949,Underway,2026-06-03 11:26:43.203853,7.84
TEL-10941,MV Fleet_19,Container,21.13,1.0,14825,Moored,2026-06-03 11:41:43.203853,10.15
TEL-10942,MV Fleet_04,Container,12.56,1.0,11287,Underway,2026-06-03 11:56:43.203853,4.03
TEL-10943,MV Fleet_04,Tanker,11.83,4.0,49961,Underway,2026-06-03 12:11:43.203853,11.66
TEL-10944,MV Fleet_11,Tanker,20.59,4.0,39173,Underway,2026-06-03 12:26:43.203853,14.47
TEL-10945,MV Fleet_05,LNG Carrier,8.9,8.0,47438,Underway,2026-06-03 12:41:43.203853,11.88
TEL-10946,MV Fleet_20,Tanker,13.91,1.0,22578,Underway,2026-06-03 12:56:43.203853,6.23
TEL-10947,MV Fleet_11,LNG Carrier,16.09,3.0,46535,Moored,2026-06-03 13:11:43.203853,9.03
TEL-10948,MV Fleet_10,Container,16.97,1.0,12923,Underway,2026-06-03 13:26:43.203853,6.18
TEL-10949,MV Fleet_08,Container,19.66,9.0,39374,Underway,2026-06-03 13:41:43.203853,19.84
TEL-10950,MV Fleet_06,Container,13.68,9.0,46411,Underway,2026-06-03 13:56:43.203853,15.92
TEL-10951,MV Fleet_06,Bulk Carrier,17.8,7.0,13316,Underway,2026-06-03 14:11:43.203853,17.36
TEL-10952,MV Fleet_08,LNG Carrier,17.37,8.0,49414,Underway,2026-06-03 14:26:43.203853,16.26
TEL-10953,MV Fleet_15,Container,16.76,1.0,15556,Underway,2026-06-03 14:41:43.203853,5.48
TEL-10954,MV Fleet_14,LNG Carrier,18.25,5.0,15058,Underway,2026-06-03 14:56:43.203853,14.21
TEL-10955,MV Fleet_11,Tanker,12.15,2.0,44018,Underway,2026-06-03 15:11:43.203853,9.05
TEL-10956,MV Fleet_12,Tanker,9.35,1.0,39451,Underway,2026-06-03 15:26:43.203853,2.54
TEL-10957,MV Fleet_13,Container,9.91,3.0,30482,Underway,2026-06-03 15:41:43.203853,4.6
TEL-10958,MV Fleet_08,LNG Carrier,11.59,7.0,49494,Underway,2026-06-03 15:56:43.203853,14.79
TEL-10959,MV Fleet_18,Container,16.0,1.0,30005,Underway,2026-06-03 16:11:43.203853,6.25
TEL-10960,MV Fleet_01,Tanker,21.45,2.0,24135,Underway,2026-06-03 16:26:43.203853,11.09
TEL-10961,MV Fleet_15,Container,19.22,2.0,28888,Underway,2026-06-03 16:41:43.203853,9.14
TEL-10962,MV Fleet_08,LNG Carrier,20.62,4.0,37481,Moored,2026-06-03 16:56:43.203853,13.75
TEL-10963,MV Fleet_11,Tanker,13.62,3.0,33401,Underway,2026-06-03 17:11:43.203853,8.44
TEL-10964,MV Fleet_12,Bulk Carrier,14.47,3.0,45431,Underway,2026-06-03 17:26:43.203853,7.47
TEL-10965,MV Fleet_12,Tanker,14.3,5.0,29937,Underway,2026-06-03 17:41:43.203853,12.24
TEL-10966,MV Fleet_04,Bulk Carrier,11.07,3.0,18146,Underway,2026-06-03 17:56:43.203853,7.63
TEL-10967,MV Fleet_16,Container,8.98,7.0,35101,Anchored,2026-06-03 18:11:43.203853,11.61
TEL-10968,MV Fleet_04,Container,17.45,5.0,16253,Underway,2026-06-03 18:26:43.203853,12.41
TEL-10969,MV Fleet_05,LNG Carrier,23.83,4.0,8223,Anchored,2026-06-03 18:41:43.203853,13.59
TEL-10970,MV Fleet_05,Bulk Carrier,10.67,3.0,10441,Underway,2026-06-03 18:56:43.203853,7.43
TEL-10971,MV Fleet_08,Container,8.75,4.0,47590,Underway,2026-06-03 19:11:43.203853,8.31
TEL-10972,MV Fleet_10,Bulk Carrier,20.47,2.0,45149,Underway,2026-06-03 19:26:43.203853,9.72
TEL-10973,MV Fleet_17,Container,12.04,1.0,17863,Underway,2026-06-03 19:41:43.203853,2.54
TEL-10974,MV Fleet_09,Tanker,21.27,3.0,42952,Anchored,2026-06-03 19:56:43.203853,8.7
TEL-10975,MV Fleet_19,Container,19.26,2.0,34564,Underway,2026-06-03 20:11:43.203853,8.76
TEL-10976,MV Fleet_14,LNG Carrier,23.13,1.0,21653,Anchored,2026-06-03 20:26:43.203853,10.19
TEL-10977,MV Fleet_08,Tanker,14.54,1.0,29088,Underway,2026-06-03 20:41:43.203853,6.26
TEL-10978,MV Fleet_09,LNG Carrier,18.59,2.0,27499,Underway,2026-06-03 20:56:43.203853,10.45
TEL-10979,MV Fleet_11,Tanker,15.44,9.0,47083,Moored,2026-06-03 21:11:43.203853,17.16
TEL-10980,MV Fleet_01,Bulk Carrier,18.09,5.0,28682,Underway,2026-06-03 21:26:43.203853,10.62
TEL-10981,MV Fleet_14,LNG Carrier,15.19,9.0,37132,Underway,2026-06-03 21:41:43.203853,16.81
TEL-10982,MV Fleet_05,Container,11.02,8.0,9533,Anchored,2026-06-03 21:56:43.203853,17.64
TEL-10983,MV Fleet_14,Bulk Carrier,16.13,6.0,22426,Underway,2026-06-03 22:11:43.203853,15.99
TEL-10984,MV Fleet_04,Container,16.46,1.0,19560,Underway,2026-06-03 22:26:43.203853,6.82
TEL-10985,MV Fleet_01,Tanker,20.97,5.0,39409,Moored,2026-06-03 22:41:43.203853,13.91
TEL-10986,MV Fleet_19,Tanker,19.77,1.0,20925,Underway,2026-06-03 22:56:43.203853,7.75
TEL-10987,MV Fleet_08,Container,18.62,7.0,27987,Underway,2026-06-03 23:11:43.203853,18.84
TEL-10988,MV Fleet_15,Container,9.81,8.0,15633,Underway,2026-06-03 23:26:43.203853,14.26
TEL-10989,MV Fleet_15,Bulk Carrier,19.53,8.0,41065,Underway,2026-06-03 23:41:43.203853,17.68
TEL-10990,MV Fleet_09,Container,16.0,7.0,35125,Underway,2026-06-03 23:56:43.203853,16.95
TEL-10991,MV Fleet_09,LNG Carrier,22.31,2.0,8996,Underway,2026-06-04 00:11:43.203853,7.92
TEL-10992,MV Fleet_10,LNG Carrier,22.72,5.0,5014,Anchored,2026-06-04 00:26:43.203853,14.08
TEL-10993,MV Fleet_20,Container,8.88,4.0,19895,Underway,2026-06-04 00:41:43.203853,6.43
TEL-10994,MV Fleet_09,LNG Carrier,21.13,5.0,6674,Moored,2026-06-04 00:56:43.203853,16.15
TEL-10995,MV Fleet_03,Container,8.6,9.0,42867,Anchored,2026-06-04 01:11:43.203853,14.21
TEL-10996,MV Fleet_20,Bulk Carrier,13.87,4.0,25001,Moored,2026-06-04 01:26:43.203853,6.84
TEL-10997,MV Fleet_11,LNG Carrier,16.68,8.0,22864,Underway,2026-06-04 01:41:43.203853,15.75
TEL-10998,MV Fleet_06,LNG Carrier,10.37,8.0,31321,Underway,2026-06-04 01:56:43.203853,13.43
TEL-10999,MV Fleet_02,Container,19.94,2.0,29082,Underway,2026-06-04 02:11:43.203853,9.38
TEL-11000,MV Fleet_07,LNG Carrier,8.13,6.0,45131,Underway,2026-06-04 02:26:43.203853,10.6
TEL-11001,MV Fleet_18,Tanker,10.7,5.0,10957,Underway,2026-06-04 02:41:43.203853,11.2
TEL-11002,MV Fleet_02,Bulk Carrier,17.29,2.0,9210,Anchored,2026-06-04 02:56:43.203853,7.62
TEL-11003,MV Fleet_17,Bulk Carrier,19.43,4.0,23069,Underway,2026-06-04 03:11:43.203853,11.33
TEL-11004,MV Fleet_11,LNG Carrier,22.67,7.0,39851,Underway,2026-06-04 03:26:43.203853,18.63
TEL-11005,MV Fleet_12,LNG Carrier,19.29,1.0,31865,Underway,2026-06-04 03:41:43.203853,7.99
TEL-11006,MV Fleet_19,Tanker,18.75,9.0,23070,Anchored,2026-06-04 03:56:43.203853,18.43
TEL-11007,MV Fleet_07,Tanker,14.31,1.0,9158,Moored,2026-06-04 04:11:43.203853,2.63
TEL-11008,MV Fleet_20,LNG Carrier,8.02,5.0,40550,Underway,2026-06-04 04:26:43.203853,8.14
TEL-11009,MV Fleet_06,LNG Carrier,9.92,7.0,25572,Underway,2026-06-04 04:41:43.203853,13.69
TEL-11010,MV Fleet_01,Tanker,16.55,8.0,9100,Moored,2026-06-04 04:56:43.203853,16.6
TEL-11011,MV Fleet_17,Container,18.8,2.0,49469,Underway,2026-06-04 05:11:43.203853,10.73
TEL-11012,MV Fleet_11,Tanker,14.68,4.0,20525,Underway,2026-06-04 05:26:43.203853,10.6
TEL-11013,MV Fleet_18,Container,19.69,2.0,23456,Underway,2026-06-04 05:41:43.203853,8.55
TEL-11014,MV Fleet_17,Bulk Carrier,16.35,4.0,5097,Underway,2026-06-04 05:56:43.203853,12.83
TEL-11015,MV Fleet_07,Bulk Carrier,9.19,6.0,14483,Underway,2026-06-04 06:11:43.203853,9.43
TEL-11016,MV Fleet_17,Tanker,11.07,6.0,41232,Anchored,2026-06-04 06:26:43.203853,8.87
TEL-11017,MV Fleet_20,Container,21.44,2.0,6787,Underway,2026-06-04 06:41:43.203853,10.85
TEL-11018,MV Fleet_09,Tanker,19.6,4.0,45531,Underway,2026-06-04 06:56:43.203853,11.12
TEL-11019,MV Fleet_17,Tanker,22.32,4.0,26788,Underway,2026-06-04 07:11:43.203853,13.76
TEL-11020,MV Fleet_20,Container,9.88,1.0,38451,Underway,2026-06-04 07:26:43.203853,1.86
TEL-11021,MV Fleet_08,Tanker,23.84,2.0,21092,Anchored,2026-06-04 07:41:43.203853,11.79
TEL-11022,MV Fleet_17,Bulk Carrier,11.35,3.0,6132,Anchored,2026-06-04 07:56:43.203853,7.71
TEL-11023,MV Fleet_07,LNG Carrier,8.19,5.0,17314,Underway,2026-06-04 08:11:43.203853,9.88
TEL-11024,MV Fleet_01,LNG Carrier,23.96,8.0,43645,Anchored,2026-06-04 08:26:43.203853,19.15
TEL-11025,MV Fleet_13,Tanker,12.5,6.0,27582,Underway,2026-06-04 08:41:43.203853,9.9
TEL-11026,MV Fleet_19,Container,18.69,3.0,32780,Underway,2026-06-04 08:56:43.203853,10.9
TEL-11027,MV Fleet_19,Container,10.83,6.0,37236,Anchored,2026-06-04 09:11:43.203853,10.73
TEL-11028,MV Fleet_17,Bulk Carrier,17.28,7.0,18068,Underway,2026-06-04 09:26:43.203853,14.75
TEL-11029,MV Fleet_13,Container,22.46,6.0,16057,Underway,2026-06-04 09:41:43.203853,16.76
TEL-11030,MV Fleet_16,Container,13.12,6.0,38622,Underway,2026-06-04 09:56:43.203853,11.93
TEL-11031,MV Fleet_08,Bulk Carrier,18.72,1.0,43506,Underway,2026-06-04 10:11:43.203853,7.88
TEL-11032,MV Fleet_19,Tanker,11.01,3.0,7026,Underway,2026-06-04 10:26:43.203853,7.59
TEL-11033,MV Fleet_18,LNG Carrier,18.0,7.0,31563,Underway,2026-06-04 10:41:43.203853,17.42
TEL-11034,MV Fleet_01,Bulk Carrier,13.38,4.0,43133,Anchored,2026-06-04 10:56:43.203853,8.9
TEL-11035,MV Fleet_14,Tanker,11.38,4.0,7550,Anchored,2026-06-04 11:11:43.203853,9.99
TEL-11036,MV Fleet_19,Bulk Carrier,13.01,7.0,35922,Anchored,2026-06-04 11:26:43.203853,14.52
TEL-11037,MV Fleet_15,Tanker,10.86,9.0,12089,Underway,2026-06-04 11:41:43.203853,17.12
TEL-11038,MV Fleet_18,Bulk Carrier,22.43,2.0,21623,Underway,2026-06-04 11:56:43.203853,9.26
TEL-11039,MV Fleet_02,Tanker,14.35,9.0,17043,Underway,2026-06-04 12:11:43.203853,17.05
TEL-11040,MV Fleet_17,Bulk Carrier,11.92,3.0,6036,Underway,2026-06-04 12:26:43.203853,10.05
TEL-11041,MV Fleet_18,Tanker,15.17,6.0,27516,Anchored,2026-06-04 12:41:43.203853,11.01
TEL-11042,MV Fleet_06,Bulk Carrier,13.13,4.0,26164,Moored,2026-06-04 12:56:43.203853,11.87
TEL-11043,MV Fleet_19,LNG Carrier,19.91,1.0,11122,Underway,2026-06-04 13:11:43.203853,10.58
TEL-11044,MV Fleet_04,LNG Carrier,23.54,9.0,36786,Underway,2026-06-04 13:26:43.203853,23.19
TEL-11045,MV Fleet_01,Container,15.01,6.0,21150,Underway,2026-06-04 13:41:43.203853,10.98
TEL-11046,MV Fleet_08,Tanker,21.78,8.0,27094,Underway,2026-06-04 13:56:43.203853,19.2
TEL-11047,MV Fleet_07,Bulk Carrier,17.05,2.0,16692,Underway,2026-06-04 14:11:43.203853,9.15
TEL-11048,MV Fleet_03,Tanker,10.52,7.0,17054,Moored,2026-06-04 14:26:43.203853,10.7
TEL-11049,MV Fleet_10,LNG Carrier,19.05,6.0,6767,Underway,2026-06-04 14:41:43.203853,16.01
TEL-11050,MV Fleet_10,Tanker,16.21,2.0,9708,Underway,2026-06-04 14:56:43.203853,7.72
TEL-11051,MV Fleet_19,Bulk Carrier,18.41,2.0,46121,Underway,2026-06-04 15:11:43.203853,7.8
TEL-11052,MV Fleet_14,Tanker,22.23,4.0,34292,Underway,2026-06-04 15:26:43.203853,12.12
TEL-11053,MV Fleet_02,Bulk Carrier,15.05,4.0,33082,Anchored,2026-06-04 15:41:43.203853,12.21
TEL-11054,MV Fleet_01,LNG Carrier,22.42,3.0,39024,Underway,2026-06-04 15:56:43.203853,13.57
TEL-11055,MV Fleet_18,LNG Carrier,20.01,,31734,Underway,2026-06-04 16:11:43.203853,18.27
TEL-11056,MV Fleet_07,LNG Carrier,15.82,7.0,47911,Underway,2026-06-04 16:26:43.203853,14.92
TEL-11057,MV Fleet_08,Container,17.65,2.0,28461,Underway,2026-06-04 16:41:43.203853,7.86
TEL-11058,MV Fleet_01,LNG Carrier,13.21,3.0,10351,Underway,2026-06-04 16:56:43.203853,5.01
TEL-11059,MV Fleet_03,Tanker,23.74,9.0,38517,Underway,2026-06-04 17:11:43.203853,24.15
TEL-11060,MV Fleet_08,Container,18.68,5.0,22092,Underway,2026-06-04 17:26:43.203853,13.63
TEL-11061,MV Fleet_15,LNG Carrier,8.7,2.0,44184,Underway,2026-06-04 17:41:43.203853,6.01
TEL-11062,MV Fleet_05,Tanker,13.23,3.0,44718,Underway,2026-06-04 17:56:43.203853,7.05
TEL-11063,MV Fleet_03,Tanker,17.97,8.0,30041,Underway,2026-06-04 18:11:43.203853,17.57
TEL-11064,MV Fleet_19,Tanker,8.9,4.0,30676,Underway,2026-06-04 18:26:43.203853,8.12
TEL-11065,MV Fleet_01,Bulk Carrier,8.38,2.0,39481,Underway,2026-06-04 18:41:43.203853,6.03
TEL-11066,MV Fleet_15,Container,15.2,2.0,17777,Moored,2026-06-04 18:56:43.203853,9.77
TEL-11067,MV Fleet_08,Tanker,13.32,6.0,29320,Underway,2026-06-04 19:11:43.203853,11.74
TEL-11068,MV Fleet_02,Bulk Carrier,15.01,8.0,13308,Underway,2026-06-04 19:26:43.203853,15.48
TEL-11069,MV Fleet_03,LNG Carrier,12.2,7.0,48441,Anchored,2026-06-04 19:41:43.203853,12.94
TEL-11070,MV Fleet_14,Tanker,10.64,4.0,20329,Underway,2026-06-04 19:56:43.203853,7.33
TEL-11071,MV Fleet_14,Bulk Carrier,19.03,2.0,18882,Underway,2026-06-04 20:11:43.203853,12.96
TEL-11072,MV Fleet_11,Tanker,16.23,9.0,9714,Underway,2026-06-04 20:26:43.203853,15.54
TEL-11073,MV Fleet_16,Container,11.2,,31050,Underway,2026-06-04 20:41:43.203853,12.46
TEL-11074,MV Fleet_04,Container,13.11,9.0,48432,Underway,2026-06-04 20:56:43.203853,17.63
TEL-11075,MV Fleet_20,LNG Carrier,17.47,5.0,20753,Moored,2026-06-04 21:11:43.203853,12.55
TEL-11076,MV Fleet_05,Tanker,9.16,7.0,34979,Underway,2026-06-04 21:26:43.203853,10.97
TEL-11077,MV Fleet_14,Bulk Carrier,10.36,5.0,19630,Anchored,2026-06-04 21:41:43.203853,9.57
TEL-11078,MV Fleet_16,LNG Carrier,9.17,2.0,22658,Underway,2026-06-04 21:56:43.203853,3.88
TEL-11079,MV Fleet_18,Tanker,21.0,6.0,8709,Underway,2026-06-04 22:11:43.203853,18.15
TEL-11080,MV Fleet_07,LNG Carrier,20.04,7.0,38106,Moored,2026-06-04 22:26:43.203853,17.98
TEL-11081,MV Fleet_10,Bulk Carrier,20.05,6.0,44529,Underway,2026-06-04 22:41:43.203853,18.05
TEL-11082,MV Fleet_07,LNG Carrier,19.46,3.0,42043,Underway,2026-06-04 22:56:43.203853,10.28
TEL-11083,MV Fleet_01,LNG Carrier,18.71,8.0,16491,Underway,2026-06-04 23:11:43.203853,18.03
TEL-11084,MV Fleet_19,LNG Carrier,15.63,,44530,Anchored,2026-06-04 23:26:43.203853,8.64
TEL-11085,MV Fleet_16,Tanker,18.28,5.0,13834,Underway,2026-06-04 23:41:43.203853,12.53
TEL-11086,MV Fleet_19,Bulk Carrier,8.61,9.0,19358,Underway,2026-06-04 23:56:43.203853,13.51
TEL-11087,MV Fleet_04,Container,17.94,5.0,14872,Underway,2026-06-05 00:11:43.203853,13.99
TEL-11088,MV Fleet_18,Tanker,20.45,7.0,26657,Underway,2026-06-05 00:26:43.203853,17.78
TEL-11089,MV Fleet_02,Container,16.01,7.0,29827,Moored,2026-06-05 00:41:43.203853,14.89
TEL-11090,MV Fleet_01,Container,13.72,5.0,13173,Underway,2026-06-05 00:56:43.203853,11.69
TEL-11091,MV Fleet_15,Tanker,12.44,2.0,21685,Underway,2026-06-05 01:11:43.203853,5.29
TEL-11092,MV Fleet_05,Tanker,18.28,5.0,16333,Underway,2026-06-05 01:26:43.203853,13.11
TEL-11093,MV Fleet_20,Bulk Carrier,19.08,7.0,16356,Underway,2026-06-05 01:41:43.203853,17.81
TEL-11094,MV Fleet_11,Bulk Carrier,21.94,7.0,45584,Underway,2026-06-05 01:56:43.203853,19.62
TEL-11095,MV Fleet_10,LNG Carrier,13.48,4.0,49917,Underway,2026-06-05 02:11:43.203853,11.62
TEL-11096,MV Fleet_02,Container,20.32,1.0,16344,Moored,2026-06-05 02:26:43.203853,6.53
TEL-11097,MV Fleet_03,Bulk Carrier,16.98,6.0,49619,Underway,2026-06-05 02:41:43.203853,12.49
TEL-11098,MV Fleet_12,LNG Carrier,22.13,3.0,44998,Underway,2026-06-05 02:56:43.203853,10.51
TEL-11099,MV Fleet_20,Bulk Carrier,16.44,5.0,46571,Underway,2026-06-05 03:11:43.203853,11.2
TEL-11100,MV Fleet_05,Tanker,16.28,4.0,20795,Underway,2026-06-05 03:26:43.203853,10.09
TEL-11101,MV Fleet_05,Bulk Carrier,17.25,2.0,34743,Underway,2026-06-05 03:41:43.203853,8.72
TEL-11102,MV Fleet_06,Container,19.99,7.0,6943,Underway,2026-06-05 03:56:43.203853,18.75
TEL-11103,MV Fleet_09,Bulk Carrier,23.44,5.0,29649,Moored,2026-06-05 04:11:43.203853,15.44
TEL-11104,MV Fleet_02,Container,9.18,7.0,26021,Underway,2026-06-05 04:26:43.203853,13.09
TEL-11105,MV Fleet_12,Tanker,8.85,9.0,13348,Underway,2026-06-05 04:41:43.203853,17.05
TEL-11106,MV Fleet_03,Container,23.0,4.0,16750,Underway,2026-06-05 04:56:43.203853,13.58
TEL-11107,MV Fleet_20,Bulk Carrier,16.48,5.0,10385,Underway,2026-06-05 05:11:43.203853,11.76
TEL-11108,MV Fleet_12,LNG Carrier,17.84,9.0,21639,Underway,2026-06-05 05:26:43.203853,18.96
TEL-11109,MV Fleet_17,Tanker,15.72,4.0,24494,Underway,2026-06-05 05:41:43.203853,7.81
TEL-11110,MV Fleet_10,Bulk Carrier,9.5,5.0,47011,Underway,2026-06-05 05:56:43.203853,10.1
TEL-11111,MV Fleet_14,Tanker,20.29,5.0,42800,Underway,2026-06-05 06:11:43.203853,12.37
TEL-11112,MV Fleet_17,Tanker,19.96,8.0,44029,Anchored,2026-06-05 06:26:43.203853,19.68
TEL-11113,MV Fleet_18,Bulk Carrier,12.99,4.0,23640,Underway,2026-06-05 06:41:43.203853,8.48
TEL-11114,MV Fleet_19,Bulk Carrier,12.9,4.0,40402,Underway,2026-06-05 06:56:43.203853,8.33
TEL-11115,MV Fleet_17,LNG Carrier,21.41,7.0,6891,Moored,2026-06-05 07:11:43.203853,16.35
TEL-11116,MV Fleet_14,Tanker,9.16,5.0,33259,Underway,2026-06-05 07:26:43.203853,10.04
TEL-11117,MV Fleet_09,Tanker,22.1,,33987,Underway,2026-06-05 07:41:43.203853,17.52
TEL-11118,MV Fleet_08,Bulk Carrier,12.11,6.0,15683,Underway,2026-06-05 07:56:43.203853,11.09
TEL-11119,MV Fleet_02,Container,17.49,6.0,14967,Underway,2026-06-05 08:11:43.203853,16.88
TEL-11120,MV Fleet_13,Bulk Carrier,22.98,5.0,17128,Underway,2026-06-05 08:26:43.203853,15.8
TEL-11121,MV Fleet_07,Tanker,18.85,5.0,45194,Underway,2026-06-05 08:41:43.203853,13.37
TEL-11122,MV Fleet_09,Bulk Carrier,14.63,9.0,39738,Underway,2026-06-05 08:56:43.203853,17.42
TEL-11123,MV Fleet_11,LNG Carrier,19.03,8.0,33295,Underway,2026-06-05 09:11:43.203853,16.97
TEL-11124,MV Fleet_14,Container,13.5,4.0,25337,Underway,2026-06-05 09:26:43.203853,7.85
TEL-11125,MV Fleet_04,Bulk Carrier,12.44,7.0,27202,Underway,2026-06-05 09:41:43.203853,12.85
TEL-11126,MV Fleet_13,LNG Carrier,23.95,8.0,11771,Anchored,2026-06-05 09:56:43.203853,21.8
TEL-11127,MV Fleet_02,Tanker,20.01,9.0,48452,Moored,2026-06-05 10:11:43.203853,17.24
TEL-11128,MV Fleet_05,Bulk Carrier,18.32,5.0,17857,Underway,2026-06-05 10:26:43.203853,10.86
TEL-11129,MV Fleet_11,Tanker,13.68,3.0,36301,Underway,2026-06-05 10:41:43.203853,7.0
TEL-11130,MV Fleet_06,LNG Carrier,8.79,4.0,36460,Underway,2026-06-05 10:56:43.203853,4.92
TEL-11131,MV Fleet_18,Tanker,8.5,6.0,26387,Anchored,2026-06-05 11:11:43.203853,8.4
TEL-11132,MV Fleet_10,LNG Carrier,16.87,5.0,14832,Anchored,2026-06-05 11:26:43.203853,13.59
TEL-11133,MV Fleet_04,LNG Carrier,20.19,9.0,17626,Underway,2026-06-05 11:41:43.203853,19.46
TEL-11134,MV Fleet_09,LNG Carrier,16.6,3.0,23485,Underway,2026-06-05 11:56:43.203853,7.98
TEL-11135,MV Fleet_06,Bulk Carrier,21.45,2.0,18423,Moored,2026-06-05 12:11:43.203853,10.55
TEL-11136,MV Fleet_02,Tanker,8.53,6.0,36403,Underway,2026-06-05 12:26:43.203853,10.7
TEL-11137,MV Fleet_17,Tanker,13.87,7.0,35623,Underway,2026-06-05 12:41:43.203853,15.74
TEL-11138,MV Fleet_05,Container,11.79,5.0,21802,Underway,2026-06-05 12:56:43.203853,7.48
TEL-11139,MV Fleet_06,Container,15.16,1.0,21333,Underway,2026-06-05 13:11:43.203853,4.18
TEL-11140,MV Fleet_12,Container,9.16,3.0,40120,Underway,2026-06-05 13:26:43.203853,5.33
TEL-11141,MV Fleet_10,Container,23.27,3.0,33085,Underway,2026-06-05 13:41:43.203853,13.51
TEL-11142,MV Fleet_06,Tanker,11.57,4.0,27159,Underway,2026-06-05 13:56:43.203853,12.91
TEL-11143,MV Fleet_08,LNG Carrier,22.76,6.0,29660,Anchored,2026-06-05 14:11:43.203853,17.99
TEL-11144,MV Fleet_02,LNG Carrier,14.81,5.0,39519,Underway,2026-06-05 14:26:43.203853,11.01
TEL-11145,MV Fleet_12,Bulk Carrier,23.77,1.0,33797,Underway,2026-06-05 14:41:43.203853,8.42
TEL-11146,MV Fleet_13,LNG Carrier,16.86,6.0,24041,Underway,2026-06-05 14:56:43.203853,11.86
TEL-11147,MV Fleet_07,Tanker,22.89,9.0,49935,Underway,2026-06-05 15:11:43.203853,23.05
TEL-11148,MV Fleet_10,Tanker,8.09,1.0,27507,Moored,2026-06-05 15:26:43.203853,1.71
TEL-11149,MV Fleet_13,Tanker,19.97,8.0,10524,Anchored,2026-06-05 15:41:43.203853,17.97
TEL-11150,MV Fleet_17,Bulk Carrier,22.45,8.0,23735,Underway,2026-06-05 15:56:43.203853,22.41
TEL-11151,MV Fleet_14,Container,10.24,3.0,32675,Underway,2026-06-05 16:11:43.203853,4.02
TEL-11152,MV Fleet_02,LNG Carrier,9.54,9.0,22673,Underway,2026-06-05 16:26:43.203853,15.76
TEL-11153,MV Fleet_11,Tanker,14.79,8.0,49083,Underway,2026-06-05 16:41:43.203853,14.54
TEL-11154,MV Fleet_01,Tanker,22.94,3.0,40470,Underway,2026-06-05 16:56:43.203853,15.18
TEL-11155,MV Fleet_19,Container,16.68,5.0,46603,Underway,2026-06-05 17:11:43.203853,10.88
TEL-11156,MV Fleet_04,Tanker,16.44,3.0,24289,Moored,2026-06-05 17:26:43.203853,10.17
TEL-11157,MV Fleet_19,LNG Carrier,10.26,5.0,36230,Underway,2026-06-05 17:41:43.203853,6.88
TEL-11158,MV Fleet_11,Bulk Carrier,8.01,9.0,19542,Underway,2026-06-05 17:56:43.203853,17.2
TEL-11159,MV Fleet_08,Tanker,20.96,4.0,40690,Underway,2026-06-05 18:11:43.203853,14.43
TEL-11160,MV Fleet_11,LNG Carrier,9.4,6.0,11654,Underway,2026-06-05 18:26:43.203853,9.97
TEL-11161,MV Fleet_04,Tanker,18.14,3.0,7021,Underway,2026-06-05 18:41:43.203853,10.61
TEL-11162,MV Fleet_17,Container,22.63,3.0,25008,Underway,2026-06-05 18:56:43.203853,13.97
TEL-11163,MV Fleet_07,Tanker,11.34,5.0,27728,Moored,2026-06-05 19:11:43.203853,10.21
TEL-11164,MV Fleet_08,Tanker,18.64,8.0,29162,Underway,2026-06-05 19:26:43.203853,17.2
TEL-11165,MV Fleet_03,Bulk Carrier,9.26,8.0,32446,Underway,2026-06-05 19:41:43.203853,13.61
TEL-11166,MV Fleet_02,Container,17.66,3.0,34979,Underway,2026-06-05 19:56:43.203853,9.94
TEL-11167,MV Fleet_15,Container,10.62,8.0,49078,Anchored,2026-06-05 20:11:43.203853,14.31
TEL-11168,MV Fleet_05,Bulk Carrier,19.78,8.0,9225,Underway,2026-06-05 20:26:43.203853,19.04
TEL-11169,MV Fleet_01,Tanker,12.82,3.0,14209,Underway,2026-06-05 20:41:43.203853,6.03
TEL-11170,MV Fleet_04,LNG Carrier,15.41,2.0,49660,Anchored,2026-06-05 20:56:43.203853,6.21
TEL-11171,MV Fleet_15,Container,17.59,2.0,20723,Underway,2026-06-05 21:11:43.203853,7.65
TEL-11172,MV Fleet_20,Container,10.74,9.0,8140,Moored,2026-06-05 21:26:43.203853,16.47
TEL-11173,MV Fleet_19,Tanker,19.87,7.0,16721,Underway,2026-06-05 21:41:43.203853,14.65
TEL-11174,MV Fleet_03,Tanker,12.84,6.0,7587,Underway,2026-06-05 21:56:43.203853,12.3
TEL-11175,MV Fleet_20,Container,18.6,7.0,48342,Underway,2026-06-05 22:11:43.203853,17.43
TEL-11176,MV Fleet_11,Tanker,10.53,8.0,44437,Underway,2026-06-05 22:26:43.203853,14.26
TEL-11177,MV Fleet_17,LNG Carrier,19.01,1.0,23989,Underway,2026-06-05 22:41:43.203853,7.59
TEL-11178,MV Fleet_13,Container,10.05,8.0,37726,Underway,2026-06-05 22:56:43.203853,13.57
TEL-11179,MV Fleet_11,LNG Carrier,14.81,3.0,10004,Underway,2026-06-05 23:11:43.203853,8.5
TEL-11180,MV Fleet_02,LNG Carrier,11.96,3.0,19301,Moored,2026-06-05 23:26:43.203853,6.56
TEL-11181,MV Fleet_09,Tanker,19.97,6.0,37679,Underway,2026-06-05 23:41:43.203853,15.25
TEL-11182,MV Fleet_02,LNG Carrier,12.19,4.0,33103,Underway,2026-06-05 23:56:43.203853,8.14
TEL-11183,MV Fleet_09,Tanker,22.11,4.0,46168,Underway,2026-06-06 00:11:43.203853,13.46
TEL-11184,MV Fleet_09,Bulk Carrier,22.27,4.0,12504,Underway,2026-06-06 00:26:43.203853,13.34
TEL-11185,MV Fleet_08,Tanker,11.14,9.0,41578,Underway,2026-06-06 00:41:43.203853,14.14
TEL-11186,MV Fleet_17,LNG Carrier,17.82,8.0,11080,Anchored,2026-06-06 00:56:43.203853,15.09
TEL-11187,MV Fleet_01,Bulk Carrier,9.4,3.0,12408,Underway,2026-06-06 01:11:43.203853,6.42
TEL-11188,MV Fleet_11,Tanker,14.26,1.0,9153,Underway,2026-06-06 01:26:43.203853,6.07
TEL-11189,MV Fleet_08,LNG Carrier,19.41,1.0,16055,Underway,2026-06-06 01:41:43.203853,10.02
TEL-11190,MV Fleet_10,Container,18.55,1.0,24760,Underway,2026-06-06 01:56:43.203853,8.88
TEL-11191,MV Fleet_07,Container,18.0,4.0,22752,Anchored,2026-06-06 02:11:43.203853,12.8
TEL-11192,MV Fleet_03,Tanker,12.52,6.0,29193,Underway,2026-06-06 02:26:43.203853,12.28
TEL-11193,MV Fleet_03,Tanker,14.05,4.0,8800,Underway,2026-06-06 02:41:43.203853,9.75
TEL-11194,MV Fleet_18,Container,9.65,3.0,6037,Underway,2026-06-06 02:56:43.203853,5.2
TEL-11195,MV Fleet_05,LNG Carrier,19.5,8.0,35054,Underway,2026-06-06 03:11:43.203853,16.89
TEL-11196,MV Fleet_12,LNG Carrier,16.06,8.0,31866,Underway,2026-06-06 03:26:43.203853,16.77
TEL-11197,MV Fleet_12,LNG Carrier,19.34,6.0,5992,Anchored,2026-06-06 03:41:43.203853,13.9
TEL-11198,MV Fleet_19,Tanker,11.98,9.0,28696,Underway,2026-06-06 03:56:43.203853,16.09
TEL-11199,MV Fleet_06,Bulk Carrier,13.19,1.0,42278,Underway,2026-06-06 04:11:43.203853,0.96
TEL-11200,MV Fleet_02,Bulk Carrier,13.35,8.0,38161,Underway,2026-06-06 04:26:43.203853,15.98
TEL-11201,MV Fleet_12,Bulk Carrier,8.41,6.0,13005,Underway,2026-06-06 04:41:43.203853,8.94
TEL-11202,MV Fleet_19,Bulk Carrier,13.46,1.0,34400,Underway,2026-06-06 04:56:43.203853,2.68
TEL-11203,MV Fleet_05,Bulk Carrier,20.85,4.0,21741,Underway,2026-06-06 05:11:43.203853,14.07
TEL-11204,MV Fleet_12,Tanker,22.36,5.0,22565,Underway,2026-06-06 05:26:43.203853,16.82
TEL-11205,MV Fleet_17,Tanker,16.29,7.0,44585,Underway,2026-06-06 05:41:43.203853,14.97
TEL-11206,MV Fleet_17,Bulk Carrier,15.29,8.0,39833,Anchored,2026-06-06 05:56:43.203853,15.05
TEL-11207,MV Fleet_10,Tanker,8.49,9.0,17094,Underway,2026-06-06 06:11:43.203853,16.1
TEL-11208,MV Fleet_17,Tanker,22.07,6.0,36280,Moored,2026-06-06 06:26:43.203853,15.55
TEL-11209,MV Fleet_15,Bulk Carrier,8.21,9.0,49378,Anchored,2026-06-06 06:41:43.203853,14.7
TEL-11210,MV Fleet_12,LNG Carrier,23.12,4.0,24513,Underway,2026-06-06 06:56:43.203853,16.36
TEL-11211,MV Fleet_16,Tanker,15.83,8.0,5154,Anchored,2026-06-06 07:11:43.203853,16.94
TEL-11212,MV Fleet_19,LNG Carrier,13.47,3.0,35262,Underway,2026-06-06 07:26:43.203853,7.76
TEL-11213,MV Fleet_08,Tanker,22.79,4.0,33134,Underway,2026-06-06 07:41:43.203853,13.72
TEL-11214,MV Fleet_17,Tanker,8.39,4.0,47514,Underway,2026-06-06 07:56:43.203853,7.55
TEL-11215,MV Fleet_05,Bulk Carrier,17.3,6.0,13678,Underway,2026-06-06 08:11:43.203853,14.49
TEL-11216,MV Fleet_16,Tanker,16.78,9.0,11294,Underway,2026-06-06 08:26:43.203853,16.64
TEL-11217,MV Fleet_06,Container,11.51,6.0,14574,Underway,2026-06-06 08:41:43.203853,13.36
TEL-11218,MV Fleet_08,Container,14.86,1.0,40183,Anchored,2026-06-06 08:56:43.203853,4.74
TEL-11219,MV Fleet_18,Bulk Carrier,18.44,5.0,6070,Underway,2026-06-06 09:11:43.203853,12.87
TEL-11220,MV Fleet_12,LNG Carrier,19.63,9.0,23638,Underway,2026-06-06 09:26:43.203853,21.03
TEL-11221,MV Fleet_15,LNG Carrier,8.01,5.0,31082,Underway,2026-06-06 09:41:43.203853,8.66
TEL-11222,MV Fleet_09,LNG Carrier,22.99,6.0,21306,Underway,2026-06-06 09:56:43.203853,18.58
TEL-11223,MV Fleet_13,Container,10.63,3.0,47835,Underway,2026-06-06 10:11:43.203853,6.65
TEL-11224,MV Fleet_15,LNG Carrier,11.74,8.0,12807,Moored,2026-06-06 10:26:43.203853,14.78
TEL-11225,MV Fleet_10,LNG Carrier,12.22,4.0,28224,Underway,2026-06-06 10:41:43.203853,9.14
TEL-11226,MV Fleet_16,Bulk Carrier,8.61,4.0,37143,Underway,2026-06-06 10:56:43.203853,8.12
TEL-11227,MV Fleet_07,LNG Carrier,9.97,5.0,29766,Moored,2026-06-06 11:11:43.203853,10.33
TEL-11228,MV Fleet_17,Container,23.78,9.0,29715,Moored,2026-06-06 11:26:43.203853,23.82
TEL-11229,MV Fleet_07,Container,13.04,8.0,12398,Underway,2026-06-06 11:41:43.203853,16.64
TEL-11230,MV Fleet_14,Container,9.84,7.0,17202,Underway,2026-06-06 11:56:43.203853,11.26
TEL-11231,MV Fleet_15,Bulk Carrier,9.71,5.0,32987,Anchored,2026-06-06 12:11:43.203853,11.59
TEL-11232,MV Fleet_07,Bulk Carrier,19.51,9.0,40740,Moored,2026-06-06 12:26:43.203853,17.19
TEL-11233,MV Fleet_09,Tanker,21.67,9.0,16312,Underway,2026-06-06 12:41:43.203853,20.02
TEL-11234,MV Fleet_19,LNG Carrier,12.11,2.0,25354,Underway,2026-06-06 12:56:43.203853,5.57
TEL-11235,MV Fleet_16,Bulk Carrier,8.33,4.0,18627,Underway,2026-06-06 13:11:43.203853,5.72
TEL-11236,MV Fleet_08,Container,11.57,8.0,39113,Underway,2026-06-06 13:26:43.203853,14.99
TEL-11237,MV Fleet_18,Container,8.9,1.0,33758,Moored,2026-06-06 13:41:43.203853,4.25
TEL-11238,MV Fleet_18,Bulk Carrier,9.65,5.0,45409,Underway,2026-06-06 13:56:43.203853,8.32
TEL-11239,MV Fleet_20,Bulk Carrier,14.9,8.0,33486,Moored,2026-06-06 14:11:43.203853,16.64
TEL-11240,MV Fleet_07,Bulk Carrier,11.68,2.0,20099,Underway,2026-06-06 14:26:43.203853,6.87
TEL-11241,MV Fleet_03,Tanker,16.26,2.0,46412,Moored,2026-06-06 14:41:43.203853,4.68
TEL-11242,MV Fleet_18,Container,12.06,8.0,6611,Underway,2026-06-06 14:56:43.203853,15.02
TEL-11243,MV Fleet_10,Tanker,23.05,9.0,36657,Anchored,2026-06-06 15:11:43.203853,22.35
TEL-11244,MV Fleet_07,Tanker,22.5,7.0,23462,Moored,2026-06-06 15:26:43.203853,17.08
TEL-11245,MV Fleet_17,LNG Carrier,17.07,8.0,15773,Underway,2026-06-06 15:41:43.203853,15.18
TEL-11246,MV Fleet_14,Container,13.67,5.0,28763,Underway,2026-06-06 15:56:43.203853,9.88
TEL-11247,MV Fleet_03,Container,14.1,1.0,43547,Underway,2026-06-06 16:11:43.203853,4.81
TEL-11248,MV Fleet_12,Bulk Carrier,14.59,4.0,47218,Underway,2026-06-06 16:26:43.203853,8.68
TEL-11249,MV Fleet_13,Bulk Carrier,19.64,2.0,34063,Anchored,2026-06-06 16:41:43.203853,10.15
TEL-11250,MV Fleet_02,LNG Carrier,15.23,3.0,44918,Underway,2026-06-06 16:56:43.203853,9.24
TEL-11251,MV Fleet_03,Tanker,21.71,3.0,21737,Anchored,2026-06-06 17:11:43.203853,12.55
TEL-11252,MV Fleet_05,Bulk Carrier,23.11,9.0,18861,Underway,2026-06-06 17:26:43.203853,23.71
TEL-11253,MV Fleet_11,Bulk Carrier,13.38,4.0,47523,Underway,2026-06-06 17:41:43.203853,10.26
TEL-11254,MV Fleet_08,Container,16.97,2.0,35284,Underway,2026-06-06 17:56:43.203853,8.35
TEL-11255,MV Fleet_12,Container,9.52,3.0,27428,Underway,2026-06-06 18:11:43.203853,4.51
TEL-11256,MV Fleet_07,Bulk Carrier,11.21,3.0,5711,Underway,2026-06-06 18:26:43.203853,8.67
TEL-11257,MV Fleet_15,Container,14.62,7.0,18706,Moored,2026-06-06 18:41:43.203853,16.22
TEL-11258,MV Fleet_17,LNG Carrier,11.3,8.0,33078,Underway,2026-06-06 18:56:43.203853,13.97
TEL-11259,MV Fleet_04,Bulk Carrier,22.02,6.0,15924,Underway,2026-06-06 19:11:43.203853,15.46
TEL-11260,MV Fleet_13,Container,10.53,4.0,20921,Underway,2026-06-06 19:26:43.203853,9.32
TEL-11261,MV Fleet_18,LNG Carrier,15.29,6.0,30432,Underway,2026-06-06 19:41:43.203853,10.4
TEL-11262,MV Fleet_01,Container,17.69,1.0,22813,Underway,2026-06-06 19:56:43.203853,7.38
TEL-11263,MV Fleet_16,Container,19.07,8.0,44212,Underway,2026-06-06 20:11:43.203853,20.25
TEL-11264,MV Fleet_13,Container,14.13,1.0,48452,Underway,2026-06-06 20:26:43.203853,4.54
TEL-11265,MV Fleet_10,Bulk Carrier,21.91,5.0,8420,Anchored,2026-06-06 20:41:43.203853,15.47
TEL-11266,MV Fleet_12,Tanker,17.09,2.0,7068,Underway,2026-06-06 20:56:43.203853,8.14
TEL-11267,MV Fleet_02,Container,15.03,6.0,44927,Underway,2026-06-06 21:11:43.203853,14.57
TEL-11268,MV Fleet_03,LNG Carrier,9.08,9.0,9806,Moored,2026-06-06 21:26:43.203853,15.36
TEL-11269,MV Fleet_10,Bulk Carrier,15.44,5.0,44612,Underway,2026-06-06 21:41:43.203853,11.18
TEL-11270,MV Fleet_02,Bulk Carrier,21.13,4.0,35539,Anchored,2026-06-06 21:56:43.203853,10.87
TEL-11271,MV Fleet_13,LNG Carrier,17.83,2.0,16683,Underway,2026-06-06 22:11:43.203853,8.5
TEL-11272,MV Fleet_13,Container,21.31,3.0,24615,Underway,2026-06-06 22:26:43.203853,11.65
TEL-11273,MV Fleet_18,Tanker,15.9,6.0,40674,Underway,2026-06-06 22:41:43.203853,10.36
TEL-11274,MV Fleet_03,Container,9.9,8.0,25575,Underway,2026-06-06 22:56:43.203853,12.46
TEL-11275,MV Fleet_07,LNG Carrier,8.22,8.0,24807,Underway,2026-06-06 23:11:43.203853,12.54
TEL-11276,MV Fleet_14,Bulk Carrier,12.85,5.0,25441,Underway,2026-06-06 23:26:43.203853,9.67
TEL-11277,MV Fleet_20,Tanker,19.17,5.0,26578,Underway,2026-06-06 23:41:43.203853,13.52
TEL-11278,MV Fleet_17,Bulk Carrier,20.64,3.0,16117,Underway,2026-06-06 23:56:43.203853,11.21
TEL-11279,MV Fleet_12,LNG Carrier,12.73,7.0,8665,Underway,2026-06-07 00:11:43.203853,13.43
TEL-11280,MV Fleet_16,Container,15.93,6.0,49390,Anchored,2026-06-07 00:26:43.203853,16.81
TEL-11281,MV Fleet_12,Tanker,14.74,1.0,14348,Anchored,2026-06-07 00:41:43.203853,4.71
TEL-11282,MV Fleet_15,Bulk Carrier,14.57,4.0,33783,Underway,2026-06-07 00:56:43.203853,8.5
TEL-11283,MV Fleet_10,Bulk Carrier,11.7,6.0,12882,Moored,2026-06-07 01:11:43.203853,13.97
TEL-11284,MV Fleet_07,Bulk Carrier,10.18,6.0,10289,Underway,2026-06-07 01:26:43.203853,13.26
TEL-11285,MV Fleet_20,Container,11.15,3.0,18910,Underway,2026-06-07 01:41:43.203853,5.29
TEL-11286,MV Fleet_05,Tanker,8.89,6.0,45566,Underway,2026-06-07 01:56:43.203853,12.46
TEL-11287,MV Fleet_01,Container,11.17,6.0,36983,Anchored,2026-06-07 02:11:43.203853,8.65
TEL-11288,MV Fleet_17,Container,8.15,9.0,41176,Anchored,2026-06-07 02:26:43.203853,19.22
TEL-11289,MV Fleet_03,Container,18.04,9.0,22545,Underway,2026-06-07 02:41:43.203853,21.64
TEL-11290,MV Fleet_13,LNG Carrier,13.06,2.0,35289,Underway,2026-06-07 02:56:43.203853,6.95
TEL-11291,MV Fleet_14,LNG Carrier,23.57,4.0,9090,Underway,2026-06-07 03:11:43.203853,15.9
TEL-11292,MV Fleet_18,LNG Carrier,11.1,9.0,48801,Underway,2026-06-07 03:26:43.203853,16.56
TEL-11293,MV Fleet_04,Tanker,13.53,4.0,20362,Underway,2026-06-07 03:41:43.203853,8.36
TEL-11294,MV Fleet_18,Container,13.73,8.0,27074,Underway,2026-06-07 03:56:43.203853,17.23
TEL-11295,MV Fleet_05,Container,8.14,3.0,35835,Underway,2026-06-07 04:11:43.203853,7.95
TEL-11296,MV Fleet_16,LNG Carrier,21.43,3.0,18783,Underway,2026-06-07 04:26:43.203853,10.73
TEL-11297,MV Fleet_01,Container,8.51,9.0,49162,Anchored,2026-06-07 04:41:43.203853,14.98
TEL-11298,MV Fleet_14,Container,23.04,8.0,40749,Underway,2026-06-07 04:56:43.203853,18.43
TEL-11299,MV Fleet_15,Bulk Carrier,22.27,1.0,45833,Underway,2026-06-07 05:11:43.203853,9.25
TEL-11300,MV Fleet_09,Container,16.57,2.0,8554,Underway,2026-06-07 05:26:43.203853,7.33
TEL-11301,MV Fleet_15,Bulk Carrier,16.7,3.0,23773,Moored,2026-06-07 05:41:43.203853,11.17
TEL-11302,MV Fleet_17,Container,18.46,2.0,13158,Underway,2026-06-07 05:56:43.203853,11.09
TEL-11303,MV Fleet_04,Tanker,14.19,3.0,6014,Underway,2026-06-07 06:11:43.203853,6.54
TEL-11304,MV Fleet_12,LNG Carrier,18.36,8.0,35331,Underway,2026-06-07 06:26:43.203853,18.79
TEL-11305,MV Fleet_05,Bulk Carrier,8.72,6.0,47986,Underway,2026-06-07 06:41:43.203853,11.91
TEL-11306,MV Fleet_05,LNG Carrier,8.86,7.0,41481,Underway,2026-06-07 06:56:43.203853,9.51
TEL-11307,MV Fleet_11,Bulk Carrier,15.32,6.0,12585,Underway,2026-06-07 07:11:43.203853,14.59
TEL-11308,MV Fleet_06,Bulk Carrier,16.79,1.0,9122,Underway,2026-06-07 07:26:43.203853,4.12
TEL-11309,MV Fleet_07,Bulk Carrier,22.21,3.0,47660,Underway,2026-06-07 07:41:43.203853,11.52
TEL-11310,MV Fleet_14,Tanker,9.67,1.0,21838,Underway,2026-06-07 07:56:43.203853,2.04
TEL-11311,MV Fleet_11,Container,21.16,9.0,22301,Underway,2026-06-07 08:11:43.203853,18.31
TEL-11312,MV Fleet_13,Bulk Carrier,11.36,9.0,28107,Moored,2026-06-07 08:26:43.203853,17.65
TEL-11313,MV Fleet_02,Tanker,14.31,5.0,27625,Moored,2026-06-07 08:41:43.203853,9.77
TEL-11314,MV Fleet_07,Bulk Carrier,13.07,4.0,42142,Underway,2026-06-07 08:56:43.203853,8.57
TEL-11315,MV Fleet_20,Container,14.4,9.0,5489,Underway,2026-06-07 09:11:43.203853,17.22
TEL-11316,MV Fleet_04,Bulk Carrier,10.41,9.0,5984,Anchored,2026-06-07 09:26:43.203853,16.76
TEL-11317,MV Fleet_08,Tanker,16.06,3.0,22344,Anchored,2026-06-07 09:41:43.203853,7.53
TEL-11318,MV Fleet_20,Container,20.83,5.0,39550,Anchored,2026-06-07 09:56:43.203853,15.21
TEL-11319,MV Fleet_19,Tanker,15.06,3.0,19959,Underway,2026-06-07 10:11:43.203853,8.17
TEL-11320,MV Fleet_13,Container,15.85,2.0,43751,Underway,2026-06-07 10:26:43.203853,5.87
TEL-11321,MV Fleet_14,Container,21.58,1.0,6869,Moored,2026-06-07 10:41:43.203853,10.44
TEL-11322,MV Fleet_10,LNG Carrier,19.3,2.0,49264,Moored,2026-06-07 10:56:43.203853,12.25
TEL-11323,MV Fleet_11,LNG Carrier,15.85,8.0,35268,Underway,2026-06-07 11:11:43.203853,16.69
TEL-11324,MV Fleet_02,LNG Carrier,12.12,8.0,24028,Moored,2026-06-07 11:26:43.203853,13.87
TEL-11325,MV Fleet_09,Container,22.16,3.0,44606,Anchored,2026-06-07 11:41:43.203853,11.15
TEL-11326,MV Fleet_17,Bulk Carrier,17.23,7.0,18550,Underway,2026-06-07 11:56:43.203853,16.76
TEL-11327,MV Fleet_03,Tanker,11.54,7.0,10702,Underway,2026-06-07 12:11:43.203853,13.08
TEL-11328,MV Fleet_06,Tanker,12.31,2.0,18027,Underway,2026-06-07 12:26:43.203853,4.26
TEL-11329,MV Fleet_05,Tanker,20.85,9.0,49628,Underway,2026-06-07 12:41:43.203853,17.95
TEL-11330,MV Fleet_05,LNG Carrier,8.71,3.0,37743,Moored,2026-06-07 12:56:43.203853,6.66
TEL-11331,MV Fleet_15,Container,23.87,2.0,29459,Underway,2026-06-07 13:11:43.203853,9.9
TEL-11332,MV Fleet_17,LNG Carrier,10.09,3.0,27286,Anchored,2026-06-07 13:26:43.203853,5.93
TEL-11333,MV Fleet_09,Bulk Carrier,20.74,2.0,11032,Anchored,2026-06-07 13:41:43.203853,12.37
TEL-11334,MV Fleet_03,Container,14.32,8.0,6825,Underway,2026-06-07 13:56:43.203853,14.44
TEL-11335,MV Fleet_20,Tanker,15.88,5.0,16554,Underway,2026-06-07 14:11:43.203853,13.48
TEL-11336,MV Fleet_17,LNG Carrier,22.09,3.0,17470,Underway,2026-06-07 14:26:43.203853,10.68
TEL-11337,MV Fleet_10,LNG Carrier,14.61,5.0,8770,Underway,2026-06-07 14:41:43.203853,12.63
TEL-11338,MV Fleet_03,Bulk Carrier,16.6,8.0,32268,Underway,2026-06-07 14:56:43.203853,17.61
TEL-11339,MV Fleet_18,Bulk Carrier,8.79,7.0,5029,Underway,2026-06-07 15:11:43.203853,12.84
TEL-11340,MV Fleet_18,LNG Carrier,8.04,6.0,35083,Underway,2026-06-07 15:26:43.203853,9.47
TEL-11341,MV Fleet_17,Bulk Carrier,11.92,1.0,13958,Underway,2026-06-07 15:41:43.203853,5.16
TEL-11342,MV Fleet_03,Tanker,18.89,1.0,13806,Underway,2026-06-07 15:56:43.203853,7.97
TEL-11343,MV Fleet_03,Bulk Carrier,9.94,1.0,37162,Underway,2026-06-07 16:11:43.203853,6.32
TEL-11344,MV Fleet_06,Bulk Carrier,9.82,8.0,14196,Moored,2026-06-07 16:26:43.203853,13.02
TEL-11345,MV Fleet_13,LNG Carrier,14.58,8.0,39889,Underway,2026-06-07 16:41:43.203853,17.73
TEL-11346,MV Fleet_15,LNG Carrier,18.37,7.0,32702,Moored,2026-06-07 16:56:43.203853,14.79
TEL-11347,MV Fleet_09,Container,19.39,6.0,40777,Moored,2026-06-07 17:11:43.203853,14.82
TEL-11348,MV Fleet_04,Container,10.86,4.0,12739,Moored,2026-06-07 17:26:43.203853,7.35
TEL-11349,MV Fleet_14,LNG Carrier,9.27,1.0,29599,Underway,2026-06-07 17:41:43.203853,2.52
TEL-11350,MV Fleet_05,Bulk Carrier,23.05,9.0,41827,Anchored,2026-06-07 17:56:43.203853,21.55
TEL-11351,MV Fleet_02,Bulk Carrier,12.17,1.0,16285,Underway,2026-06-07 18:11:43.203853,6.46
TEL-11352,MV Fleet_11,Container,21.65,4.0,36147,Underway,2026-06-07 18:26:43.203853,14.14
TEL-11353,MV Fleet_09,Container,21.82,3.0,34727,Anchored,2026-06-07 18:41:43.203853,13.9
TEL-11354,MV Fleet_03,Container,20.36,7.0,7910,Underway,2026-06-07 18:56:43.203853,17.24
TEL-11355,MV Fleet_09,Tanker,10.7,5.0,19674,Moored,2026-06-07 19:11:43.203853,11.67
TEL-11356,MV Fleet_03,Tanker,21.15,5.0,23354,Underway,2026-06-07 19:26:43.203853,15.0
TEL-11357,MV Fleet_02,Container,20.31,4.0,35676,Underway,2026-06-07 19:41:43.203853,11.5
TEL-11358,MV Fleet_12,Bulk Carrier,17.55,1.0,31114,Underway,2026-06-07 19:56:43.203853,8.3
TEL-11359,MV Fleet_10,Container,13.4,5.0,28039,Underway,2026-06-07 20:11:43.203853,13.02
TEL-11360,MV Fleet_09,Tanker,12.2,4.0,49929,Underway,2026-06-07 20:26:43.203853,9.77
TEL-11361,MV Fleet_15,Bulk Carrier,9.95,8.0,36831,Underway,2026-06-07 20:41:43.203853,15.23
TEL-11362,MV Fleet_08,Tanker,16.16,2.0,48884,Underway,2026-06-07 20:56:43.203853,9.45
TEL-11363,MV Fleet_05,Bulk Carrier,17.36,8.0,30146,Underway,2026-06-07 21:11:43.203853,16.72
TEL-11364,MV Fleet_11,Tanker,13.75,1.0,22626,Underway,2026-06-07 21:26:43.203853,3.87
TEL-11365,MV Fleet_02,Bulk Carrier,15.61,4.0,22096,Underway,2026-06-07 21:41:43.203853,10.82
TEL-11366,MV Fleet_15,Bulk Carrier,13.82,3.0,36308,Underway,2026-06-07 21:56:43.203853,10.56
TEL-11367,MV Fleet_06,Bulk Carrier,18.26,5.0,18054,Underway,2026-06-07 22:11:43.203853,13.53
TEL-11368,MV Fleet_08,Bulk Carrier,22.42,5.0,19070,Underway,2026-06-07 22:26:43.203853,16.35
TEL-11369,MV Fleet_05,LNG Carrier,10.62,5.0,47253,Underway,2026-06-07 22:41:43.203853,9.83
TEL-11370,MV Fleet_16,Tanker,14.1,4.0,31250,Underway,2026-06-07 22:56:43.203853,10.04
TEL-11371,MV Fleet_18,Tanker,10.25,8.0,19413,Underway,2026-06-07 23:11:43.203853,13.3
TEL-11372,MV Fleet_06,LNG Carrier,18.0,3.0,16855,Underway,2026-06-07 23:26:43.203853,10.77
TEL-11373,MV Fleet_05,Bulk Carrier,19.66,4.0,43921,Underway,2026-06-07 23:41:43.203853,13.64
TEL-11374,MV Fleet_16,Bulk Carrier,22.91,1.0,10587,Underway,2026-06-07 23:56:43.203853,7.45
TEL-11375,MV Fleet_13,Tanker,12.46,7.0,13827,Underway,2026-06-08 00:11:43.203853,11.16
TEL-11376,MV Fleet_05,LNG Carrier,23.2,1.0,30785,Underway,2026-06-08 00:26:43.203853,7.25
TEL-11377,MV Fleet_13,Bulk Carrier,9.01,2.0,36864,Underway,2026-06-08 00:41:43.203853,6.89
TEL-11378,MV Fleet_17,Bulk Carrier,17.65,7.0,36311,Underway,2026-06-08 00:56:43.203853,14.38
TEL-11379,MV Fleet_18,Bulk Carrier,8.91,1.0,11861,Underway,2026-06-08 01:11:43.203853,3.68
TEL-11380,MV Fleet_08,Container,22.3,3.0,15804,Underway,2026-06-08 01:26:43.203853,15.02
TEL-11381,MV Fleet_13,LNG Carrier,16.48,6.0,18979,Anchored,2026-06-08 01:41:43.203853,14.19
TEL-11382,MV Fleet_19,Bulk Carrier,18.71,6.0,6297,Underway,2026-06-08 01:56:43.203853,15.59
TEL-11383,MV Fleet_03,Container,21.31,6.0,5357,Underway,2026-06-08 02:11:43.203853,14.99
TEL-11384,MV Fleet_08,LNG Carrier,10.4,2.0,21624,Anchored,2026-06-08 02:26:43.203853,5.64
TEL-11385,MV Fleet_02,Bulk Carrier,8.62,2.0,15796,Underway,2026-06-08 02:41:43.203853,3.06
TEL-11386,MV Fleet_08,Tanker,22.06,6.0,28238,Moored,2026-06-08 02:56:43.203853,13.84
TEL-11387,MV Fleet_13,Container,13.04,5.0,33640,Underway,2026-06-08 03:11:43.203853,10.73
TEL-11388,MV Fleet_13,Container,10.06,7.0,45883,Moored,2026-06-08 03:26:43.203853,13.01
TEL-11389,MV Fleet_01,Bulk Carrier,15.5,7.0,36857,Underway,2026-06-08 03:41:43.203853,13.93
TEL-11390,MV Fleet_06,Bulk Carrier,17.57,5.0,24942,Underway,2026-06-08 03:56:43.203853,11.61
TEL-11391,MV Fleet_19,Container,8.5,8.0,8860,Underway,2026-06-08 04:11:43.203853,13.2
TEL-11392,MV Fleet_16,Tanker,12.4,6.0,9447,Moored,2026-06-08 04:26:43.203853,10.8
TEL-11393,MV Fleet_08,Tanker,8.52,5.0,25523,Underway,2026-06-08 04:41:43.203853,10.14
TEL-11394,MV Fleet_01,LNG Carrier,14.73,4.0,39735,Anchored,2026-06-08 04:56:43.203853,10.54
TEL-11395,MV Fleet_16,Bulk Carrier,22.32,7.0,44347,Underway,2026-06-08 05:11:43.203853,20.79
TEL-11396,MV Fleet_09,Tanker,23.72,4.0,9849,Underway,2026-06-08 05:26:43.203853,14.17
TEL-11397,MV Fleet_13,LNG Carrier,18.19,5.0,29718,Underway,2026-06-08 05:41:43.203853,13.15
TEL-11398,MV Fleet_11,Tanker,10.59,5.0,44935,Underway,2026-06-08 05:56:43.203853,9.97
TEL-11399,MV Fleet_13,Bulk Carrier,22.49,1.0,27326,Underway,2026-06-08 06:11:43.203853,8.89
TEL-11400,MV Fleet_10,LNG Carrier,16.26,1.0,12466,Anchored,2026-06-08 06:26:43.203853,3.11
TEL-11401,MV Fleet_04,LNG Carrier,10.46,3.0,27789,Moored,2026-06-08 06:41:43.203853,7.33
TEL-11402,MV Fleet_06,LNG Carrier,22.75,3.0,32135,Underway,2026-06-08 06:56:43.203853,16.11
TEL-11403,MV Fleet_07,Tanker,20.12,2.0,35262,Moored,2026-06-08 07:11:43.203853,11.08
TEL-11404,MV Fleet_05,Bulk Carrier,19.71,2.0,29435,Underway,2026-06-08 07:26:43.203853,12.29
TEL-11405,MV Fleet_11,LNG Carrier,19.35,6.0,39787,Underway,2026-06-08 07:41:43.203853,16.5
TEL-11406,MV Fleet_13,Container,11.21,1.0,43942,Anchored,2026-06-08 07:56:43.203853,3.71
TEL-11407,MV Fleet_19,Bulk Carrier,11.38,6.0,20689,Anchored,2026-06-08 08:11:43.203853,12.4
TEL-11408,MV Fleet_10,Container,19.01,5.0,44860,Underway,2026-06-08 08:26:43.203853,15.08
TEL-11409,MV Fleet_10,Container,11.52,6.0,48273,Underway,2026-06-08 08:41:43.203853,9.15
TEL-11410,MV Fleet_11,LNG Carrier,15.02,5.0,7355,Anchored,2026-06-08 08:56:43.203853,12.17
TEL-11411,MV Fleet_07,LNG Carrier,20.51,7.0,36928,Underway,2026-06-08 09:11:43.203853,17.15
TEL-11412,MV Fleet_18,Tanker,20.54,1.0,5333,Underway,2026-06-08 09:26:43.203853,10.53
TEL-11413,MV Fleet_04,Tanker,15.25,3.0,40330,Underway,2026-06-08 09:41:43.203853,9.17
TEL-11414,MV Fleet_02,Tanker,20.68,6.0,19776,Moored,2026-06-08 09:56:43.203853,12.2
TEL-11415,MV Fleet_14,Bulk Carrier,21.42,1.0,32014,Anchored,2026-06-08 10:11:43.203853,9.48
TEL-11416,MV Fleet_13,Tanker,18.48,7.0,39563,Anchored,2026-06-08 10:26:43.203853,13.1
TEL-11417,MV Fleet_12,Container,11.65,4.0,20270,Underway,2026-06-08 10:41:43.203853,10.51
TEL-11418,MV Fleet_07,Tanker,12.38,3.0,36279,Underway,2026-06-08 10:56:43.203853,6.23
TEL-11419,MV Fleet_02,LNG Carrier,13.04,9.0,38021,Underway,2026-06-08 11:11:43.203853,14.95
TEL-11420,MV Fleet_13,Tanker,9.87,1.0,8657,Moored,2026-06-08 11:26:43.203853,2.3
TEL-11421,MV Fleet_14,Bulk Carrier,12.37,8.0,28886,Underway,2026-06-08 11:41:43.203853,13.54
TEL-11422,MV Fleet_17,Bulk Carrier,11.35,1.0,47383,Underway,2026-06-08 11:56:43.203853,3.75
TEL-11423,MV Fleet_09,Container,15.29,5.0,8237,Anchored,2026-06-08 12:11:43.203853,10.34
TEL-11424,MV Fleet_17,Bulk Carrier,22.54,8.0,41099,Underway,2026-06-08 12:26:43.203853,19.53
TEL-11425,MV Fleet_08,Tanker,9.67,6.0,6027,Moored,2026-06-08 12:41:43.203853,8.58
TEL-11426,MV Fleet_02,LNG Carrier,19.52,7.0,19199,Underway,2026-06-08 12:56:43.203853,16.37
TEL-11427,MV Fleet_13,Bulk Carrier,19.0,8.0,49954,Underway,2026-06-08 13:11:43.203853,20.1
TEL-11428,MV Fleet_03,Container,9.53,6.0,18781,Underway,2026-06-08 13:26:43.203853,10.17
TEL-11429,MV Fleet_16,Tanker,22.76,6.0,20120,Anchored,2026-06-08 13:41:43.203853,18.05
TEL-11430,MV Fleet_06,Container,17.1,6.0,29289,Anchored,2026-06-08 13:56:43.203853,12.11
TEL-11431,MV Fleet_19,Bulk Carrier,13.82,5.0,10983,Underway,2026-06-08 14:11:43.203853,11.84
TEL-11432,MV Fleet_07,Bulk Carrier,20.1,8.0,6093,Underway,2026-06-08 14:26:43.203853,20.28
TEL-11433,MV Fleet_10,Container,12.12,2.0,9789,Moored,2026-06-08 14:41:43.203853,7.92
TEL-11434,MV Fleet_09,Tanker,19.1,7.0,7912,Underway,2026-06-08 14:56:43.203853,16.82
TEL-11435,MV Fleet_02,Bulk Carrier,8.64,4.0,26873,Underway,2026-06-08 15:11:43.203853,8.57
TEL-11436,MV Fleet_15,LNG Carrier,21.43,1.0,19332,Underway,2026-06-08 15:26:43.203853,6.9
TEL-11437,MV Fleet_05,Bulk Carrier,15.17,5.0,21564,Anchored,2026-06-08 15:41:43.203853,11.0
TEL-11438,MV Fleet_04,Tanker,18.19,3.0,17259,Underway,2026-06-08 15:56:43.203853,8.84
TEL-11439,MV Fleet_20,Bulk Carrier,11.54,4.0,47180,Underway,2026-06-08 16:11:43.203853,9.05
TEL-11440,MV Fleet_04,Container,18.83,7.0,25526,Moored,2026-06-08 16:26:43.203853,15.59
TEL-11441,MV Fleet_18,Bulk Carrier,20.36,5.0,26113,Underway,2026-06-08 16:41:43.203853,15.24
TEL-11442,MV Fleet_04,Bulk Carrier,15.57,4.0,21006,Underway,2026-06-08 16:56:43.203853,13.96
TEL-11443,MV Fleet_17,Tanker,17.88,1.0,26643,Underway,2026-06-08 17:11:43.203853,7.82
TEL-11444,MV Fleet_12,Container,15.3,6.0,29413,Moored,2026-06-08 17:26:43.203853,15.25
TEL-11445,MV Fleet_17,Tanker,22.31,6.0,47523,Underway,2026-06-08 17:41:43.203853,15.07
TEL-11446,MV Fleet_10,Bulk Carrier,15.97,7.0,35122,Underway,2026-06-08 17:56:43.203853,14.82
TEL-11447,MV Fleet_01,LNG Carrier,21.47,1.0,9684,Underway,2026-06-08 18:11:43.203853,9.17
TEL-11448,MV Fleet_18,Bulk Carrier,20.82,4.0,12854,Underway,2026-06-08 18:26:43.203853,13.07
TEL-11449,MV Fleet_18,Tanker,14.57,9.0,27357,Moored,2026-06-08 18:41:43.203853,20.07
TEL-11450,MV Fleet_14,LNG Carrier,11.68,6.0,44185,Underway,2026-06-08 18:56:43.203853,10.49
TEL-11451,MV Fleet_15,Tanker,14.5,2.0,22946,Underway,2026-06-08 19:11:43.203853,7.26
TEL-11452,MV Fleet_12,Tanker,21.22,4.0,18127,Underway,2026-06-08 19:26:43.203853,9.56
TEL-11453,MV Fleet_04,Container,11.64,6.0,48466,Underway,2026-06-08 19:41:43.203853,12.23
TEL-11454,MV Fleet_03,LNG Carrier,16.39,4.0,34404,Anchored,2026-06-08 19:56:43.203853,11.4
TEL-11455,MV Fleet_20,Bulk Carrier,20.9,7.0,27888,Underway,2026-06-08 20:11:43.203853,17.44
TEL-11456,MV Fleet_12,Tanker,13.66,3.0,22401,Underway,2026-06-08 20:26:43.203853,8.5
TEL-11457,MV Fleet_07,Bulk Carrier,18.28,6.0,20428,Anchored,2026-06-08 20:41:43.203853,13.74
TEL-11458,MV Fleet_11,Container,11.93,4.0,41422,Underway,2026-06-08 20:56:43.203853,6.87
TEL-11459,MV Fleet_01,Container,9.75,3.0,46717,Underway,2026-06-08 21:11:43.203853,4.94
TEL-11460,MV Fleet_06,LNG Carrier,20.71,3.0,16971,Moored,2026-06-08 21:26:43.203853,10.13
TEL-11461,MV Fleet_15,Container,9.58,2.0,27482,Underway,2026-06-08 21:41:43.203853,2.93
TEL-11462,MV Fleet_15,Container,12.34,3.0,24968,Underway,2026-06-08 21:56:43.203853,5.37
TEL-11463,MV Fleet_19,Bulk Carrier,21.68,1.0,21565,Anchored,2026-06-08 22:11:43.203853,7.73
TEL-11464,MV Fleet_11,Container,13.54,3.0,11829,Moored,2026-06-08 22:26:43.203853,7.32
TEL-11465,MV Fleet_02,Container,23.57,9.0,15487,Underway,2026-06-08 22:41:43.203853,22.31
TEL-11466,MV Fleet_14,Tanker,23.68,4.0,40435,Underway,2026-06-08 22:56:43.203853,12.84
TEL-11467,MV Fleet_02,Container,12.29,3.0,37625,Anchored,2026-06-08 23:11:43.203853,5.95
TEL-11468,MV Fleet_04,Tanker,8.66,8.0,47759,Underway,2026-06-08 23:26:43.203853,12.65
TEL-11469,MV Fleet_17,Container,19.28,1.0,21287,Underway,2026-06-08 23:41:43.203853,8.28
TEL-11470,MV Fleet_03,Container,15.22,5.0,43941,Moored,2026-06-08 23:56:43.203853,9.8
TEL-11471,MV Fleet_13,LNG Carrier,9.61,1.0,47459,Underway,2026-06-09 00:11:43.203853,2.6
TEL-11472,MV Fleet_09,LNG Carrier,19.32,7.0,18663,Underway,2026-06-09 00:26:43.203853,18.1
TEL-11473,MV Fleet_07,Tanker,8.5,5.0,14176,Underway,2026-06-09 00:41:43.203853,7.83
TEL-11474,MV Fleet_15,Container,21.92,2.0,20072,Underway,2026-06-09 00:56:43.203853,8.74
TEL-11475,MV Fleet_11,Bulk Carrier,10.22,1.0,10516,Underway,2026-06-09 01:11:43.203853,3.45
TEL-11476,MV Fleet_20,LNG Carrier,10.04,7.0,36832,Underway,2026-06-09 01:26:43.203853,11.27
TEL-11477,MV Fleet_02,Bulk Carrier,10.81,1.0,24689,Anchored,2026-06-09 01:41:43.203853,0.5
TEL-11478,MV Fleet_15,LNG Carrier,23.36,3.0,23599,Anchored,2026-06-09 01:56:43.203853,13.28
TEL-11479,MV Fleet_14,LNG Carrier,19.09,6.0,21509,Underway,2026-06-09 02:11:43.203853,16.32
TEL-11480,MV Fleet_20,Container,20.82,6.0,40388,Underway,2026-06-09 02:26:43.203853,15.94
TEL-11481,MV Fleet_11,LNG Carrier,14.36,7.0,14200,Underway,2026-06-09 02:41:43.203853,15.77
TEL-11482,MV Fleet_03,Bulk Carrier,13.38,1.0,30789,Underway,2026-06-09 02:56:43.203853,5.75
TEL-11483,MV Fleet_17,LNG Carrier,11.75,7.0,16896,Underway,2026-06-09 03:11:43.203853,11.85
TEL-11484,MV Fleet_12,Tanker,15.69,2.0,26931,Anchored,2026-06-09 03:26:43.203853,10.39
TEL-11485,MV Fleet_15,Container,16.83,6.0,28087,Underway,2026-06-09 03:41:43.203853,14.34
TEL-11486,MV Fleet_16,Container,18.11,8.0,28753,Underway,2026-06-09 03:56:43.203853,18.14
TEL-11487,MV Fleet_05,Tanker,12.11,5.0,38464,Moored,2026-06-09 04:11:43.203853,8.79
TEL-11488,MV Fleet_20,Tanker,23.18,3.0,7270,Underway,2026-06-09 04:26:43.203853,10.55
TEL-11489,MV Fleet_06,Tanker,10.72,8.0,31091,Underway,2026-06-09 04:41:43.203853,12.63
TEL-11490,MV Fleet_19,LNG Carrier,23.45,8.0,46994,Underway,2026-06-09 04:56:43.203853,21.92
TEL-11491,MV Fleet_05,Container,8.24,4.0,21060,Underway,2026-06-09 05:11:43.203853,10.01
TEL-11492,MV Fleet_03,Tanker,15.7,8.0,47495,Underway,2026-06-09 05:26:43.203853,16.75
TEL-11493,MV Fleet_01,LNG Carrier,13.33,5.0,46773,Underway,2026-06-09 05:41:43.203853,10.91
TEL-11494,MV Fleet_06,Tanker,15.19,5.0,30587,Underway,2026-06-09 05:56:43.203853,13.03
TEL-11495,MV Fleet_15,Bulk Carrier,17.13,3.0,34729,Underway,2026-06-09 06:11:43.203853,11.58
TEL-11496,MV Fleet_02,Bulk Carrier,14.97,7.0,30594,Moored,2026-06-09 06:26:43.203853,12.3
TEL-11497,MV Fleet_03,Container,14.64,9.0,19816,Underway,2026-06-09 06:41:43.203853,19.77
TEL-11498,MV Fleet_17,LNG Carrier,19.72,9.0,44485,Underway,2026-06-09 06:56:43.203853,19.29
TEL-11499,MV Fleet_12,Bulk Carrier,18.97,1.0,26304,Underway,2026-06-09 07:11:43.203853,9.08
TEL-11500,MV Fleet_18,Bulk Carrier,21.33,1.0,33386,Underway,2026-06-09 07:26:43.203853,7.17
TEL-11501,MV Fleet_15,LNG Carrier,12.0,,6116,Underway,2026-06-09 07:41:43.203853,11.78
TEL-11502,MV Fleet_12,Tanker,17.75,1.0,34299,Underway,2026-06-09 07:56:43.203853,4.67
TEL-11503,MV Fleet_16,LNG Carrier,17.36,4.0,37587,Anchored,2026-06-09 08:11:43.203853,12.8
TEL-11504,MV Fleet_08,Tanker,13.92,1.0,22540,Underway,2026-06-09 08:26:43.203853,5.98
TEL-11505,MV Fleet_14,Bulk Carrier,15.78,2.0,38756,Underway,2026-06-09 08:41:43.203853,5.0
TEL-11506,MV Fleet_17,Bulk Carrier,13.02,2.0,48426,Underway,2026-06-09 08:56:43.203853,8.05
TEL-11507,MV Fleet_08,Bulk Carrier,10.27,4.0,10587,Underway,2026-06-09 09:11:43.203853,6.63
TEL-11508,MV Fleet_15,Container,11.42,8.0,23212,Underway,2026-06-09 09:26:43.203853,16.23
TEL-11509,MV Fleet_14,Container,9.69,2.0,20803,Underway,2026-06-09 09:41:43.203853,5.12
TEL-11510,MV Fleet_18,Container,18.93,9.0,29256,Underway,2026-06-09 09:56:43.203853,17.56
TEL-11511,MV Fleet_20,LNG Carrier,18.57,9.0,15269,Underway,2026-06-09 10:11:43.203853,17.72
TEL-11512,MV Fleet_07,Bulk Carrier,23.21,2.0,11088,Underway,2026-06-09 10:26:43.203853,17.24
TEL-11513,MV Fleet_03,Bulk Carrier,19.67,1.0,40113,Moored,2026-06-09 10:41:43.203853,11.29
TEL-11514,MV Fleet_12,LNG Carrier,8.83,9.0,47044,Underway,2026-06-09 10:56:43.203853,14.81
TEL-11515,MV Fleet_03,Container,22.15,2.0,32081,Underway,2026-06-09 11:11:43.203853,11.39
TEL-11516,MV Fleet_20,LNG Carrier,21.8,8.0,15543,Underway,2026-06-09 11:26:43.203853,21.35
TEL-11517,MV Fleet_14,Container,15.09,3.0,8005,Underway,2026-06-09 11:41:43.203853,6.6
TEL-11518,MV Fleet_15,Bulk Carrier,17.37,1.0,42203,Anchored,2026-06-09 11:56:43.203853,7.66
TEL-11519,MV Fleet_14,Tanker,23.62,1.0,21220,Underway,2026-06-09 12:11:43.203853,11.62
TEL-11520,MV Fleet_07,Container,16.52,2.0,48455,Anchored,2026-06-09 12:26:43.203853,8.25
TEL-11521,MV Fleet_17,Bulk Carrier,22.49,7.0,37696,Underway,2026-06-09 12:41:43.203853,20.54
TEL-11522,MV Fleet_12,Bulk Carrier,9.33,6.0,19147,Anchored,2026-06-09 12:56:43.203853,11.01
TEL-11523,MV Fleet_20,Tanker,11.06,2.0,44396,Underway,2026-06-09 13:11:43.203853,7.04
TEL-11524,MV Fleet_04,Bulk Carrier,15.05,4.0,5076,Underway,2026-06-09 13:26:43.203853,10.37
TEL-11525,MV Fleet_09,Bulk Carrier,17.36,2.0,43520,Underway,2026-06-09 13:41:43.203853,5.82
TEL-11526,MV Fleet_06,Container,21.06,1.0,23946,Underway,2026-06-09 13:56:43.203853,10.02
TEL-11527,MV Fleet_16,Container,23.81,3.0,22956,Underway,2026-06-09 14:11:43.203853,15.21
TEL-11528,MV Fleet_02,Tanker,14.22,4.0,28471,Underway,2026-06-09 14:26:43.203853,9.42
TEL-11529,MV Fleet_08,Tanker,8.76,5.0,43738,Underway,2026-06-09 14:41:43.203853,7.09
TEL-11530,MV Fleet_11,Bulk Carrier,20.82,5.0,45720,Underway,2026-06-09 14:56:43.203853,15.78
TEL-11531,MV Fleet_13,Container,17.67,7.0,34137,Underway,2026-06-09 15:11:43.203853,16.25
TEL-11532,MV Fleet_17,Tanker,11.18,8.0,29440,Underway,2026-06-09 15:26:43.203853,14.87
TEL-11533,MV Fleet_08,Tanker,15.92,9.0,16862,Underway,2026-06-09 15:41:43.203853,18.2
TEL-11534,MV Fleet_18,LNG Carrier,19.88,7.0,40879,Underway,2026-06-09 15:56:43.203853,18.46
TEL-11535,MV Fleet_18,Tanker,20.33,5.0,7737,Underway,2026-06-09 16:11:43.203853,14.63
TEL-11536,MV Fleet_14,Bulk Carrier,15.99,9.0,47312,Underway,2026-06-09 16:26:43.203853,17.24
TEL-11537,MV Fleet_15,Container,12.88,8.0,26788,Anchored,2026-06-09 16:41:43.203853,12.66
TEL-11538,MV Fleet_06,Tanker,23.58,9.0,30522,Underway,2026-06-09 16:56:43.203853,21.43
TEL-11539,MV Fleet_11,LNG Carrier,18.61,8.0,9649,Underway,2026-06-09 17:11:43.203853,19.13
TEL-11540,MV Fleet_13,Container,14.53,6.0,8868,Underway,2026-06-09 17:26:43.203853,12.28
TEL-11541,MV Fleet_01,Tanker,12.49,4.0,12824,Underway,2026-06-09 17:41:43.203853,10.29
TEL-11542,MV Fleet_06,LNG Carrier,19.7,9.0,12799,Underway,2026-06-09 17:56:43.203853,17.73
TEL-11543,MV Fleet_09,Tanker,11.87,9.0,24870,Underway,2026-06-09 18:11:43.203853,14.67
TEL-11544,MV Fleet_08,Container,10.75,9.0,22386,Underway,2026-06-09 18:26:43.203853,14.16
TEL-11545,MV Fleet_11,Container,16.48,3.0,13614,Underway,2026-06-09 18:41:43.203853,9.39
TEL-11546,MV Fleet_19,Container,12.64,3.0,30147,Underway,2026-06-09 18:56:43.203853,10.17
TEL-11547,MV Fleet_09,Bulk Carrier,18.06,6.0,16101,Underway,2026-06-09 19:11:43.203853,17.84
TEL-11548,MV Fleet_17,Tanker,9.89,6.0,45674,Underway,2026-06-09 19:26:43.203853,12.55
TEL-11549,MV Fleet_12,Bulk Carrier,18.48,6.0,43127,Underway,2026-06-09 19:41:43.203853,11.76
TEL-11550,MV Fleet_14,Container,12.53,5.0,25914,Underway,2026-06-09 19:56:43.203853,9.31
TEL-11551,MV Fleet_15,LNG Carrier,8.0,5.0,14615,Anchored,2026-06-09 20:11:43.203853,4.31
TEL-11552,MV Fleet_16,Tanker,10.03,2.0,28053,Anchored,2026-06-09 20:26:43.203853,5.26
TEL-11553,MV Fleet_20,Bulk Carrier,22.94,7.0,39521,Underway,2026-06-09 20:41:43.203853,21.16
TEL-11554,MV Fleet_01,Tanker,21.88,4.0,18481,Underway,2026-06-09 20:56:43.203853,14.81
TEL-11555,MV Fleet_10,LNG Carrier,11.74,3.0,48882,Underway,2026-06-09 21:11:43.203853,4.49
TEL-11556,MV Fleet_08,Bulk Carrier,20.45,8.0,15495,Underway,2026-06-09 21:26:43.203853,20.85
TEL-11557,MV Fleet_18,Container,17.74,4.0,31282,Moored,2026-06-09 21:41:43.203853,13.12
TEL-11558,MV Fleet_01,Bulk Carrier,23.53,4.0,5146,Underway,2026-06-09 21:56:43.203853,16.9
TEL-11559,MV Fleet_02,Tanker,13.98,8.0,45275,Anchored,2026-06-09 22:11:43.203853,17.21
TEL-11560,MV Fleet_01,Tanker,18.9,1.0,20977,Underway,2026-06-09 22:26:43.203853,6.63
TEL-11561,MV Fleet_01,Tanker,9.02,9.0,46565,Anchored,2026-06-09 22:41:43.203853,12.4
TEL-11562,MV Fleet_09,Tanker,14.34,7.0,46534,Underway,2026-06-09 22:56:43.203853,15.96
TEL-11563,MV Fleet_13,Container,23.42,2.0,38945,Underway,2026-06-09 23:11:43.203853,12.68
TEL-11564,MV Fleet_01,Bulk Carrier,16.62,6.0,49286,Underway,2026-06-09 23:26:43.203853,10.8
TEL-11565,MV Fleet_13,Container,12.61,8.0,41190,Anchored,2026-06-09 23:41:43.203853,13.53
TEL-11566,MV Fleet_20,Container,9.92,5.0,7594,Underway,2026-06-09 23:56:43.203853,8.07
TEL-11567,MV Fleet_07,Container,19.26,6.0,16074,Moored,2026-06-10 00:11:43.203853,16.2
TEL-11568,MV Fleet_02,Tanker,18.32,8.0,32431,Underway,2026-06-10 00:26:43.203853,17.59
TEL-11569,MV Fleet_06,Tanker,13.98,6.0,22148,Underway,2026-06-10 00:41:43.203853,12.15
TEL-11570,MV Fleet_07,Tanker,23.22,9.0,27661,Moored,2026-06-10 00:56:43.203853,21.27
TEL-11571,MV Fleet_14,Bulk Carrier,8.36,9.0,32571,Anchored,2026-06-10 01:11:43.203853,13.29
TEL-11572,MV Fleet_18,LNG Carrier,12.86,9.0,49160,Anchored,2026-06-10 01:26:43.203853,18.02
TEL-11573,MV Fleet_15,Tanker,22.74,6.0,5435,Underway,2026-06-10 01:41:43.203853,16.01
TEL-11574,MV Fleet_02,Bulk Carrier,13.13,9.0,41119,Moored,2026-06-10 01:56:43.203853,18.43
TEL-11575,MV Fleet_10,Tanker,12.04,3.0,48937,Underway,2026-06-10 02:11:43.203853,5.16
TEL-11576,MV Fleet_12,Tanker,16.55,5.0,21518,Underway,2026-06-10 02:26:43.203853,11.48
TEL-11577,MV Fleet_17,Container,21.18,2.0,33490,Moored,2026-06-10 02:41:43.203853,13.13
TEL-11578,MV Fleet_08,Container,9.65,8.0,26002,Underway,2026-06-10 02:56:43.203853,14.24
TEL-11579,MV Fleet_11,Container,23.09,4.0,46763,Underway,2026-06-10 03:11:43.203853,13.58
TEL-11580,MV Fleet_03,Bulk Carrier,20.72,6.0,7366,Underway,2026-06-10 03:26:43.203853,14.97
TEL-11581,MV Fleet_06,LNG Carrier,10.9,6.0,17367,Underway,2026-06-10 03:41:43.203853,10.02
TEL-11582,MV Fleet_09,LNG Carrier,19.39,5.0,16454,Underway,2026-06-10 03:56:43.203853,14.36
TEL-11583,MV Fleet_06,Bulk Carrier,14.16,1.0,14668,Underway,2026-06-10 04:11:43.203853,6.47
TEL-11584,MV Fleet_09,Tanker,14.44,7.0,8415,Underway,2026-06-10 04:26:43.203853,14.62
TEL-11585,MV Fleet_07,Bulk Carrier,20.53,8.0,36773,Underway,2026-06-10 04:41:43.203853,18.72
TEL-11586,MV Fleet_09,Tanker,23.4,1.0,15232,Underway,2026-06-10 04:56:43.203853,10.91
TEL-11587,MV Fleet_18,Bulk Carrier,10.03,7.0,34039,Underway,2026-06-10 05:11:43.203853,10.41
TEL-11588,MV Fleet_12,Bulk Carrier,14.73,4.0,30568,Underway,2026-06-10 05:26:43.203853,10.44
TEL-11589,MV Fleet_08,Bulk Carrier,15.7,6.0,42459,Underway,2026-06-10 05:41:43.203853,13.97
TEL-11590,MV Fleet_08,LNG Carrier,14.02,9.0,12669,Anchored,2026-06-10 05:56:43.203853,17.46
TEL-11591,MV Fleet_18,Container,13.81,5.0,29213,Anchored,2026-06-10 06:11:43.203853,10.14
TEL-11592,MV Fleet_20,Bulk Carrier,8.84,8.0,23280,Underway,2026-06-10 06:26:43.203853,12.46
TEL-11593,MV Fleet_15,LNG Carrier,18.97,5.0,24449,Underway,2026-06-10 06:41:43.203853,11.5
TEL-11594,MV Fleet_07,Container,14.98,2.0,40516,Underway,2026-06-10 06:56:43.203853,9.19
TEL-11595,MV Fleet_11,Container,11.12,4.0,28076,Underway,2026-06-10 07:11:43.203853,8.32
TEL-11596,MV Fleet_20,Bulk Carrier,21.06,2.0,7661,Moored,2026-06-10 07:26:43.203853,9.48
TEL-11597,MV Fleet_16,Tanker,20.84,7.0,28333,Underway,2026-06-10 07:41:43.203853,16.7
TEL-11598,MV Fleet_04,Tanker,15.78,7.0,27759,Underway,2026-06-10 07:56:43.203853,13.42
TEL-11599,MV Fleet_06,Tanker,12.78,3.0,49367,Underway,2026-06-10 08:11:43.203853,6.74
TEL-11600,MV Fleet_03,Bulk Carrier,18.21,,43875,Moored,2026-06-10 08:26:43.203853,17.87
TEL-11601,MV Fleet_09,Tanker,12.61,1.0,17698,Underway,2026-06-10 08:41:43.203853,5.35
TEL-11602,MV Fleet_10,LNG Carrier,11.78,1.0,35964,Underway,2026-06-10 08:56:43.203853,5.39
TEL-11603,MV Fleet_14,LNG Carrier,19.69,9.0,36408,Underway,2026-06-10 09:11:43.203853,21.28
TEL-11604,MV Fleet_11,LNG Carrier,8.65,6.0,27885,Underway,2026-06-10 09:26:43.203853,13.87
TEL-11605,MV Fleet_18,LNG Carrier,9.52,5.0,18309,Anchored,2026-06-10 09:41:43.203853,9.39
TEL-11606,MV Fleet_12,Container,8.11,6.0,40429,Underway,2026-06-10 09:56:43.203853,9.76
TEL-11607,MV Fleet_12,LNG Carrier,10.45,6.0,20133,Underway,2026-06-10 10:11:43.203853,11.82
TEL-11608,MV Fleet_13,Tanker,9.1,1.0,13210,Underway,2026-06-10 10:26:43.203853,4.18
TEL-11609,MV Fleet_13,Bulk Carrier,23.93,5.0,41126,Underway,2026-06-10 10:41:43.203853,16.29
TEL-11610,MV Fleet_19,Tanker,12.62,9.0,38043,Underway,2026-06-10 10:56:43.203853,15.14
TEL-11611,MV Fleet_19,LNG Carrier,10.39,4.0,9078,Underway,2026-06-10 11:11:43.203853,8.42
TEL-11612,MV Fleet_14,Container,11.86,3.0,16137,Underway,2026-06-10 11:26:43.203853,8.0
TEL-11613,MV Fleet_04,LNG Carrier,22.98,1.0,34350,Underway,2026-06-10 11:41:43.203853,10.27
TEL-11614,MV Fleet_13,Bulk Carrier,16.32,2.0,9698,Underway,2026-06-10 11:56:43.203853,4.85
TEL-11615,MV Fleet_08,Tanker,13.84,3.0,38132,Anchored,2026-06-10 12:11:43.203853,5.6
TEL-11616,MV Fleet_19,Bulk Carrier,21.97,4.0,15165,Anchored,2026-06-10 12:26:43.203853,14.72
TEL-11617,MV Fleet_12,Bulk Carrier,14.32,7.0,5794,Anchored,2026-06-10 12:41:43.203853,13.63
TEL-11618,MV Fleet_18,Bulk Carrier,13.36,6.0,18646,Underway,2026-06-10 12:56:43.203853,15.62
TEL-11619,MV Fleet_06,Tanker,11.32,8.0,28179,Underway,2026-06-10 13:11:43.203853,16.49
TEL-11620,MV Fleet_18,LNG Carrier,14.04,9.0,10870,Underway,2026-06-10 13:26:43.203853,15.17
TEL-11621,MV Fleet_19,Bulk Carrier,13.07,6.0,38357,Underway,2026-06-10 13:41:43.203853,13.7
TEL-11622,MV Fleet_05,Tanker,18.84,7.0,35736,Anchored,2026-06-10 13:56:43.203853,18.79
TEL-11623,MV Fleet_09,Container,12.63,4.0,42081,Anchored,2026-06-10 14:11:43.203853,8.31
TEL-11624,MV Fleet_03,Tanker,17.24,2.0,21211,Anchored,2026-06-10 14:26:43.203853,7.93
TEL-11625,MV Fleet_10,Container,9.05,9.0,26129,Underway,2026-06-10 14:41:43.203853,14.37
TEL-11626,MV Fleet_19,Tanker,11.06,9.0,12377,Anchored,2026-06-10 14:56:43.203853,14.2
TEL-11627,MV Fleet_03,LNG Carrier,14.52,4.0,13861,Moored,2026-06-10 15:11:43.203853,12.14
TEL-11628,MV Fleet_15,Bulk Carrier,22.99,3.0,22821,Underway,2026-06-10 15:26:43.203853,8.87
TEL-11629,MV Fleet_01,LNG Carrier,14.04,6.0,17952,Underway,2026-06-10 15:41:43.203853,11.56
TEL-11630,MV Fleet_07,Tanker,18.63,3.0,14047,Underway,2026-06-10 15:56:43.203853,9.64
TEL-11631,MV Fleet_12,Bulk Carrier,12.08,1.0,31953,Underway,2026-06-10 16:11:43.203853,4.5
TEL-11632,MV Fleet_17,Container,10.03,4.0,41801,Anchored,2026-06-10 16:26:43.203853,6.16
TEL-11633,MV Fleet_20,Tanker,8.94,1.0,23277,Underway,2026-06-10 16:41:43.203853,5.19
TEL-11634,MV Fleet_05,Bulk Carrier,12.89,2.0,28903,Underway,2026-06-10 16:56:43.203853,3.33
TEL-11635,MV Fleet_04,Container,10.52,3.0,23226,Underway,2026-06-10 17:11:43.203853,3.95
TEL-11636,MV Fleet_12,Container,10.78,8.0,27628,Underway,2026-06-10 17:26:43.203853,14.36
TEL-11637,MV Fleet_20,LNG Carrier,20.17,4.0,21710,Underway,2026-06-10 17:41:43.203853,10.68
TEL-11638,MV Fleet_18,Tanker,8.25,4.0,32802,Moored,2026-06-10 17:56:43.203853,7.76
TEL-11639,MV Fleet_17,Container,16.92,9.0,23784,Underway,2026-06-10 18:11:43.203853,17.29
TEL-11640,MV Fleet_19,Bulk Carrier,14.07,7.0,9278,Anchored,2026-06-10 18:26:43.203853,15.29
TEL-11641,MV Fleet_09,Container,16.1,2.0,33677,Anchored,2026-06-10 18:41:43.203853,6.11
TEL-11642,MV Fleet_04,Container,17.01,3.0,12500,Underway,2026-06-10 18:56:43.203853,11.61
TEL-11643,MV Fleet_02,LNG Carrier,13.01,4.0,9015,Moored,2026-06-10 19:11:43.203853,10.08
TEL-11644,MV Fleet_04,LNG Carrier,12.72,4.0,26836,Underway,2026-06-10 19:26:43.203853,7.88
TEL-11645,MV Fleet_02,Bulk Carrier,19.73,8.0,46010,Underway,2026-06-10 19:41:43.203853,19.3
TEL-11646,MV Fleet_15,LNG Carrier,21.94,6.0,12826,Underway,2026-06-10 19:56:43.203853,16.84
TEL-11647,MV Fleet_02,Container,11.08,3.0,14201,Underway,2026-06-10 20:11:43.203853,8.06
TEL-11648,MV Fleet_04,Container,9.56,9.0,34048,Underway,2026-06-10 20:26:43.203853,16.26
TEL-11649,MV Fleet_06,LNG Carrier,22.36,8.0,24941,Anchored,2026-06-10 20:41:43.203853,20.41
TEL-11650,MV Fleet_07,Container,13.6,9.0,20105,Underway,2026-06-10 20:56:43.203853,16.98
TEL-11651,MV Fleet_10,Container,16.82,5.0,5153,Underway,2026-06-10 21:11:43.203853,13.71
TEL-11652,MV Fleet_19,Bulk Carrier,13.75,3.0,46541,Underway,2026-06-10 21:26:43.203853,9.7
TEL-11653,MV Fleet_19,LNG Carrier,10.01,4.0,9886,Underway,2026-06-10 21:41:43.203853,8.21
TEL-11654,MV Fleet_12,Container,17.43,5.0,28950,Underway,2026-06-10 21:56:43.203853,13.56
TEL-11655,MV Fleet_03,LNG Carrier,16.4,9.0,7267,Underway,2026-06-10 22:11:43.203853,19.55
TEL-11656,MV Fleet_13,Bulk Carrier,11.25,9.0,25642,Underway,2026-06-10 22:26:43.203853,18.36
TEL-11657,MV Fleet_18,LNG Carrier,15.23,3.0,5970,Underway,2026-06-10 22:41:43.203853,10.75
TEL-11658,MV Fleet_08,Container,20.75,7.0,46607,Underway,2026-06-10 22:56:43.203853,18.98
TEL-11659,MV Fleet_15,LNG Carrier,17.45,6.0,36288,Moored,2026-06-10 23:11:43.203853,13.54
TEL-11660,MV Fleet_01,Container,9.55,4.0,22329,Underway,2026-06-10 23:26:43.203853,5.88
TEL-11661,MV Fleet_03,Container,16.77,5.0,19450,Underway,2026-06-10 23:41:43.203853,13.17
TEL-11662,MV Fleet_08,Container,19.24,2.0,10618,Anchored,2026-06-10 23:56:43.203853,9.93
TEL-11663,MV Fleet_04,Bulk Carrier,20.68,7.0,39263,Underway,2026-06-11 00:11:43.203853,16.8
TEL-11664,MV Fleet_16,LNG Carrier,18.07,4.0,7047,Underway,2026-06-11 00:26:43.203853,9.48
TEL-11665,MV Fleet_10,Bulk Carrier,10.44,2.0,14364,Underway,2026-06-11 00:41:43.203853,7.64
TEL-11666,MV Fleet_12,LNG Carrier,19.36,6.0,33794,Anchored,2026-06-11 00:56:43.203853,15.8
TEL-11667,MV Fleet_14,Bulk Carrier,18.84,2.0,18091,Anchored,2026-06-11 01:11:43.203853,7.07
TEL-11668,MV Fleet_14,Tanker,8.39,2.0,7886,Anchored,2026-06-11 01:26:43.203853,4.3
TEL-11669,MV Fleet_02,Container,14.59,7.0,26572,Underway,2026-06-11 01:41:43.203853,12.29
TEL-11670,MV Fleet_05,Container,13.33,1.0,20161,Anchored,2026-06-11 01:56:43.203853,5.79
TEL-11671,MV Fleet_05,Bulk Carrier,18.71,7.0,9158,Underway,2026-06-11 02:11:43.203853,19.09
TEL-11672,MV Fleet_06,Tanker,11.46,5.0,32663,Underway,2026-06-11 02:26:43.203853,9.75
TEL-11673,MV Fleet_13,Container,17.45,1.0,24845,Underway,2026-06-11 02:41:43.203853,6.53
TEL-11674,MV Fleet_09,LNG Carrier,22.61,6.0,11733,Underway,2026-06-11 02:56:43.203853,16.61
TEL-11675,MV Fleet_15,Bulk Carrier,20.76,7.0,39425,Underway,2026-06-11 03:11:43.203853,17.1
TEL-11676,MV Fleet_14,Container,22.74,1.0,42811,Underway,2026-06-11 03:26:43.203853,8.44
TEL-11677,MV Fleet_07,Container,23.66,9.0,37001,Underway,2026-06-11 03:41:43.203853,24.24
TEL-11678,MV Fleet_20,Bulk Carrier,8.17,7.0,44128,Underway,2026-06-11 03:56:43.203853,12.21
TEL-11679,MV Fleet_02,Bulk Carrier,17.96,1.0,14329,Underway,2026-06-11 04:11:43.203853,7.02
TEL-11680,MV Fleet_07,LNG Carrier,14.61,3.0,29812,Underway,2026-06-11 04:26:43.203853,7.98
TEL-11681,MV Fleet_06,LNG Carrier,21.76,5.0,32099,Underway,2026-06-11 04:41:43.203853,13.11
TEL-11682,MV Fleet_17,Container,12.03,4.0,9043,Underway,2026-06-11 04:56:43.203853,10.15
TEL-11683,MV Fleet_02,Container,23.7,2.0,19242,Underway,2026-06-11 05:11:43.203853,13.83
TEL-11684,MV Fleet_03,Bulk Carrier,17.82,1.0,38365,Underway,2026-06-11 05:26:43.203853,4.06
TEL-11685,MV Fleet_05,Container,20.7,4.0,31278,Anchored,2026-06-11 05:41:43.203853,13.97
TEL-11686,MV Fleet_05,Container,9.37,7.0,32133,Underway,2026-06-11 05:56:43.203853,13.59
TEL-11687,MV Fleet_01,Bulk Carrier,10.94,4.0,29740,Underway,2026-06-11 06:11:43.203853,10.26
TEL-11688,MV Fleet_08,Container,20.13,9.0,40092,Underway,2026-06-11 06:26:43.203853,21.89
TEL-11689,MV Fleet_12,Container,8.35,8.0,35976,Anchored,2026-06-11 06:41:43.203853,17.43
TEL-11690,MV Fleet_04,Tanker,21.07,8.0,45067,Underway,2026-06-11 06:56:43.203853,19.72
TEL-11691,MV Fleet_13,LNG Carrier,8.22,5.0,16231,Underway,2026-06-11 07:11:43.203853,10.43
TEL-11692,MV Fleet_15,Bulk Carrier,18.51,1.0,5569,Underway,2026-06-11 07:26:43.203853,7.23
TEL-11693,MV Fleet_11,Tanker,13.84,9.0,8328,Anchored,2026-06-11 07:41:43.203853,15.78
TEL-11694,MV Fleet_10,LNG Carrier,17.78,2.0,30261,Moored,2026-06-11 07:56:43.203853,9.4
TEL-11695,MV Fleet_03,LNG Carrier,19.14,6.0,30262,Underway,2026-06-11 08:11:43.203853,16.54
TEL-11696,MV Fleet_14,LNG Carrier,13.48,5.0,8280,Anchored,2026-06-11 08:26:43.203853,11.34
TEL-11697,MV Fleet_16,Tanker,9.73,8.0,24147,Underway,2026-06-11 08:41:43.203853,11.42
TEL-11698,MV Fleet_10,Tanker,9.11,3.0,36742,Anchored,2026-06-11 08:56:43.203853,4.04
TEL-11699,MV Fleet_10,LNG Carrier,17.42,6.0,8590,Anchored,2026-06-11 09:11:43.203853,15.3
TEL-11700,MV Fleet_12,Container,16.33,6.0,27006,Underway,2026-06-11 09:26:43.203853,13.07
TEL-11701,MV Fleet_09,Container,19.88,3.0,18570,Underway,2026-06-11 09:41:43.203853,11.48
TEL-11702,MV Fleet_01,Tanker,16.16,7.0,39993,Moored,2026-06-11 09:56:43.203853,15.76
TEL-11703,MV Fleet_05,Tanker,14.76,4.0,34593,Underway,2026-06-11 10:11:43.203853,9.71
TEL-11704,MV Fleet_20,Tanker,14.37,5.0,28907,Moored,2026-06-11 10:26:43.203853,10.83
TEL-11705,MV Fleet_08,LNG Carrier,8.42,9.0,14533,Underway,2026-06-11 10:41:43.203853,14.8
TEL-11706,MV Fleet_11,Container,13.37,6.0,47649,Underway,2026-06-11 10:56:43.203853,13.17
TEL-11707,MV Fleet_12,Tanker,23.62,4.0,21747,Underway,2026-06-11 11:11:43.203853,15.36
TEL-11708,MV Fleet_01,Tanker,21.98,8.0,18366,Anchored,2026-06-11 11:26:43.203853,18.45
TEL-11709,MV Fleet_20,Bulk Carrier,13.27,9.0,15832,Underway,2026-06-11 11:41:43.203853,16.72
TEL-11710,MV Fleet_11,LNG Carrier,17.4,5.0,33325,Underway,2026-06-11 11:56:43.203853,11.05
TEL-11711,MV Fleet_05,Bulk Carrier,21.56,2.0,39798,Underway,2026-06-11 12:11:43.203853,11.17
TEL-11712,MV Fleet_15,Container,15.06,6.0,44453,Moored,2026-06-11 12:26:43.203853,12.32
TEL-11713,MV Fleet_05,Bulk Carrier,8.29,8.0,27849,Underway,2026-06-11 12:41:43.203853,14.54
TEL-11714,MV Fleet_12,Bulk Carrier,9.19,5.0,11157,Underway,2026-06-11 12:56:43.203853,8.88
TEL-11715,MV Fleet_05,Bulk Carrier,16.17,1.0,35178,Underway,2026-06-11 13:11:43.203853,7.75
TEL-11716,MV Fleet_17,LNG Carrier,23.51,8.0,22001,Moored,2026-06-11 13:26:43.203853,22.57
TEL-11717,MV Fleet_17,Container,19.09,9.0,34030,Underway,2026-06-11 13:41:43.203853,20.18
TEL-11718,MV Fleet_12,Bulk Carrier,9.13,1.0,5193,Underway,2026-06-11 13:56:43.203853,2.67
TEL-11719,MV Fleet_15,LNG Carrier,11.03,8.0,13164,Underway,2026-06-11 14:11:43.203853,12.96
TEL-11720,MV Fleet_15,Container,20.34,2.0,25842,Underway,2026-06-11 14:26:43.203853,11.15
TEL-11721,MV Fleet_06,Tanker,21.46,4.0,6119,Underway,2026-06-11 14:41:43.203853,13.24
TEL-11722,MV Fleet_12,Bulk Carrier,17.88,2.0,18351,Underway,2026-06-11 14:56:43.203853,8.46
TEL-11723,MV Fleet_20,Container,18.31,2.0,11540,Anchored,2026-06-11 15:11:43.203853,8.02
TEL-11724,MV Fleet_18,Bulk Carrier,8.45,3.0,36760,Underway,2026-06-11 15:26:43.203853,3.93
TEL-11725,MV Fleet_14,Tanker,21.26,8.0,31528,Underway,2026-06-11 15:41:43.203853,20.84
TEL-11726,MV Fleet_02,Container,20.61,4.0,28538,Underway,2026-06-11 15:56:43.203853,12.73
TEL-11727,MV Fleet_09,LNG Carrier,12.14,7.0,37242,Moored,2026-06-11 16:11:43.203853,10.49
TEL-11728,MV Fleet_05,Container,19.34,3.0,31358,Underway,2026-06-11 16:26:43.203853,10.45
TEL-11729,MV Fleet_20,LNG Carrier,11.44,3.0,43613,Underway,2026-06-11 16:41:43.203853,4.99
TEL-11730,MV Fleet_01,Container,8.65,2.0,45739,Underway,2026-06-11 16:56:43.203853,5.45
TEL-11731,MV Fleet_03,LNG Carrier,11.22,6.0,34738,Underway,2026-06-11 17:11:43.203853,12.12
TEL-11732,MV Fleet_06,Tanker,10.86,6.0,28581,Anchored,2026-06-11 17:26:43.203853,13.57
TEL-11733,MV Fleet_05,Tanker,13.4,1.0,35136,Underway,2026-06-11 17:41:43.203853,2.58
TEL-11734,MV Fleet_05,Tanker,14.7,7.0,26485,Underway,2026-06-11 17:56:43.203853,16.52
TEL-11735,MV Fleet_01,Container,16.14,4.0,32165,Underway,2026-06-11 18:11:43.203853,11.3
TEL-11736,MV Fleet_17,Tanker,15.63,3.0,41294,Underway,2026-06-11 18:26:43.203853,6.73
TEL-11737,MV Fleet_19,Bulk Carrier,12.33,8.0,6634,Underway,2026-06-11 18:41:43.203853,17.6
TEL-11738,MV Fleet_14,Tanker,8.47,2.0,48969,Underway,2026-06-11 18:56:43.203853,4.32
TEL-11739,MV Fleet_12,LNG Carrier,17.68,9.0,5093,Underway,2026-06-11 19:11:43.203853,16.99
TEL-11740,MV Fleet_10,LNG Carrier,14.33,8.0,33370,Underway,2026-06-11 19:26:43.203853,17.25
TEL-11741,MV Fleet_20,LNG Carrier,12.78,8.0,24750,Underway,2026-06-11 19:41:43.203853,13.41
TEL-11742,MV Fleet_18,Container,21.87,3.0,45484,Moored,2026-06-11 19:56:43.203853,13.82
TEL-11743,MV Fleet_11,Bulk Carrier,19.95,4.0,21472,Underway,2026-06-11 20:11:43.203853,12.2
TEL-11744,MV Fleet_02,Tanker,21.72,,23934,Underway,2026-06-11 20:26:43.203853,9.97
TEL-11745,MV Fleet_18,Bulk Carrier,15.92,2.0,48774,Underway,2026-06-11 20:41:43.203853,5.47
TEL-11746,MV Fleet_07,Bulk Carrier,10.09,4.0,27521,Underway,2026-06-11 20:56:43.203853,6.47
TEL-11747,MV Fleet_15,LNG Carrier,19.14,6.0,44125,Anchored,2026-06-11 21:11:43.203853,15.29
TEL-11748,MV Fleet_11,LNG Carrier,11.3,5.0,6445,Underway,2026-06-11 21:26:43.203853,7.51
TEL-11749,MV Fleet_18,LNG Carrier,15.06,1.0,26005,Moored,2026-06-11 21:41:43.203853,6.56
TEL-11750,MV Fleet_12,Container,9.04,1.0,44103,Underway,2026-06-11 21:56:43.203853,2.4
TEL-11751,MV Fleet_06,Bulk Carrier,21.2,6.0,23214,Underway,2026-06-11 22:11:43.203853,15.6
TEL-11752,MV Fleet_20,Bulk Carrier,10.02,3.0,28169,Underway,2026-06-11 22:26:43.203853,7.39
TEL-11753,MV Fleet_13,Container,22.45,3.0,21938,Underway,2026-06-11 22:41:43.203853,12.12
TEL-11754,MV Fleet_20,Container,21.83,7.0,16956,Underway,2026-06-11 22:56:43.203853,19.9
TEL-11755,MV Fleet_16,Container,15.43,,44687,Anchored,2026-06-11 23:11:43.203853,2.62
TEL-11756,MV Fleet_18,Bulk Carrier,19.91,1.0,10593,Underway,2026-06-11 23:26:43.203853,9.16
TEL-11757,MV Fleet_10,Bulk Carrier,17.91,3.0,31207,Moored,2026-06-11 23:41:43.203853,9.94
TEL-11758,MV Fleet_08,LNG Carrier,20.85,8.0,44921,Underway,2026-06-11 23:56:43.203853,18.0
TEL-11759,MV Fleet_18,LNG Carrier,14.91,1.0,42310,Underway,2026-06-12 00:11:43.203853,6.88
TEL-11760,MV Fleet_01,Bulk Carrier,20.57,4.0,36619,Underway,2026-06-12 00:26:43.203853,13.71
TEL-11761,MV Fleet_08,LNG Carrier,15.4,9.0,18403,Underway,2026-06-12 00:41:43.203853,18.02
TEL-11762,MV Fleet_06,Container,23.06,4.0,18065,Anchored,2026-06-12 00:56:43.203853,13.92
TEL-11763,MV Fleet_05,Tanker,15.78,8.0,29394,Underway,2026-06-12 01:11:43.203853,15.3
TEL-11764,MV Fleet_15,LNG Carrier,15.4,7.0,31801,Anchored,2026-06-12 01:26:43.203853,13.06
TEL-11765,MV Fleet_15,Bulk Carrier,20.56,3.0,47646,Underway,2026-06-12 01:41:43.203853,13.38
TEL-11766,MV Fleet_02,LNG Carrier,21.15,7.0,38596,Anchored,2026-06-12 01:56:43.203853,18.9
TEL-11767,MV Fleet_01,LNG Carrier,16.87,7.0,34230,Underway,2026-06-12 02:11:43.203853,16.23
TEL-11768,MV Fleet_11,LNG Carrier,10.88,3.0,12170,Underway,2026-06-12 02:26:43.203853,6.17
TEL-11769,MV Fleet_10,Tanker,15.48,2.0,23406,Underway,2026-06-12 02:41:43.203853,10.26
TEL-11770,MV Fleet_18,Container,23.49,9.0,29678,Underway,2026-06-12 02:56:43.203853,21.02
TEL-11771,MV Fleet_18,Bulk Carrier,20.05,1.0,34968,Underway,2026-06-12 03:11:43.203853,7.47
TEL-11772,MV Fleet_17,Tanker,20.98,7.0,47517,Underway,2026-06-12 03:26:43.203853,20.28
TEL-11773,MV Fleet_08,Bulk Carrier,8.53,4.0,37655,Underway,2026-06-12 03:41:43.203853,7.45
TEL-11774,MV Fleet_15,Bulk Carrier,15.49,2.0,32087,Underway,2026-06-12 03:56:43.203853,9.83
TEL-11775,MV Fleet_08,Bulk Carrier,18.35,2.0,16049,Moored,2026-06-12 04:11:43.203853,9.19
TEL-11776,MV Fleet_17,Tanker,21.28,8.0,11785,Underway,2026-06-12 04:26:43.203853,18.47
TEL-11777,MV Fleet_12,Container,8.79,7.0,46766,Moored,2026-06-12 04:41:43.203853,11.82
TEL-11778,MV Fleet_08,Bulk Carrier,21.64,7.0,9655,Underway,2026-06-12 04:56:43.203853,16.87
TEL-11779,MV Fleet_14,Container,16.77,5.0,23458,Underway,2026-06-12 05:11:43.203853,13.37
TEL-11780,MV Fleet_04,Container,11.16,8.0,30102,Underway,2026-06-12 05:26:43.203853,16.25
TEL-11781,MV Fleet_01,LNG Carrier,13.08,2.0,11918,Underway,2026-06-12 05:41:43.203853,6.87
TEL-11782,MV Fleet_01,Tanker,12.51,2.0,8436,Anchored,2026-06-12 05:56:43.203853,6.36
TEL-11783,MV Fleet_19,Tanker,16.49,5.0,26432,Moored,2026-06-12 06:11:43.203853,10.63
TEL-11784,MV Fleet_16,LNG Carrier,8.83,1.0,29873,Underway,2026-06-12 06:26:43.203853,4.76
TEL-11785,MV Fleet_14,LNG Carrier,10.54,6.0,42640,Moored,2026-06-12 06:41:43.203853,12.45
TEL-11786,MV Fleet_16,Container,21.0,4.0,5360,Underway,2026-06-12 06:56:43.203853,13.49
TEL-11787,MV Fleet_05,Bulk Carrier,10.12,6.0,49677,Moored,2026-06-12 07:11:43.203853,10.59
TEL-11788,MV Fleet_09,Tanker,11.73,7.0,9599,Underway,2026-06-12 07:26:43.203853,13.2
TEL-11789,MV Fleet_02,Bulk Carrier,15.25,3.0,47936,Moored,2026-06-12 07:41:43.203853,7.24
TEL-11790,MV Fleet_18,Bulk Carrier,16.27,8.0,44499,Anchored,2026-06-12 07:56:43.203853,14.37
TEL-11791,MV Fleet_06,LNG Carrier,20.22,7.0,39845,Underway,2026-06-12 08:11:43.203853,16.69
TEL-11792,MV Fleet_09,Bulk Carrier,15.16,1.0,18750,Underway,2026-06-12 08:26:43.203853,4.28
TEL-11793,MV Fleet_01,Container,20.64,6.0,32987,Underway,2026-06-12 08:41:43.203853,15.11
TEL-11794,MV Fleet_09,LNG Carrier,17.89,7.0,42459,Underway,2026-06-12 08:56:43.203853,15.16
TEL-11795,MV Fleet_16,Bulk Carrier,9.81,4.0,31165,Anchored,2026-06-12 09:11:43.203853,7.82
TEL-11796,MV Fleet_13,LNG Carrier,10.5,2.0,29346,Anchored,2026-06-12 09:26:43.203853,4.96
TEL-11797,MV Fleet_09,Container,14.99,9.0,8514,Underway,2026-06-12 09:41:43.203853,12.91
TEL-11798,MV Fleet_13,Container,14.35,7.0,29838,Underway,2026-06-12 09:56:43.203853,14.73
TEL-11799,MV Fleet_09,Bulk Carrier,19.9,1.0,32559,Underway,2026-06-12 10:11:43.203853,8.16
TEL-11800,MV Fleet_11,LNG Carrier,17.29,8.0,40687,Underway,2026-06-12 10:26:43.203853,18.53
TEL-11801,MV Fleet_04,Bulk Carrier,14.21,3.0,36965,Underway,2026-06-12 10:41:43.203853,7.82
TEL-11802,MV Fleet_02,Bulk Carrier,10.73,4.0,21385,Underway,2026-06-12 10:56:43.203853,9.89
TEL-11803,MV Fleet_06,LNG Carrier,11.63,5.0,23317,Underway,2026-06-12 11:11:43.203853,9.86
TEL-11804,MV Fleet_14,Bulk Carrier,17.21,1.0,5393,Underway,2026-06-12 11:26:43.203853,7.06
TEL-11805,MV Fleet_04,Container,14.78,6.0,29881,Underway,2026-06-12 11:41:43.203853,11.52
TEL-11806,MV Fleet_06,LNG Carrier,16.24,6.0,38297,Underway,2026-06-12 11:56:43.203853,15.28
TEL-11807,MV Fleet_19,LNG Carrier,10.73,2.0,32955,Underway,2026-06-12 12:11:43.203853,7.21
TEL-11808,MV Fleet_06,LNG Carrier,18.61,6.0,49979,Moored,2026-06-12 12:26:43.203853,17.59
TEL-11809,MV Fleet_02,LNG Carrier,21.64,8.0,11495,Underway,2026-06-12 12:41:43.203853,18.63
TEL-11810,MV Fleet_18,Bulk Carrier,12.13,6.0,44721,Anchored,2026-06-12 12:56:43.203853,12.58
TEL-11811,MV Fleet_13,Bulk Carrier,15.86,4.0,26437,Underway,2026-06-12 13:11:43.203853,8.23
TEL-11812,MV Fleet_09,Container,23.61,4.0,6713,Anchored,2026-06-12 13:26:43.203853,11.81
TEL-11813,MV Fleet_19,Tanker,13.33,9.0,25428,Underway,2026-06-12 13:41:43.203853,17.61
TEL-11814,MV Fleet_13,Tanker,17.52,6.0,5635,Anchored,2026-06-12 13:56:43.203853,14.03
TEL-11815,MV Fleet_11,Container,9.44,8.0,20193,Anchored,2026-06-12 14:11:43.203853,11.89
TEL-11816,MV Fleet_01,Tanker,17.7,8.0,28003,Underway,2026-06-12 14:26:43.203853,17.56
TEL-11817,MV Fleet_07,Container,9.43,7.0,19633,Moored,2026-06-12 14:41:43.203853,13.71
TEL-11818,MV Fleet_15,Bulk Carrier,23.35,3.0,34228,Underway,2026-06-12 14:56:43.203853,13.07
TEL-11819,MV Fleet_01,LNG Carrier,19.45,1.0,47077,Underway,2026-06-12 15:11:43.203853,9.55
TEL-11820,MV Fleet_12,LNG Carrier,20.61,5.0,31730,Underway,2026-06-12 15:26:43.203853,13.36
TEL-11821,MV Fleet_07,Bulk Carrier,19.27,2.0,12445,Moored,2026-06-12 15:41:43.203853,10.74
TEL-11822,MV Fleet_15,LNG Carrier,17.44,2.0,19281,Anchored,2026-06-12 15:56:43.203853,7.58
TEL-11823,MV Fleet_19,LNG Carrier,15.2,7.0,11602,Underway,2026-06-12 16:11:43.203853,16.43
TEL-11824,MV Fleet_01,Tanker,21.73,3.0,5037,Underway,2026-06-12 16:26:43.203853,10.09
TEL-11825,MV Fleet_17,Bulk Carrier,23.31,8.0,47592,Anchored,2026-06-12 16:41:43.203853,20.8
TEL-11826,MV Fleet_17,Tanker,15.98,9.0,33869,Anchored,2026-06-12 16:56:43.203853,18.29
TEL-11827,MV Fleet_03,Tanker,22.9,8.0,41543,Moored,2026-06-12 17:11:43.203853,20.92
TEL-11828,MV Fleet_12,LNG Carrier,17.33,6.0,36076,Underway,2026-06-12 17:26:43.203853,13.58
TEL-11829,MV Fleet_06,LNG Carrier,16.61,5.0,31630,Underway,2026-06-12 17:41:43.203853,12.9
TEL-11830,MV Fleet_11,Bulk Carrier,15.27,3.0,25469,Underway,2026-06-12 17:56:43.203853,8.32
TEL-11831,MV Fleet_03,LNG Carrier,11.35,3.0,37299,Underway,2026-06-12 18:11:43.203853,6.2
TEL-11832,MV Fleet_08,LNG Carrier,8.06,7.0,30094,Underway,2026-06-12 18:26:43.203853,14.01
TEL-11833,MV Fleet_14,Bulk Carrier,11.86,5.0,31817,Underway,2026-06-12 18:41:43.203853,10.3
TEL-11834,MV Fleet_14,LNG Carrier,16.16,6.0,15555,Underway,2026-06-12 18:56:43.203853,11.26
TEL-11835,MV Fleet_10,Tanker,14.08,6.0,10120,Underway,2026-06-12 19:11:43.203853,11.58
TEL-11836,MV Fleet_02,Bulk Carrier,15.18,9.0,19678,Underway,2026-06-12 19:26:43.203853,19.75
TEL-11837,MV Fleet_14,LNG Carrier,23.69,1.0,9715,Underway,2026-06-12 19:41:43.203853,8.82
TEL-11838,MV Fleet_09,Container,13.6,8.0,39162,Underway,2026-06-12 19:56:43.203853,16.19
TEL-11839,MV Fleet_03,Bulk Carrier,15.23,5.0,40637,Underway,2026-06-12 20:11:43.203853,10.56
TEL-11840,MV Fleet_08,Bulk Carrier,10.14,6.0,37322,Underway,2026-06-12 20:26:43.203853,8.9
TEL-11841,MV Fleet_16,Container,8.77,6.0,41444,Underway,2026-06-12 20:41:43.203853,11.32
TEL-11842,MV Fleet_02,LNG Carrier,20.41,1.0,41489,Moored,2026-06-12 20:56:43.203853,7.75
TEL-11843,MV Fleet_06,LNG Carrier,17.13,3.0,43458,Underway,2026-06-12 21:11:43.203853,11.89
TEL-11844,MV Fleet_12,Bulk Carrier,20.17,6.0,43586,Anchored,2026-06-12 21:26:43.203853,17.3
TEL-11845,MV Fleet_05,Bulk Carrier,10.4,9.0,38002,Underway,2026-06-12 21:41:43.203853,17.54
TEL-11846,MV Fleet_02,LNG Carrier,17.15,6.0,8140,Anchored,2026-06-12 21:56:43.203853,15.61
TEL-11847,MV Fleet_16,LNG Carrier,12.06,6.0,13638,Underway,2026-06-12 22:11:43.203853,12.79
TEL-11848,MV Fleet_05,Tanker,11.65,1.0,22383,Underway,2026-06-12 22:26:43.203853,2.05
TEL-11849,MV Fleet_15,Bulk Carrier,8.18,9.0,22718,Anchored,2026-06-12 22:41:43.203853,14.57
TEL-11850,MV Fleet_12,Bulk Carrier,10.09,4.0,46093,Underway,2026-06-12 22:56:43.203853,9.04
TEL-11851,MV Fleet_04,Container,12.95,2.0,15624,Underway,2026-06-12 23:11:43.203853,5.68
TEL-11852,MV Fleet_15,Tanker,9.87,1.0,26472,Underway,2026-06-12 23:26:43.203853,3.42
TEL-11853,MV Fleet_11,LNG Carrier,23.77,3.0,26863,Underway,2026-06-12 23:41:43.203853,14.32
TEL-11854,MV Fleet_16,Tanker,12.94,3.0,11090,Moored,2026-06-12 23:56:43.203853,9.19
TEL-11855,MV Fleet_06,LNG Carrier,10.09,5.0,16377,Moored,2026-06-13 00:11:43.203853,8.15
TEL-11856,MV Fleet_14,LNG Carrier,11.19,1.0,22495,Underway,2026-06-13 00:26:43.203853,4.93
TEL-11857,MV Fleet_18,Tanker,17.4,7.0,19870,Underway,2026-06-13 00:41:43.203853,16.49
TEL-11858,MV Fleet_12,Bulk Carrier,9.02,1.0,24300,Moored,2026-06-13 00:56:43.203853,1.7
TEL-11859,MV Fleet_11,LNG Carrier,21.8,4.0,7103,Anchored,2026-06-13 01:11:43.203853,12.93
TEL-11860,MV Fleet_13,Tanker,23.38,6.0,30195,Underway,2026-06-13 01:26:43.203853,17.72
TEL-11861,MV Fleet_11,Container,11.95,1.0,42893,Underway,2026-06-13 01:41:43.203853,6.3
TEL-11862,MV Fleet_16,Tanker,15.2,7.0,11590,Underway,2026-06-13 01:56:43.203853,13.96
TEL-11863,MV Fleet_15,Container,8.35,7.0,47980,Moored,2026-06-13 02:11:43.203853,12.6
TEL-11864,MV Fleet_15,LNG Carrier,18.25,3.0,47368,Underway,2026-06-13 02:26:43.203853,11.83
TEL-11865,MV Fleet_04,Tanker,14.62,4.0,37050,Underway,2026-06-13 02:41:43.203853,12.61
TEL-11866,MV Fleet_11,Tanker,12.32,6.0,7921,Underway,2026-06-13 02:56:43.203853,12.2
TEL-11867,MV Fleet_19,Container,11.31,7.0,9734,Moored,2026-06-13 03:11:43.203853,9.79
TEL-11868,MV Fleet_15,Tanker,18.46,4.0,24757,Anchored,2026-06-13 03:26:43.203853,13.07
TEL-11869,MV Fleet_04,Tanker,14.66,9.0,35328,Underway,2026-06-13 03:41:43.203853,17.66
TEL-11870,MV Fleet_13,LNG Carrier,10.87,9.0,28138,Underway,2026-06-13 03:56:43.203853,14.54
TEL-11871,MV Fleet_19,Tanker,19.03,9.0,21037,Moored,2026-06-13 04:11:43.203853,20.55
TEL-11872,MV Fleet_02,Bulk Carrier,17.04,6.0,38604,Underway,2026-06-13 04:26:43.203853,16.76
TEL-11873,MV Fleet_14,Container,21.74,2.0,17094,Underway,2026-06-13 04:41:43.203853,10.82
TEL-11874,MV Fleet_04,Tanker,9.88,2.0,14028,Anchored,2026-06-13 04:56:43.203853,2.53
TEL-11875,MV Fleet_16,Container,20.57,4.0,48517,Underway,2026-06-13 05:11:43.203853,15.0
TEL-11876,MV Fleet_20,Container,18.78,9.0,20432,Underway,2026-06-13 05:26:43.203853,19.39
TEL-11877,MV Fleet_14,Container,9.84,3.0,48819,Underway,2026-06-13 05:41:43.203853,7.52
TEL-11878,MV Fleet_15,Tanker,19.12,6.0,28091,Underway,2026-06-13 05:56:43.203853,15.13
TEL-11879,MV Fleet_03,Tanker,15.06,2.0,20586,Anchored,2026-06-13 06:11:43.203853,7.71
TEL-11880,MV Fleet_08,Container,23.12,1.0,10312,Underway,2026-06-13 06:26:43.203853,10.83
TEL-11881,MV Fleet_16,Bulk Carrier,10.27,5.0,30973,Underway,2026-06-13 06:41:43.203853,10.81
TEL-11882,MV Fleet_10,Container,18.29,8.0,41590,Underway,2026-06-13 06:56:43.203853,17.82
TEL-11883,MV Fleet_04,Bulk Carrier,14.11,2.0,33973,Underway,2026-06-13 07:11:43.203853,5.46
TEL-11884,MV Fleet_18,Container,23.31,9.0,49390,Anchored,2026-06-13 07:26:43.203853,22.24
TEL-11885,MV Fleet_02,LNG Carrier,13.28,8.0,21099,Underway,2026-06-13 07:41:43.203853,16.43
TEL-11886,MV Fleet_17,Container,23.39,3.0,38843,Underway,2026-06-13 07:56:43.203853,11.87
TEL-11887,MV Fleet_13,Container,22.42,1.0,19063,Underway,2026-06-13 08:11:43.203853,7.75
TEL-11888,MV Fleet_04,Tanker,12.33,4.0,33770,Underway,2026-06-13 08:26:43.203853,10.86
TEL-11889,MV Fleet_11,Bulk Carrier,20.86,8.0,32216,Underway,2026-06-13 08:41:43.203853,21.53
TEL-11890,MV Fleet_07,LNG Carrier,23.93,3.0,32660,Anchored,2026-06-13 08:56:43.203853,13.39
TEL-11891,MV Fleet_12,Bulk Carrier,12.04,2.0,21383,Underway,2026-06-13 09:11:43.203853,6.65
TEL-11892,MV Fleet_10,LNG Carrier,14.99,7.0,14605,Anchored,2026-06-13 09:26:43.203853,15.05
TEL-11893,MV Fleet_07,Container,16.32,4.0,35649,Underway,2026-06-13 09:41:43.203853,7.34
TEL-11894,MV Fleet_13,Tanker,12.72,6.0,42220,Underway,2026-06-13 09:56:43.203853,12.33
TEL-11895,MV Fleet_07,Tanker,8.24,5.0,37559,Underway,2026-06-13 10:11:43.203853,11.14
TEL-11896,MV Fleet_17,Bulk Carrier,11.52,2.0,17368,Underway,2026-06-13 10:26:43.203853,3.79
TEL-11897,MV Fleet_10,Tanker,12.51,2.0,12428,Anchored,2026-06-13 10:41:43.203853,4.03
TEL-11898,MV Fleet_10,Bulk Carrier,15.1,9.0,20817,Underway,2026-06-13 10:56:43.203853,16.44
TEL-11899,MV Fleet_04,Bulk Carrier,10.74,2.0,7420,Underway,2026-06-13 11:11:43.203853,4.55
TEL-11900,MV Fleet_20,LNG Carrier,21.97,8.0,23912,Moored,2026-06-13 11:26:43.203853,20.64
TEL-11901,MV Fleet_04,Bulk Carrier,19.28,8.0,9317,Underway,2026-06-13 11:41:43.203853,20.1
TEL-11902,MV Fleet_07,LNG Carrier,9.36,1.0,29361,Underway,2026-06-13 11:56:43.203853,5.24
TEL-11903,MV Fleet_01,Tanker,18.4,1.0,32728,Moored,2026-06-13 12:11:43.203853,8.13
TEL-11904,MV Fleet_12,Bulk Carrier,18.46,4.0,46180,Underway,2026-06-13 12:26:43.203853,9.3
TEL-11905,MV Fleet_13,Bulk Carrier,23.3,2.0,36068,Anchored,2026-06-13 12:41:43.203853,9.05
TEL-11906,MV Fleet_10,Container,8.05,1.0,37995,Underway,2026-06-13 12:56:43.203853,3.99
TEL-11907,MV Fleet_15,Bulk Carrier,11.97,9.0,23721,Underway,2026-06-13 13:11:43.203853,13.84
TEL-11908,MV Fleet_13,Bulk Carrier,22.84,3.0,33964,Underway,2026-06-13 13:26:43.203853,13.5
TEL-11909,MV Fleet_09,Container,22.91,1.0,36529,Underway,2026-06-13 13:41:43.203853,10.12
TEL-11910,MV Fleet_09,Container,19.53,2.0,16456,Underway,2026-06-13 13:56:43.203853,8.56
TEL-11911,MV Fleet_15,Tanker,20.25,8.0,38723,Underway,2026-06-13 14:11:43.203853,14.83
TEL-11912,MV Fleet_10,Bulk Carrier,9.46,5.0,47240,Anchored,2026-06-13 14:26:43.203853,9.63
TEL-11913,MV Fleet_10,Tanker,16.22,7.0,39746,Anchored,2026-06-13 14:41:43.203853,15.83
TEL-11914,MV Fleet_08,Tanker,11.71,6.0,22913,Underway,2026-06-13 14:56:43.203853,10.79
TEL-11915,MV Fleet_16,Container,10.9,1.0,17675,Underway,2026-06-13 15:11:43.203853,2.18
TEL-11916,MV Fleet_17,LNG Carrier,20.96,6.0,37141,Underway,2026-06-13 15:26:43.203853,16.49
TEL-11917,MV Fleet_05,Tanker,10.16,7.0,31989,Underway,2026-06-13 15:41:43.203853,10.38
TEL-11918,MV Fleet_04,LNG Carrier,15.5,4.0,21128,Underway,2026-06-13 15:56:43.203853,11.15
TEL-11919,MV Fleet_18,Bulk Carrier,23.02,8.0,45213,Underway,2026-06-13 16:11:43.203853,21.86
TEL-11920,MV Fleet_19,Container,10.97,8.0,33111,Underway,2026-06-13 16:26:43.203853,11.41
TEL-11921,MV Fleet_04,Bulk Carrier,23.65,7.0,9284,Moored,2026-06-13 16:41:43.203853,18.37
TEL-11922,MV Fleet_07,Bulk Carrier,23.91,2.0,30493,Underway,2026-06-13 16:56:43.203853,11.75
TEL-11923,MV Fleet_10,Container,16.89,6.0,22585,Underway,2026-06-13 17:11:43.203853,13.86
TEL-11924,MV Fleet_18,Bulk Carrier,10.72,6.0,34595,Underway,2026-06-13 17:26:43.203853,9.94
TEL-11925,MV Fleet_19,Container,13.06,7.0,12131,Anchored,2026-06-13 17:41:43.203853,11.65
TEL-11926,MV Fleet_04,LNG Carrier,14.79,6.0,48382,Anchored,2026-06-13 17:56:43.203853,12.21
TEL-11927,MV Fleet_10,Bulk Carrier,12.95,2.0,31197,Anchored,2026-06-13 18:11:43.203853,7.08
TEL-11928,MV Fleet_01,Container,12.49,8.0,38527,Anchored,2026-06-13 18:26:43.203853,15.78
TEL-11929,MV Fleet_18,Tanker,23.56,4.0,26957,Underway,2026-06-13 18:41:43.203853,15.48
TEL-11930,MV Fleet_05,Bulk Carrier,10.45,9.0,35936,Underway,2026-06-13 18:56:43.203853,17.54
TEL-11931,MV Fleet_15,LNG Carrier,19.73,8.0,26545,Anchored,2026-06-13 19:11:43.203853,16.79
TEL-11932,MV Fleet_17,Container,8.01,3.0,18684,Underway,2026-06-13 19:26:43.203853,5.31
TEL-11933,MV Fleet_03,Bulk Carrier,17.54,3.0,47448,Underway,2026-06-13 19:41:43.203853,9.43
TEL-11934,MV Fleet_12,Bulk Carrier,22.66,8.0,25642,Anchored,2026-06-13 19:56:43.203853,15.73
TEL-11935,MV Fleet_02,Bulk Carrier,12.61,2.0,9371,Anchored,2026-06-13 20:11:43.203853,6.31
TEL-11936,MV Fleet_01,LNG Carrier,10.97,9.0,17651,Moored,2026-06-13 20:26:43.203853,15.8
TEL-11937,MV Fleet_17,Container,18.43,4.0,6665,Moored,2026-06-13 20:41:43.203853,9.96
TEL-11938,MV Fleet_16,Tanker,19.4,6.0,11918,Underway,2026-06-13 20:56:43.203853,16.49
TEL-11939,MV Fleet_05,Tanker,19.01,3.0,28007,Moored,2026-06-13 21:11:43.203853,11.69
TEL-11940,MV Fleet_15,Tanker,13.11,3.0,36408,Underway,2026-06-13 21:26:43.203853,8.28
TEL-11941,MV Fleet_03,Container,12.04,3.0,15194,Underway,2026-06-13 21:41:43.203853,4.69
TEL-11942,MV Fleet_07,Tanker,23.29,2.0,30035,Underway,2026-06-13 21:56:43.203853,9.98
TEL-11943,MV Fleet_11,LNG Carrier,22.77,8.0,28816,Underway,2026-06-13 22:11:43.203853,20.58
TEL-11944,MV Fleet_10,Container,15.32,9.0,28066,Moored,2026-06-13 22:26:43.203853,16.83
TEL-11945,MV Fleet_09,Bulk Carrier,21.54,8.0,16213,Underway,2026-06-13 22:41:43.203853,19.04
TEL-11946,MV Fleet_14,LNG Carrier,15.24,3.0,27612,Underway,2026-06-13 22:56:43.203853,6.95
TEL-11947,MV Fleet_13,Bulk Carrier,14.79,7.0,27211,Underway,2026-06-13 23:11:43.203853,14.69
TEL-11948,MV Fleet_02,Tanker,10.51,2.0,31866,Underway,2026-06-13 23:26:43.203853,7.44
TEL-11949,MV Fleet_03,LNG Carrier,14.82,4.0,45404,Underway,2026-06-13 23:41:43.203853,10.4
TEL-11950,MV Fleet_07,Container,16.6,6.0,36599,Underway,2026-06-13 23:56:43.203853,15.2
TEL-11951,MV Fleet_18,LNG Carrier,8.36,5.0,12344,Underway,2026-06-14 00:11:43.203853,10.29
TEL-11952,MV Fleet_03,Bulk Carrier,15.11,9.0,8201,Underway,2026-06-14 00:26:43.203853,17.01
TEL-11953,MV Fleet_10,Container,20.5,4.0,9752,Underway,2026-06-14 00:41:43.203853,12.51
TEL-11954,MV Fleet_07,LNG Carrier,18.88,5.0,47343,Underway,2026-06-14 00:56:43.203853,15.61
TEL-11955,MV Fleet_09,LNG Carrier,18.16,4.0,15327,Underway,2026-06-14 01:11:43.203853,12.63
TEL-11956,MV Fleet_17,LNG Carrier,22.55,8.0,11091,Moored,2026-06-14 01:26:43.203853,21.43
TEL-11957,MV Fleet_11,LNG Carrier,8.29,8.0,32608,Underway,2026-06-14 01:41:43.203853,13.71
TEL-11958,MV Fleet_07,Container,16.91,3.0,33285,Underway,2026-06-14 01:56:43.203853,8.81
TEL-11959,MV Fleet_14,Bulk Carrier,20.6,1.0,27998,Underway,2026-06-14 02:11:43.203853,7.94
TEL-11960,MV Fleet_19,LNG Carrier,16.66,6.0,45289,Anchored,2026-06-14 02:26:43.203853,15.84
TEL-11961,MV Fleet_04,Container,13.18,2.0,27943,Anchored,2026-06-14 02:41:43.203853,6.2
TEL-11962,MV Fleet_06,Bulk Carrier,10.18,,23007,Moored,2026-06-14 02:56:43.203853,6.94
TEL-11963,MV Fleet_10,LNG Carrier,22.2,3.0,30257,Underway,2026-06-14 03:11:43.203853,14.39
TEL-11964,MV Fleet_07,Bulk Carrier,15.53,8.0,24518,Moored,2026-06-14 03:26:43.203853,17.62
TEL-11965,MV Fleet_13,Bulk Carrier,22.05,3.0,34784,Moored,2026-06-14 03:41:43.203853,13.39
TEL-11966,MV Fleet_14,Container,17.37,7.0,43588,Anchored,2026-06-14 03:56:43.203853,18.17
TEL-11967,MV Fleet_04,Bulk Carrier,18.79,9.0,49221,Underway,2026-06-14 04:11:43.203853,18.09
TEL-11968,MV Fleet_08,Container,20.87,8.0,26378,Anchored,2026-06-14 04:26:43.203853,18.38
TEL-11969,MV Fleet_05,LNG Carrier,18.55,1.0,9696,Underway,2026-06-14 04:41:43.203853,5.34
TEL-11970,MV Fleet_01,Bulk Carrier,14.37,7.0,32995,Anchored,2026-06-14 04:56:43.203853,11.97
TEL-11971,MV Fleet_04,Bulk Carrier,16.22,7.0,39635,Underway,2026-06-14 05:11:43.203853,15.0
TEL-11972,MV Fleet_03,Tanker,20.85,8.0,20723,Anchored,2026-06-14 05:26:43.203853,19.39
TEL-11973,MV Fleet_09,LNG Carrier,13.98,5.0,24207,Underway,2026-06-14 05:41:43.203853,11.8
TEL-11974,MV Fleet_08,LNG Carrier,14.21,9.0,32524,Underway,2026-06-14 05:56:43.203853,16.1
TEL-11975,MV Fleet_01,Tanker,9.53,9.0,33554,Anchored,2026-06-14 06:11:43.203853,14.73
TEL-11976,MV Fleet_06,Tanker,22.63,8.0,16817,Underway,2026-06-14 06:26:43.203853,21.31
TEL-11977,MV Fleet_09,Container,9.46,6.0,5168,Underway,2026-06-14 06:41:43.203853,8.63
TEL-11978,MV Fleet_07,Container,18.37,6.0,47981,Underway,2026-06-14 06:56:43.203853,14.66
TEL-11979,MV Fleet_04,Bulk Carrier,14.61,1.0,31770,Anchored,2026-06-14 07:11:43.203853,7.28
TEL-11980,MV Fleet_13,Bulk Carrier,14.49,6.0,20223,Underway,2026-06-14 07:26:43.203853,12.37
TEL-11981,MV Fleet_17,Bulk Carrier,18.87,4.0,49220,Underway,2026-06-14 07:41:43.203853,11.27
TEL-11982,MV Fleet_02,Bulk Carrier,9.07,4.0,13027,Underway,2026-06-14 07:56:43.203853,9.56
TEL-11983,MV Fleet_05,Container,17.5,2.0,21291,Underway,2026-06-14 08:11:43.203853,6.07
TEL-11984,MV Fleet_12,LNG Carrier,20.35,4.0,48409,Underway,2026-06-14 08:26:43.203853,11.5
TEL-11985,MV Fleet_08,Bulk Carrier,21.25,5.0,30439,Underway,2026-06-14 08:41:43.203853,13.57
TEL-11986,MV Fleet_06,LNG Carrier,10.73,5.0,26521,Underway,2026-06-14 08:56:43.203853,10.8
TEL-11987,MV Fleet_08,Bulk Carrier,22.36,5.0,29715,Underway,2026-06-14 09:11:43.203853,12.97
TEL-11988,MV Fleet_18,Tanker,18.5,4.0,26618,Moored,2026-06-14 09:26:43.203853,13.56
TEL-11989,MV Fleet_03,Bulk Carrier,22.11,1.0,33999,Underway,2026-06-14 09:41:43.203853,9.18
TEL-11990,MV Fleet_12,Bulk Carrier,15.76,8.0,37992,Underway,2026-06-14 09:56:43.203853,17.91
TEL-11991,MV Fleet_03,Bulk Carrier,16.67,3.0,46517,Underway,2026-06-14 10:11:43.203853,11.14
TEL-11992,MV Fleet_06,Container,22.7,2.0,44350,Underway,2026-06-14 10:26:43.203853,9.9
TEL-11993,MV Fleet_02,Tanker,22.4,9.0,6573,Anchored,2026-06-14 10:41:43.203853,21.42
TEL-11994,MV Fleet_12,Bulk Carrier,15.17,7.0,13577,Underway,2026-06-14 10:56:43.203853,14.23
TEL-11995,MV Fleet_02,Bulk Carrier,12.39,9.0,13712,Underway,2026-06-14 11:11:43.203853,16.29
TEL-11996,MV Fleet_06,LNG Carrier,14.29,2.0,34948,Underway,2026-06-14 11:26:43.203853,5.82
TEL-11997,MV Fleet_17,Tanker,14.2,9.0,44531,Underway,2026-06-14 11:41:43.203853,18.81
TEL-11998,MV Fleet_03,Bulk Carrier,12.59,9.0,17164,Underway,2026-06-14 11:56:43.203853,16.19
TEL-11999,MV Fleet_02,LNG Carrier,12.3,9.0,10217,Anchored,2026-06-14 12:11:43.203853,15.85
TEL-12000,MV Fleet_20,LNG Carrier,21.78,4.0,24526,Moored,2026-06-14 12:26:43.203853,15.21
TEL-12001,MV Fleet_08,Container,9.12,3.0,36270,Underway,2026-06-14 12:41:43.203853,7.47
TEL-12002,MV Fleet_12,LNG Carrier,18.84,6.0,31409,Underway,2026-06-14 12:56:43.203853,15.32
TEL-12003,MV Fleet_04,Bulk Carrier,10.77,3.0,17734,Underway,2026-06-14 13:11:43.203853,6.19
TEL-12004,MV Fleet_05,Container,13.51,9.0,49121,Anchored,2026-06-14 13:26:43.203853,19.04
TEL-12005,MV Fleet_13,Container,8.98,3.0,41269,Underway,2026-06-14 13:41:43.203853,4.58
TEL-12006,MV Fleet_15,Bulk Carrier,12.32,2.0,18530,Underway,2026-06-14 13:56:43.203853,7.47
TEL-12007,MV Fleet_16,Tanker,20.29,8.0,17394,Underway,2026-06-14 14:11:43.203853,19.61
TEL-12008,MV Fleet_10,LNG Carrier,22.16,6.0,6499,Anchored,2026-06-14 14:26:43.203853,14.85
TEL-12009,MV Fleet_16,Container,11.54,8.0,32539,Underway,2026-06-14 14:41:43.203853,14.67
TEL-12010,MV Fleet_12,Tanker,15.42,7.0,14669,Underway,2026-06-14 14:56:43.203853,12.7
TEL-12011,MV Fleet_17,Bulk Carrier,15.53,3.0,33562,Underway,2026-06-14 15:11:43.203853,8.22
TEL-12012,MV Fleet_16,LNG Carrier,21.98,8.0,26629,Anchored,2026-06-14 15:26:43.203853,20.07
TEL-12013,MV Fleet_12,LNG Carrier,20.2,1.0,30746,Underway,2026-06-14 15:41:43.203853,6.6
TEL-12014,MV Fleet_08,Container,16.21,1.0,48287,Underway,2026-06-14 15:56:43.203853,2.54
TEL-12015,MV Fleet_20,LNG Carrier,18.73,8.0,23128,Underway,2026-06-14 16:11:43.203853,17.63
TEL-12016,MV Fleet_03,LNG Carrier,21.56,9.0,7039,Underway,2026-06-14 16:26:43.203853,21.22
TEL-12017,MV Fleet_16,LNG Carrier,8.15,6.0,46079,Underway,2026-06-14 16:41:43.203853,9.85
TEL-12018,MV Fleet_13,LNG Carrier,14.45,5.0,8857,Moored,2026-06-14 16:56:43.203853,11.23
TEL-12019,MV Fleet_19,Bulk Carrier,22.52,2.0,30896,Underway,2026-06-14 17:11:43.203853,10.7
TEL-12020,MV Fleet_08,Tanker,19.85,9.0,9950,Underway,2026-06-14 17:26:43.203853,18.4
TEL-12021,MV Fleet_05,Bulk Carrier,16.69,6.0,28471,Underway,2026-06-14 17:41:43.203853,16.71
TEL-12022,MV Fleet_20,Bulk Carrier,16.47,8.0,20441,Underway,2026-06-14 17:56:43.203853,17.16
TEL-12023,MV Fleet_08,Container,13.56,9.0,17735,Underway,2026-06-14 18:11:43.203853,16.23
TEL-12024,MV Fleet_12,LNG Carrier,16.33,9.0,27415,Moored,2026-06-14 18:26:43.203853,16.88
TEL-12025,MV Fleet_01,Bulk Carrier,18.49,8.0,39511,Underway,2026-06-14 18:41:43.203853,17.1
TEL-12026,MV Fleet_20,LNG Carrier,14.69,8.0,47406,Moored,2026-06-14 18:56:43.203853,15.31
TEL-12027,MV Fleet_06,Bulk Carrier,19.43,3.0,8616,Underway,2026-06-14 19:11:43.203853,10.76
TEL-12028,MV Fleet_18,Bulk Carrier,21.78,3.0,20383,Underway,2026-06-14 19:26:43.203853,13.75
TEL-12029,MV Fleet_08,Container,10.47,2.0,34756,Underway,2026-06-14 19:41:43.203853,3.96
TEL-12030,MV Fleet_07,Tanker,15.22,1.0,8894,Underway,2026-06-14 19:56:43.203853,5.86
TEL-12031,MV Fleet_01,Tanker,14.53,4.0,43995,Underway,2026-06-14 20:11:43.203853,10.98
TEL-12032,MV Fleet_16,Bulk Carrier,19.0,2.0,48232,Underway,2026-06-14 20:26:43.203853,7.96
TEL-12033,MV Fleet_12,Container,12.0,2.0,45615,Underway,2026-06-14 20:41:43.203853,4.71
TEL-12034,MV Fleet_06,LNG Carrier,18.24,5.0,9281,Underway,2026-06-14 20:56:43.203853,10.81
TEL-12035,MV Fleet_20,LNG Carrier,22.04,4.0,29647,Underway,2026-06-14 21:11:43.203853,16.2
TEL-12036,MV Fleet_02,Bulk Carrier,14.69,1.0,35036,Underway,2026-06-14 21:26:43.203853,6.12
TEL-12037,MV Fleet_14,Tanker,22.58,9.0,23584,Anchored,2026-06-14 21:41:43.203853,20.65
TEL-12038,MV Fleet_04,Container,23.89,4.0,39911,Underway,2026-06-14 21:56:43.203853,13.89
TEL-12039,MV Fleet_01,Tanker,9.7,5.0,37308,Underway,2026-06-14 22:11:43.203853,7.86
TEL-12040,MV Fleet_18,LNG Carrier,11.73,7.0,33333,Underway,2026-06-14 22:26:43.203853,13.37
TEL-12041,MV Fleet_13,Tanker,23.21,2.0,40949,Anchored,2026-06-14 22:41:43.203853,10.88
TEL-12042,MV Fleet_02,LNG Carrier,23.33,8.0,24259,Underway,2026-06-14 22:56:43.203853,19.09
TEL-12043,MV Fleet_09,Container,9.56,2.0,36794,Anchored,2026-06-14 23:11:43.203853,3.7
TEL-12044,MV Fleet_02,Container,8.24,5.0,44288,Underway,2026-06-14 23:26:43.203853,10.03
TEL-12045,MV Fleet_09,Bulk Carrier,10.58,2.0,18052,Underway,2026-06-14 23:41:43.203853,4.63
TEL-12046,MV Fleet_01,Bulk Carrier,23.94,2.0,17271,Underway,2026-06-14 23:56:43.203853,10.0
TEL-12047,MV Fleet_11,Tanker,10.88,4.0,37175,Moored,2026-06-15 00:11:43.203853,8.41
TEL-12048,MV Fleet_03,Container,16.04,4.0,13915,Moored,2026-06-15 00:26:43.203853,9.45
TEL-12049,MV Fleet_20,Container,21.57,8.0,21122,Moored,2026-06-15 00:41:43.203853,20.38
TEL-12050,MV Fleet_04,Bulk Carrier,8.33,6.0,49199,Underway,2026-06-15 00:56:43.203853,12.73
TEL-12051,MV Fleet_18,LNG Carrier,17.67,8.0,11918,Anchored,2026-06-15 01:11:43.203853,14.37
TEL-12052,MV Fleet_06,Tanker,12.43,7.0,45916,Underway,2026-06-15 01:26:43.203853,12.34
TEL-12053,MV Fleet_03,Tanker,21.8,4.0,35437,Underway,2026-06-15 01:41:43.203853,13.75
TEL-12054,MV Fleet_11,Bulk Carrier,12.54,2.0,18805,Underway,2026-06-15 01:56:43.203853,5.83
TEL-12055,MV Fleet_15,Container,18.99,9.0,24598,Underway,2026-06-15 02:11:43.203853,21.34
TEL-12056,MV Fleet_05,Bulk Carrier,18.79,2.0,45517,Moored,2026-06-15 02:26:43.203853,8.83
TEL-12057,MV Fleet_20,Bulk Carrier,11.54,1.0,7871,Underway,2026-06-15 02:41:43.203853,4.36
TEL-12058,MV Fleet_10,Bulk Carrier,8.56,8.0,42257,Underway,2026-06-15 02:56:43.203853,14.19
TEL-12059,MV Fleet_12,Bulk Carrier,14.55,9.0,42375,Underway,2026-06-15 03:11:43.203853,16.27
TEL-12060,MV Fleet_15,LNG Carrier,12.63,1.0,49879,Underway,2026-06-15 03:26:43.203853,5.25
TEL-12061,MV Fleet_17,LNG Carrier,20.94,7.0,28148,Underway,2026-06-15 03:41:43.203853,18.15
TEL-12062,MV Fleet_10,Container,20.81,2.0,10834,Anchored,2026-06-15 03:56:43.203853,10.12
TEL-12063,MV Fleet_06,Bulk Carrier,15.31,6.0,47680,Underway,2026-06-15 04:11:43.203853,10.26
TEL-12064,MV Fleet_18,LNG Carrier,17.7,5.0,8399,Underway,2026-06-15 04:26:43.203853,11.65
TEL-12065,MV Fleet_13,Container,17.67,1.0,26762,Underway,2026-06-15 04:41:43.203853,7.06
TEL-12066,MV Fleet_03,Bulk Carrier,21.23,2.0,45372,Underway,2026-06-15 04:56:43.203853,10.07
TEL-12067,MV Fleet_10,Tanker,14.8,2.0,15957,Underway,2026-06-15 05:11:43.203853,8.03
TEL-12068,MV Fleet_14,LNG Carrier,12.41,6.0,45499,Underway,2026-06-15 05:26:43.203853,13.03
TEL-12069,MV Fleet_06,Container,12.24,1.0,33340,Underway,2026-06-15 05:41:43.203853,4.84
TEL-12070,MV Fleet_03,Tanker,16.58,4.0,32138,Underway,2026-06-15 05:56:43.203853,11.87
TEL-12071,MV Fleet_16,Bulk Carrier,15.19,5.0,20808,Underway,2026-06-15 06:11:43.203853,12.33
TEL-12072,MV Fleet_07,Bulk Carrier,15.04,2.0,33243,Underway,2026-06-15 06:26:43.203853,6.22
TEL-12073,MV Fleet_20,Bulk Carrier,9.46,2.0,7261,Moored,2026-06-15 06:41:43.203853,4.82
TEL-12074,MV Fleet_14,LNG Carrier,19.5,7.0,16809,Anchored,2026-06-15 06:56:43.203853,15.09
TEL-12075,MV Fleet_09,Container,11.42,7.0,22696,Underway,2026-06-15 07:11:43.203853,15.25
TEL-12076,MV Fleet_15,Tanker,11.15,6.0,47824,Underway,2026-06-15 07:26:43.203853,9.53
TEL-12077,MV Fleet_03,Container,14.6,1.0,26891,Underway,2026-06-15 07:41:43.203853,2.19
TEL-12078,MV Fleet_02,LNG Carrier,11.64,3.0,24125,Anchored,2026-06-15 07:56:43.203853,10.28
TEL-12079,MV Fleet_02,Container,17.34,9.0,5997,Underway,2026-06-15 08:11:43.203853,18.47
TEL-12080,MV Fleet_03,LNG Carrier,13.94,1.0,11353,Anchored,2026-06-15 08:26:43.203853,6.37
TEL-12081,MV Fleet_18,Bulk Carrier,15.18,2.0,23703,Underway,2026-06-15 08:41:43.203853,8.18
TEL-12082,MV Fleet_14,Tanker,16.59,8.0,40975,Underway,2026-06-15 08:56:43.203853,18.31
TEL-12083,MV Fleet_20,Bulk Carrier,11.26,7.0,14275,Underway,2026-06-15 09:11:43.203853,13.84
TEL-12084,MV Fleet_18,Container,10.49,9.0,24965,Underway,2026-06-15 09:26:43.203853,16.57
TEL-12085,MV Fleet_10,Bulk Carrier,22.09,4.0,37419,Underway,2026-06-15 09:41:43.203853,10.2
TEL-12086,MV Fleet_02,Tanker,14.94,4.0,40854,Underway,2026-06-15 09:56:43.203853,8.52
TEL-12087,MV Fleet_01,Bulk Carrier,14.59,7.0,20973,Anchored,2026-06-15 10:11:43.203853,10.37
TEL-12088,MV Fleet_04,Tanker,8.57,1.0,28550,Anchored,2026-06-15 10:26:43.203853,1.81
TEL-12089,MV Fleet_14,Tanker,15.97,9.0,31878,Underway,2026-06-15 10:41:43.203853,17.14
TEL-12090,MV Fleet_01,Bulk Carrier,16.87,2.0,22105,Underway,2026-06-15 10:56:43.203853,7.7
TEL-12091,MV Fleet_14,LNG Carrier,16.94,1.0,38922,Underway,2026-06-15 11:11:43.203853,4.99
TEL-12092,MV Fleet_16,Container,19.31,7.0,21029,Underway,2026-06-15 11:26:43.203853,16.11
TEL-12093,MV Fleet_14,LNG Carrier,10.84,6.0,44935,Underway,2026-06-15 11:41:43.203853,10.52
TEL-12094,MV Fleet_20,LNG Carrier,12.04,3.0,37784,Underway,2026-06-15 11:56:43.203853,7.77
TEL-12095,MV Fleet_03,Bulk Carrier,20.97,1.0,36601,Underway,2026-06-15 12:11:43.203853,9.7
TEL-12096,MV Fleet_03,Container,23.15,5.0,44865,Underway,2026-06-15 12:26:43.203853,16.17
TEL-12097,MV Fleet_09,Container,10.17,4.0,36545,Moored,2026-06-15 12:41:43.203853,9.01
TEL-12098,MV Fleet_06,LNG Carrier,15.96,5.0,18165,Anchored,2026-06-15 12:56:43.203853,12.22
TEL-12099,MV Fleet_13,Bulk Carrier,11.43,,23616,Underway,2026-06-15 13:11:43.203853,5.8
TEL-12100,MV Fleet_02,Container,8.96,1.0,16654,Underway,2026-06-15 13:26:43.203853,5.96
TEL-12101,MV Fleet_08,LNG Carrier,13.21,5.0,22830,Moored,2026-06-15 13:41:43.203853,7.05
TEL-12102,MV Fleet_02,Container,10.3,6.0,21205,Underway,2026-06-15 13:56:43.203853,12.81
TEL-12103,MV Fleet_04,Bulk Carrier,19.36,5.0,47425,Underway,2026-06-15 14:11:43.203853,11.73
TEL-12104,MV Fleet_15,Bulk Carrier,16.54,2.0,16959,Underway,2026-06-15 14:26:43.203853,7.99
TEL-12105,MV Fleet_04,Bulk Carrier,10.3,9.0,27158,Underway,2026-06-15 14:41:43.203853,16.0
TEL-12106,MV Fleet_13,Container,8.15,5.0,16819,Underway,2026-06-15 14:56:43.203853,9.83
TEL-12107,MV Fleet_12,Tanker,20.93,5.0,40851,Moored,2026-06-15 15:11:43.203853,14.46
TEL-12108,MV Fleet_13,Container,10.82,9.0,47503,Underway,2026-06-15 15:26:43.203853,15.78
TEL-12109,MV Fleet_14,Tanker,17.7,3.0,11952,Anchored,2026-06-15 15:41:43.203853,10.31
TEL-12110,MV Fleet_20,Bulk Carrier,13.39,5.0,29225,Underway,2026-06-15 15:56:43.203853,10.27
TEL-12111,MV Fleet_18,LNG Carrier,17.37,5.0,47231,Underway,2026-06-15 16:11:43.203853,9.78
TEL-12112,MV Fleet_06,Tanker,13.05,2.0,10391,Moored,2026-06-15 16:26:43.203853,6.15
TEL-12113,MV Fleet_11,Bulk Carrier,9.39,4.0,19468,Anchored,2026-06-15 16:41:43.203853,6.68
TEL-12114,MV Fleet_02,Bulk Carrier,11.57,2.0,20091,Underway,2026-06-15 16:56:43.203853,4.32
TEL-12115,MV Fleet_19,Tanker,11.01,5.0,35237,Underway,2026-06-15 17:11:43.203853,8.46
TEL-12116,MV Fleet_19,LNG Carrier,14.85,2.0,13964,Underway,2026-06-15 17:26:43.203853,3.97
TEL-12117,MV Fleet_05,Bulk Carrier,18.53,9.0,45682,Underway,2026-06-15 17:41:43.203853,18.62
TEL-12118,MV Fleet_19,Tanker,12.22,6.0,31968,Underway,2026-06-15 17:56:43.203853,11.82
TEL-12119,MV Fleet_02,LNG Carrier,8.19,8.0,45205,Underway,2026-06-15 18:11:43.203853,14.58
TEL-12120,MV Fleet_10,LNG Carrier,16.3,9.0,16371,Underway,2026-06-15 18:26:43.203853,17.21
TEL-12121,MV Fleet_02,Bulk Carrier,17.69,8.0,47541,Underway,2026-06-15 18:41:43.203853,19.65
TEL-12122,MV Fleet_11,Container,23.41,5.0,30681,Underway,2026-06-15 18:56:43.203853,16.89
TEL-12123,MV Fleet_18,Container,17.43,5.0,33285,Underway,2026-06-15 19:11:43.203853,10.97
TEL-12124,MV Fleet_15,Bulk Carrier,15.54,6.0,42971,Underway,2026-06-15 19:26:43.203853,12.51
TEL-12125,MV Fleet_09,LNG Carrier,17.17,1.0,20430,Moored,2026-06-15 19:41:43.203853,9.56
TEL-12126,MV Fleet_19,Bulk Carrier,22.85,8.0,14033,Anchored,2026-06-15 19:56:43.203853,21.31
TEL-12127,MV Fleet_09,Tanker,21.25,2.0,24918,Underway,2026-06-15 20:11:43.203853,9.43
TEL-12128,MV Fleet_03,Container,13.17,6.0,23256,Underway,2026-06-15 20:26:43.203853,13.54
TEL-12129,MV Fleet_09,Tanker,11.8,9.0,36188,Underway,2026-06-15 20:41:43.203853,14.26
TEL-12130,MV Fleet_14,Bulk Carrier,12.2,3.0,41088,Underway,2026-06-15 20:56:43.203853,6.48
TEL-12131,MV Fleet_19,Bulk Carrier,16.07,2.0,19979,Underway,2026-06-15 21:11:43.203853,4.0
TEL-12132,MV Fleet_07,LNG Carrier,19.9,5.0,7728,Underway,2026-06-15 21:26:43.203853,14.86
TEL-12133,MV Fleet_16,LNG Carrier,16.05,9.0,6595,Moored,2026-06-15 21:41:43.203853,16.23
TEL-12134,MV Fleet_16,LNG Carrier,9.08,6.0,37624,Underway,2026-06-15 21:56:43.203853,10.58
TEL-12135,MV Fleet_01,Tanker,19.58,8.0,36568,Underway,2026-06-15 22:11:43.203853,15.96
TEL-12136,MV Fleet_04,LNG Carrier,20.9,8.0,7288,Underway,2026-06-15 22:26:43.203853,19.32
TEL-12137,MV Fleet_04,Bulk Carrier,12.63,7.0,44613,Underway,2026-06-15 22:41:43.203853,13.37
TEL-12138,MV Fleet_07,LNG Carrier,18.63,5.0,45431,Underway,2026-06-15 22:56:43.203853,11.06
TEL-12139,MV Fleet_08,Container,14.83,2.0,34011,Moored,2026-06-15 23:11:43.203853,6.2
TEL-12140,MV Fleet_17,LNG Carrier,22.23,5.0,22127,Underway,2026-06-15 23:26:43.203853,15.5
TEL-12141,MV Fleet_05,Tanker,21.52,7.0,22878,Underway,2026-06-15 23:41:43.203853,18.54
TEL-12142,MV Fleet_07,Container,16.41,7.0,11944,Underway,2026-06-15 23:56:43.203853,17.53
TEL-12143,MV Fleet_20,Container,19.06,2.0,17302,Anchored,2026-06-16 00:11:43.203853,10.83
TEL-12144,MV Fleet_20,Container,22.13,7.0,47948,Anchored,2026-06-16 00:26:43.203853,17.19
TEL-12145,MV Fleet_04,Tanker,15.93,6.0,5207,Underway,2026-06-16 00:41:43.203853,12.36
TEL-12146,MV Fleet_06,Bulk Carrier,13.01,7.0,6083,Underway,2026-06-16 00:56:43.203853,11.49
TEL-12147,MV Fleet_07,LNG Carrier,20.06,8.0,8311,Underway,2026-06-16 01:11:43.203853,17.03
TEL-12148,MV Fleet_18,Container,11.52,4.0,28135,Underway,2026-06-16 01:26:43.203853,9.84
TEL-12149,MV Fleet_05,Container,14.22,1.0,46356,Underway,2026-06-16 01:41:43.203853,2.76
TEL-12150,MV Fleet_20,Container,21.85,8.0,36219,Underway,2026-06-16 01:56:43.203853,19.34
TEL-12151,MV Fleet_03,Bulk Carrier,19.59,8.0,21592,Moored,2026-06-16 02:11:43.203853,17.84
TEL-12152,MV Fleet_07,Bulk Carrier,14.46,3.0,28932,Underway,2026-06-16 02:26:43.203853,7.12
TEL-12153,MV Fleet_14,Tanker,11.44,3.0,24040,Underway,2026-06-16 02:41:43.203853,5.07
TEL-12154,MV Fleet_07,Bulk Carrier,13.7,5.0,10850,Underway,2026-06-16 02:56:43.203853,8.08
TEL-12155,MV Fleet_05,LNG Carrier,12.55,3.0,36716,Underway,2026-06-16 03:11:43.203853,5.51
TEL-12156,MV Fleet_05,Tanker,10.82,5.0,17719,Underway,2026-06-16 03:26:43.203853,9.67
TEL-12157,MV Fleet_02,Tanker,19.89,8.0,26777,Underway,2026-06-16 03:41:43.203853,19.35
TEL-12158,MV Fleet_06,LNG Carrier,12.03,1.0,22022,Underway,2026-06-16 03:56:43.203853,6.66
TEL-12159,MV Fleet_15,LNG Carrier,15.27,2.0,38996,Underway,2026-06-16 04:11:43.203853,7.62
TEL-12160,MV Fleet_10,LNG Carrier,14.17,2.0,32945,Anchored,2026-06-16 04:26:43.203853,7.51
TEL-12161,MV Fleet_07,Tanker,23.71,4.0,33788,Underway,2026-06-16 04:41:43.203853,17.11
TEL-12162,MV Fleet_05,Tanker,14.26,9.0,9019,Underway,2026-06-16 04:56:43.203853,17.67
TEL-12163,MV Fleet_01,Tanker,9.28,2.0,14482,Underway,2026-06-16 05:11:43.203853,6.24
TEL-12164,MV Fleet_13,LNG Carrier,9.44,9.0,23580,Underway,2026-06-16 05:26:43.203853,14.75
TEL-12165,MV Fleet_18,LNG Carrier,17.45,7.0,14895,Underway,2026-06-16 05:41:43.203853,16.75
TEL-12166,MV Fleet_13,Container,17.59,8.0,19135,Underway,2026-06-16 05:56:43.203853,17.55
TEL-12167,MV Fleet_18,Bulk Carrier,14.7,1.0,15387,Underway,2026-06-16 06:11:43.203853,5.0
TEL-12168,MV Fleet_05,Container,14.91,5.0,34136,Moored,2026-06-16 06:26:43.203853,13.77
TEL-12169,MV Fleet_13,LNG Carrier,8.86,9.0,22359,Underway,2026-06-16 06:41:43.203853,13.33
TEL-12170,MV Fleet_04,Tanker,16.26,4.0,11121,Anchored,2026-06-16 06:56:43.203853,9.29
TEL-12171,MV Fleet_17,LNG Carrier,16.08,2.0,38796,Underway,2026-06-16 07:11:43.203853,9.26
TEL-12172,MV Fleet_03,Bulk Carrier,10.39,6.0,21909,Anchored,2026-06-16 07:26:43.203853,12.6
TEL-12173,MV Fleet_17,Container,9.66,2.0,7327,Underway,2026-06-16 07:41:43.203853,4.91
TEL-12174,MV Fleet_11,Container,9.98,3.0,23930,Anchored,2026-06-16 07:56:43.203853,7.01
TEL-12175,MV Fleet_20,Tanker,9.62,8.0,40251,Underway,2026-06-16 08:11:43.203853,14.65
TEL-12176,MV Fleet_04,Container,17.76,3.0,40502,Underway,2026-06-16 08:26:43.203853,10.37
TEL-12177,MV Fleet_02,Container,11.14,2.0,36547,Underway,2026-06-16 08:41:43.203853,5.77
TEL-12178,MV Fleet_20,LNG Carrier,12.02,6.0,36688,Underway,2026-06-16 08:56:43.203853,10.48
TEL-12179,MV Fleet_16,Container,10.78,3.0,47498,Underway,2026-06-16 09:11:43.203853,8.64
TEL-12180,MV Fleet_18,Container,23.33,1.0,47870,Underway,2026-06-16 09:26:43.203853,9.66
TEL-12181,MV Fleet_08,Container,21.67,3.0,12304,Underway,2026-06-16 09:41:43.203853,10.48
TEL-12182,MV Fleet_03,Tanker,11.69,6.0,9049,Underway,2026-06-16 09:56:43.203853,11.82
TEL-12183,MV Fleet_09,Tanker,13.24,3.0,19947,Underway,2026-06-16 10:11:43.203853,8.25
TEL-12184,MV Fleet_20,LNG Carrier,11.36,9.0,14495,Anchored,2026-06-16 10:26:43.203853,16.58
TEL-12185,MV Fleet_06,Container,15.87,7.0,29707,Anchored,2026-06-16 10:41:43.203853,16.36
TEL-12186,MV Fleet_10,Tanker,8.31,5.0,38160,Underway,2026-06-16 10:56:43.203853,8.39
TEL-12187,MV Fleet_10,Tanker,18.74,2.0,49544,Underway,2026-06-16 11:11:43.203853,8.73
TEL-12188,MV Fleet_13,LNG Carrier,16.37,9.0,48635,Anchored,2026-06-16 11:26:43.203853,16.87
TEL-12189,MV Fleet_17,Bulk Carrier,22.38,5.0,35706,Anchored,2026-06-16 11:41:43.203853,15.74
TEL-12190,MV Fleet_09,Container,10.63,7.0,40234,Underway,2026-06-16 11:56:43.203853,11.44
TEL-12191,MV Fleet_17,Tanker,20.87,9.0,38993,Anchored,2026-06-16 12:11:43.203853,19.62
TEL-12192,MV Fleet_09,LNG Carrier,20.67,4.0,19987,Underway,2026-06-16 12:26:43.203853,14.36
TEL-12193,MV Fleet_09,LNG Carrier,10.03,9.0,24089,Underway,2026-06-16 12:41:43.203853,15.72
TEL-12194,MV Fleet_01,LNG Carrier,14.38,1.0,5461,Underway,2026-06-16 12:56:43.203853,7.35
TEL-12195,MV Fleet_02,Tanker,10.72,6.0,14993,Underway,2026-06-16 13:11:43.203853,13.02
TEL-12196,MV Fleet_16,Container,12.08,2.0,16465,Underway,2026-06-16 13:26:43.203853,6.09
TEL-12197,MV Fleet_01,Bulk Carrier,12.21,8.0,21535,Underway,2026-06-16 13:41:43.203853,15.35
TEL-12198,MV Fleet_10,Container,16.9,5.0,37640,Underway,2026-06-16 13:56:43.203853,12.03
TEL-12199,MV Fleet_18,LNG Carrier,14.58,3.0,15461,Underway,2026-06-16 14:11:43.203853,9.87
TEL-12200,MV Fleet_08,LNG Carrier,23.16,2.0,17366,Underway,2026-06-16 14:26:43.203853,11.9
TEL-12201,MV Fleet_11,Bulk Carrier,10.02,8.0,34895,Underway,2026-06-16 14:41:43.203853,15.38
TEL-12202,MV Fleet_02,Container,23.58,7.0,6785,Underway,2026-06-16 14:56:43.203853,18.15
TEL-12203,MV Fleet_08,LNG Carrier,11.69,9.0,11242,Underway,2026-06-16 15:11:43.203853,14.07
TEL-12204,MV Fleet_08,LNG Carrier,20.37,8.0,29529,Anchored,2026-06-16 15:26:43.203853,19.47
TEL-12205,MV Fleet_17,Container,13.42,4.0,11356,Anchored,2026-06-16 15:41:43.203853,10.36
TEL-12206,MV Fleet_15,LNG Carrier,10.29,2.0,28229,Underway,2026-06-16 15:56:43.203853,5.22
TEL-12207,MV Fleet_17,Container,21.73,2.0,24844,Underway,2026-06-16 16:11:43.203853,11.37
TEL-12208,MV Fleet_13,LNG Carrier,12.94,2.0,23220,Underway,2026-06-16 16:26:43.203853,4.83
TEL-12209,MV Fleet_19,Container,18.54,6.0,47357,Moored,2026-06-16 16:41:43.203853,16.13
TEL-12210,MV Fleet_05,Bulk Carrier,17.06,7.0,30651,Underway,2026-06-16 16:56:43.203853,17.23
TEL-12211,MV Fleet_12,LNG Carrier,15.55,6.0,36686,Underway,2026-06-16 17:11:43.203853,14.78
TEL-12212,MV Fleet_01,Bulk Carrier,15.93,2.0,27127,Underway,2026-06-16 17:26:43.203853,7.61
TEL-12213,MV Fleet_05,LNG Carrier,19.72,4.0,27662,Anchored,2026-06-16 17:41:43.203853,14.14
TEL-12214,MV Fleet_08,LNG Carrier,9.4,3.0,39261,Underway,2026-06-16 17:56:43.203853,4.59
TEL-12215,MV Fleet_13,Tanker,18.69,4.0,30360,Underway,2026-06-16 18:11:43.203853,12.67
TEL-12216,MV Fleet_08,Container,22.33,5.0,42931,Underway,2026-06-16 18:26:43.203853,16.43
TEL-12217,MV Fleet_11,Bulk Carrier,8.92,7.0,47380,Underway,2026-06-16 18:41:43.203853,12.9
TEL-12218,MV Fleet_01,Bulk Carrier,10.25,9.0,19297,Underway,2026-06-16 18:56:43.203853,14.18
TEL-12219,MV Fleet_13,Bulk Carrier,19.47,2.0,43472,Underway,2026-06-16 19:11:43.203853,9.57
TEL-12220,MV Fleet_19,Container,15.0,8.0,27788,Underway,2026-06-16 19:26:43.203853,15.61
TEL-12221,MV Fleet_03,Tanker,14.46,3.0,44456,Anchored,2026-06-16 19:41:43.203853,5.32
TEL-12222,MV Fleet_17,Bulk Carrier,10.19,9.0,32011,Underway,2026-06-16 19:56:43.203853,13.8
TEL-12223,MV Fleet_05,Container,16.11,4.0,33057,Underway,2026-06-16 20:11:43.203853,12.25
TEL-12224,MV Fleet_20,LNG Carrier,10.02,3.0,23447,Anchored,2026-06-16 20:26:43.203853,5.91
TEL-12225,MV Fleet_08,Bulk Carrier,15.63,6.0,23404,Underway,2026-06-16 20:41:43.203853,14.87
TEL-12226,MV Fleet_14,Bulk Carrier,20.22,9.0,26141,Anchored,2026-06-16 20:56:43.203853,21.85
TEL-12227,MV Fleet_04,Tanker,12.13,7.0,27307,Anchored,2026-06-16 21:11:43.203853,14.1
TEL-12228,MV Fleet_11,Bulk Carrier,15.69,4.0,15341,Underway,2026-06-16 21:26:43.203853,9.39
TEL-12229,MV Fleet_20,Bulk Carrier,23.87,3.0,45121,Underway,2026-06-16 21:41:43.203853,14.71
TEL-12230,MV Fleet_15,LNG Carrier,18.99,4.0,14142,Underway,2026-06-16 21:56:43.203853,12.28
TEL-12231,MV Fleet_19,Container,21.46,3.0,45984,Moored,2026-06-16 22:11:43.203853,11.91
TEL-12232,MV Fleet_07,Container,14.64,3.0,20932,Underway,2026-06-16 22:26:43.203853,6.97
TEL-12233,MV Fleet_19,Tanker,20.29,9.0,17017,Underway,2026-06-16 22:41:43.203853,19.42
TEL-12234,MV Fleet_19,LNG Carrier,8.65,4.0,38337,Underway,2026-06-16 22:56:43.203853,6.22
TEL-12235,MV Fleet_11,Container,9.97,9.0,42880,Anchored,2026-06-16 23:11:43.203853,16.93
TEL-12236,MV Fleet_05,LNG Carrier,11.25,5.0,6355,Anchored,2026-06-16 23:26:43.203853,12.25
TEL-12237,MV Fleet_05,Container,14.43,7.0,45824,Moored,2026-06-16 23:41:43.203853,15.63
TEL-12238,MV Fleet_08,LNG Carrier,21.53,5.0,21086,Underway,2026-06-16 23:56:43.203853,15.18
TEL-12239,MV Fleet_10,Tanker,13.54,1.0,26515,Underway,2026-06-17 00:11:43.203853,4.4
TEL-12240,MV Fleet_06,Bulk Carrier,18.47,2.0,19220,Underway,2026-06-17 00:26:43.203853,9.4
TEL-12241,MV Fleet_15,Tanker,19.35,5.0,38602,Underway,2026-06-17 00:41:43.203853,13.03
TEL-12242,MV Fleet_16,Container,17.38,6.0,16308,Underway,2026-06-17 00:56:43.203853,14.08
TEL-12243,MV Fleet_17,Tanker,13.72,7.0,5969,Underway,2026-06-17 01:11:43.203853,12.7
TEL-12244,MV Fleet_08,Bulk Carrier,17.23,2.0,38360,Underway,2026-06-17 01:26:43.203853,9.03
TEL-12245,MV Fleet_08,Tanker,13.48,9.0,5254,Moored,2026-06-17 01:41:43.203853,17.88
TEL-12246,MV Fleet_09,Container,9.34,6.0,15306,Underway,2026-06-17 01:56:43.203853,12.15
TEL-12247,MV Fleet_02,Container,23.88,2.0,32541,Moored,2026-06-17 02:11:43.203853,12.64
TEL-12248,MV Fleet_15,Tanker,10.03,2.0,7661,Underway,2026-06-17 02:26:43.203853,5.75
TEL-12249,MV Fleet_18,Bulk Carrier,9.16,3.0,20309,Underway,2026-06-17 02:41:43.203853,4.66
TEL-12250,MV Fleet_03,Tanker,22.06,1.0,46562,Underway,2026-06-17 02:56:43.203853,7.57
TEL-12251,MV Fleet_17,Bulk Carrier,12.83,9.0,23223,Underway,2026-06-17 03:11:43.203853,17.06
TEL-12252,MV Fleet_04,LNG Carrier,18.4,4.0,10905,Underway,2026-06-17 03:26:43.203853,13.3
TEL-12253,MV Fleet_04,Bulk Carrier,13.26,5.0,7431,Underway,2026-06-17 03:41:43.203853,10.34
TEL-12254,MV Fleet_14,LNG Carrier,14.26,7.0,12756,Anchored,2026-06-17 03:56:43.203853,14.17
TEL-12255,MV Fleet_09,Tanker,12.19,1.0,10353,Anchored,2026-06-17 04:11:43.203853,4.33
TEL-12256,MV Fleet_09,Bulk Carrier,13.49,3.0,6737,Underway,2026-06-17 04:26:43.203853,5.07
TEL-12257,MV Fleet_18,LNG Carrier,14.57,3.0,21868,Anchored,2026-06-17 04:41:43.203853,8.66
TEL-12258,MV Fleet_10,LNG Carrier,19.53,2.0,37476,Underway,2026-06-17 04:56:43.203853,8.43
TEL-12259,MV Fleet_04,LNG Carrier,16.18,8.0,29325,Moored,2026-06-17 05:11:43.203853,17.46
TEL-12260,MV Fleet_12,Container,23.1,5.0,17326,Underway,2026-06-17 05:26:43.203853,15.77
TEL-12261,MV Fleet_08,Tanker,8.67,1.0,29586,Moored,2026-06-17 05:41:43.203853,2.8
TEL-12262,MV Fleet_02,LNG Carrier,16.05,2.0,17911,Underway,2026-06-17 05:56:43.203853,7.24
TEL-12263,MV Fleet_13,Bulk Carrier,17.35,1.0,34080,Anchored,2026-06-17 06:11:43.203853,6.12
TEL-12264,MV Fleet_16,LNG Carrier,22.72,6.0,27635,Underway,2026-06-17 06:26:43.203853,15.05
TEL-12265,MV Fleet_02,Container,8.79,9.0,10213,Underway,2026-06-17 06:41:43.203853,16.54
TEL-12266,MV Fleet_11,Tanker,17.18,7.0,43995,Underway,2026-06-17 06:56:43.203853,14.58
TEL-12267,MV Fleet_10,Container,21.66,5.0,32940,Underway,2026-06-17 07:11:43.203853,14.26
TEL-12268,MV Fleet_15,Container,11.87,3.0,49047,Underway,2026-06-17 07:26:43.203853,7.3
TEL-12269,MV Fleet_17,Container,22.02,8.0,28365,Moored,2026-06-17 07:41:43.203853,18.0
TEL-12270,MV Fleet_08,Bulk Carrier,8.3,4.0,13796,Underway,2026-06-17 07:56:43.203853,6.71
TEL-12271,MV Fleet_18,Tanker,19.72,9.0,22352,Underway,2026-06-17 08:11:43.203853,22.73
TEL-12272,MV Fleet_09,Tanker,22.93,5.0,21820,Underway,2026-06-17 08:26:43.203853,16.22
TEL-12273,MV Fleet_08,Bulk Carrier,18.52,6.0,15966,Underway,2026-06-17 08:41:43.203853,13.43
TEL-12274,MV Fleet_14,Tanker,15.02,5.0,6809,Underway,2026-06-17 08:56:43.203853,8.38
TEL-12275,MV Fleet_18,Container,8.72,7.0,44314,Underway,2026-06-17 09:11:43.203853,13.59
TEL-12276,MV Fleet_20,Tanker,22.72,7.0,45875,Underway,2026-06-17 09:26:43.203853,17.07
TEL-12277,MV Fleet_20,Bulk Carrier,15.52,1.0,10505,Anchored,2026-06-17 09:41:43.203853,4.92
TEL-12278,MV Fleet_12,Container,8.46,2.0,35649,Underway,2026-06-17 09:56:43.203853,3.88
TEL-12279,MV Fleet_19,Bulk Carrier,19.04,7.0,10257,Anchored,2026-06-17 10:11:43.203853,15.12
TEL-12280,MV Fleet_14,LNG Carrier,15.71,8.0,20051,Moored,2026-06-17 10:26:43.203853,16.21
TEL-12281,MV Fleet_17,Container,9.99,4.0,9909,Underway,2026-06-17 10:41:43.203853,7.17
TEL-12282,MV Fleet_03,Container,11.43,6.0,32345,Anchored,2026-06-17 10:56:43.203853,12.43
TEL-12283,MV Fleet_07,Tanker,9.03,3.0,19866,Underway,2026-06-17 11:11:43.203853,6.4
TEL-12284,MV Fleet_17,Container,17.19,7.0,47789,Underway,2026-06-17 11:26:43.203853,17.68
TEL-12285,MV Fleet_12,Bulk Carrier,17.95,3.0,29868,Underway,2026-06-17 11:41:43.203853,12.1
TEL-12286,MV Fleet_09,Tanker,16.09,7.0,33527,Underway,2026-06-17 11:56:43.203853,13.57
TEL-12287,MV Fleet_15,LNG Carrier,21.07,8.0,5461,Moored,2026-06-17 12:11:43.203853,18.63
TEL-12288,MV Fleet_18,Bulk Carrier,21.78,3.0,33460,Underway,2026-06-17 12:26:43.203853,15.26
TEL-12289,MV Fleet_13,LNG Carrier,17.85,2.0,8233,Underway,2026-06-17 12:41:43.203853,6.63
TEL-12290,MV Fleet_08,LNG Carrier,8.2,6.0,17128,Underway,2026-06-17 12:56:43.203853,11.63
TEL-12291,MV Fleet_14,LNG Carrier,19.12,4.0,10202,Underway,2026-06-17 13:11:43.203853,12.86
TEL-12292,MV Fleet_08,Container,14.69,8.0,40707,Moored,2026-06-17 13:26:43.203853,14.58
TEL-12293,MV Fleet_14,Bulk Carrier,17.05,2.0,36258,Underway,2026-06-17 13:41:43.203853,6.76
TEL-12294,MV Fleet_07,Bulk Carrier,18.39,4.0,36238,Underway,2026-06-17 13:56:43.203853,14.41
TEL-12295,MV Fleet_12,Container,13.6,2.0,18722,Underway,2026-06-17 14:11:43.203853,9.12
TEL-12296,MV Fleet_11,Tanker,22.67,2.0,23047,Underway,2026-06-17 14:26:43.203853,11.7
TEL-12297,MV Fleet_11,LNG Carrier,10.14,2.0,8301,Underway,2026-06-17 14:41:43.203853,2.97
TEL-12298,MV Fleet_13,Bulk Carrier,18.74,1.0,37544,Underway,2026-06-17 14:56:43.203853,9.22
TEL-12299,MV Fleet_18,Container,8.07,4.0,36583,Underway,2026-06-17 15:11:43.203853,5.31
TEL-12300,MV Fleet_02,LNG Carrier,22.79,2.0,32513,Anchored,2026-06-17 15:26:43.203853,12.21
TEL-12301,MV Fleet_15,Tanker,9.8,9.0,20640,Underway,2026-06-17 15:41:43.203853,13.01
TEL-12302,MV Fleet_20,Tanker,9.52,9.0,27413,Anchored,2026-06-17 15:56:43.203853,15.36
TEL-12303,MV Fleet_18,LNG Carrier,13.33,7.0,21805,Moored,2026-06-17 16:11:43.203853,15.1
TEL-12304,MV Fleet_15,Tanker,13.98,6.0,25133,Moored,2026-06-17 16:26:43.203853,8.31
TEL-12305,MV Fleet_19,Bulk Carrier,11.43,3.0,26355,Underway,2026-06-17 16:41:43.203853,6.22
TEL-12306,MV Fleet_12,Bulk Carrier,17.36,7.0,28229,Moored,2026-06-17 16:56:43.203853,15.85
TEL-12307,MV Fleet_13,Bulk Carrier,15.09,1.0,9433,Anchored,2026-06-17 17:11:43.203853,5.02
TEL-12308,MV Fleet_11,Tanker,8.55,9.0,38033,Anchored,2026-06-17 17:26:43.203853,14.03
TEL-12309,MV Fleet_05,Bulk Carrier,13.11,4.0,40618,Underway,2026-06-17 17:41:43.203853,8.98
TEL-12310,MV Fleet_01,Container,20.97,6.0,6378,Underway,2026-06-17 17:56:43.203853,17.62
TEL-12311,MV Fleet_03,Bulk Carrier,19.04,6.0,11503,Moored,2026-06-17 18:11:43.203853,17.04
TEL-12312,MV Fleet_19,Bulk Carrier,19.6,3.0,44925,Underway,2026-06-17 18:26:43.203853,11.85
TEL-12313,MV Fleet_07,Tanker,19.17,4.0,47774,Underway,2026-06-17 18:41:43.203853,14.39
TEL-12314,MV Fleet_12,Bulk Carrier,12.98,3.0,38617,Underway,2026-06-17 18:56:43.203853,6.82
TEL-12315,MV Fleet_15,LNG Carrier,9.59,6.0,9814,Moored,2026-06-17 19:11:43.203853,11.76
TEL-12316,MV Fleet_05,Container,12.36,1.0,28763,Underway,2026-06-17 19:26:43.203853,2.85
TEL-12317,MV Fleet_15,Tanker,21.31,8.0,15000,Moored,2026-06-17 19:41:43.203853,23.65
TEL-12318,MV Fleet_08,Container,23.69,8.0,20288,Underway,2026-06-17 19:56:43.203853,20.84
TEL-12319,MV Fleet_10,LNG Carrier,15.9,9.0,8274,Underway,2026-06-17 20:11:43.203853,19.12
TEL-12320,MV Fleet_16,Tanker,8.16,6.0,19227,Underway,2026-06-17 20:26:43.203853,7.78
TEL-12321,MV Fleet_08,Tanker,10.24,1.0,22279,Underway,2026-06-17 20:41:43.203853,4.76
TEL-12322,MV Fleet_01,Bulk Carrier,13.15,3.0,14368,Underway,2026-06-17 20:56:43.203853,7.86
TEL-12323,MV Fleet_12,Container,17.26,1.0,49713,Underway,2026-06-17 21:11:43.203853,7.27
TEL-12324,MV Fleet_05,LNG Carrier,9.2,5.0,47736,Underway,2026-06-17 21:26:43.203853,9.26
TEL-12325,MV Fleet_03,LNG Carrier,23.09,3.0,36006,Underway,2026-06-17 21:41:43.203853,12.64
TEL-12326,MV Fleet_01,Tanker,13.84,2.0,32380,Underway,2026-06-17 21:56:43.203853,6.02
TEL-12327,MV Fleet_04,Bulk Carrier,22.6,3.0,32968,Underway,2026-06-17 22:11:43.203853,12.38
TEL-12328,MV Fleet_08,Tanker,20.49,9.0,14651,Underway,2026-06-17 22:26:43.203853,22.49
TEL-12329,MV Fleet_03,Tanker,20.09,8.0,18903,Underway,2026-06-17 22:41:43.203853,18.01
TEL-12330,MV Fleet_10,Tanker,17.71,3.0,23927,Underway,2026-06-17 22:56:43.203853,13.19
TEL-12331,MV Fleet_02,Tanker,18.03,2.0,12771,Moored,2026-06-17 23:11:43.203853,8.55
TEL-12332,MV Fleet_11,LNG Carrier,18.21,5.0,18460,Underway,2026-06-17 23:26:43.203853,15.15
TEL-12333,MV Fleet_10,LNG Carrier,18.06,1.0,9637,Underway,2026-06-17 23:41:43.203853,8.69
TEL-12334,MV Fleet_14,Tanker,16.86,4.0,45834,Underway,2026-06-17 23:56:43.203853,8.53
TEL-12335,MV Fleet_07,Tanker,23.78,8.0,8553,Underway,2026-06-18 00:11:43.203853,18.71
TEL-12336,MV Fleet_02,Bulk Carrier,19.72,1.0,39117,Underway,2026-06-18 00:26:43.203853,6.84
TEL-12337,MV Fleet_09,Tanker,20.43,5.0,40754,Underway,2026-06-18 00:41:43.203853,11.94
TEL-12338,MV Fleet_16,LNG Carrier,21.96,4.0,28580,Underway,2026-06-18 00:56:43.203853,13.02
TEL-12339,MV Fleet_13,Container,11.45,6.0,16522,Underway,2026-06-18 01:11:43.203853,11.57
TEL-12340,MV Fleet_09,LNG Carrier,9.34,7.0,39890,Underway,2026-06-18 01:26:43.203853,13.26
TEL-12341,MV Fleet_20,Bulk Carrier,15.73,9.0,33204,Underway,2026-06-18 01:41:43.203853,18.1
TEL-12342,MV Fleet_04,LNG Carrier,16.23,1.0,18892,Underway,2026-06-18 01:56:43.203853,6.07
TEL-12343,MV Fleet_10,Container,21.27,4.0,13689,Underway,2026-06-18 02:11:43.203853,14.77
TEL-12344,MV Fleet_12,Tanker,15.1,6.0,33063,Moored,2026-06-18 02:26:43.203853,14.37
TEL-12345,MV Fleet_17,Container,17.13,7.0,19062,Underway,2026-06-18 02:41:43.203853,18.37
TEL-12346,MV Fleet_14,Tanker,16.43,7.0,6363,Anchored,2026-06-18 02:56:43.203853,15.44
TEL-12347,MV Fleet_14,Tanker,8.61,8.0,21691,Underway,2026-06-18 03:11:43.203853,9.94
TEL-12348,MV Fleet_02,LNG Carrier,17.84,8.0,7751,Anchored,2026-06-18 03:26:43.203853,18.0
TEL-12349,MV Fleet_20,LNG Carrier,21.25,8.0,12782,Underway,2026-06-18 03:41:43.203853,22.62
TEL-12350,MV Fleet_11,LNG Carrier,10.52,8.0,22648,Underway,2026-06-18 03:56:43.203853,15.72
TEL-12351,MV Fleet_16,Bulk Carrier,17.51,8.0,17540,Underway,2026-06-18 04:11:43.203853,19.08
TEL-12352,MV Fleet_19,LNG Carrier,17.5,6.0,10339,Underway,2026-06-18 04:26:43.203853,14.33
TEL-12353,MV Fleet_06,Bulk Carrier,10.63,9.0,32020,Underway,2026-06-18 04:41:43.203853,17.09
TEL-12354,MV Fleet_19,LNG Carrier,9.98,3.0,32609,Underway,2026-06-18 04:56:43.203853,8.46
TEL-12355,MV Fleet_05,Tanker,23.68,6.0,10848,Underway,2026-06-18 05:11:43.203853,17.18
TEL-12356,MV Fleet_04,Bulk Carrier,14.3,5.0,21877,Underway,2026-06-18 05:26:43.203853,10.43
TEL-12357,MV Fleet_15,Container,11.64,8.0,23405,Underway,2026-06-18 05:41:43.203853,15.28
TEL-12358,MV Fleet_04,Bulk Carrier,10.74,4.0,26471,Underway,2026-06-18 05:56:43.203853,9.72
TEL-12359,MV Fleet_20,Bulk Carrier,18.68,4.0,8302,Underway,2026-06-18 06:11:43.203853,7.67
TEL-12360,MV Fleet_10,Container,17.75,5.0,19437,Underway,2026-06-18 06:26:43.203853,12.53
TEL-12361,MV Fleet_03,Bulk Carrier,18.3,6.0,19512,Underway,2026-06-18 06:41:43.203853,11.67
TEL-12362,MV Fleet_05,Tanker,9.41,4.0,37436,Anchored,2026-06-18 06:56:43.203853,7.62
TEL-12363,MV Fleet_06,LNG Carrier,22.3,2.0,28511,Moored,2026-06-18 07:11:43.203853,13.37
TEL-12364,MV Fleet_08,Container,14.23,2.0,10022,Underway,2026-06-18 07:26:43.203853,5.72
TEL-12365,MV Fleet_07,LNG Carrier,13.01,3.0,48239,Underway,2026-06-18 07:41:43.203853,7.21
TEL-12366,MV Fleet_10,Tanker,15.4,2.0,11155,Underway,2026-06-18 07:56:43.203853,8.17
TEL-12367,MV Fleet_06,Container,14.24,1.0,36480,Underway,2026-06-18 08:11:43.203853,6.65
TEL-12368,MV Fleet_14,LNG Carrier,21.82,8.0,43022,Underway,2026-06-18 08:26:43.203853,20.99
TEL-12369,MV Fleet_04,LNG Carrier,22.87,5.0,30332,Underway,2026-06-18 08:41:43.203853,15.74
TEL-12370,MV Fleet_13,Tanker,12.86,1.0,9354,Underway,2026-06-18 08:56:43.203853,5.43
TEL-12371,MV Fleet_20,LNG Carrier,21.82,9.0,36847,Underway,2026-06-18 09:11:43.203853,21.84
TEL-12372,MV Fleet_17,Tanker,20.5,8.0,40284,Moored,2026-06-18 09:26:43.203853,17.74
TEL-12373,MV Fleet_07,Bulk Carrier,22.89,4.0,15156,Anchored,2026-06-18 09:41:43.203853,11.57
TEL-12374,MV Fleet_04,Tanker,11.93,8.0,27453,Anchored,2026-06-18 09:56:43.203853,13.36
TEL-12375,MV Fleet_14,Bulk Carrier,17.23,7.0,37689,Underway,2026-06-18 10:11:43.203853,17.71
TEL-12376,MV Fleet_03,Container,12.39,7.0,28758,Underway,2026-06-18 10:26:43.203853,16.71
TEL-12377,MV Fleet_05,LNG Carrier,21.19,1.0,13838,Anchored,2026-06-18 10:41:43.203853,8.55
TEL-12378,MV Fleet_16,Tanker,8.09,6.0,48790,Underway,2026-06-18 10:56:43.203853,12.5
TEL-12379,MV Fleet_20,Tanker,17.04,4.0,42976,Underway,2026-06-18 11:11:43.203853,10.51
TEL-12380,MV Fleet_04,LNG Carrier,13.43,2.0,18725,Underway,2026-06-18 11:26:43.203853,6.83
TEL-12381,MV Fleet_02,LNG Carrier,13.16,7.0,14337,Underway,2026-06-18 11:41:43.203853,12.78
TEL-12382,MV Fleet_18,Container,18.32,9.0,15701,Underway,2026-06-18 11:56:43.203853,20.63
TEL-12383,MV Fleet_19,Container,21.62,5.0,34811,Anchored,2026-06-18 12:11:43.203853,13.98
TEL-12384,MV Fleet_19,Tanker,17.75,8.0,48043,Underway,2026-06-18 12:26:43.203853,15.98
TEL-12385,MV Fleet_17,Container,21.65,5.0,43978,Anchored,2026-06-18 12:41:43.203853,15.02
TEL-12386,MV Fleet_14,Bulk Carrier,12.23,7.0,34316,Anchored,2026-06-18 12:56:43.203853,14.55
TEL-12387,MV Fleet_19,Container,16.31,7.0,16544,Moored,2026-06-18 13:11:43.203853,15.35
TEL-12388,MV Fleet_13,Container,15.21,9.0,26514,Underway,2026-06-18 13:26:43.203853,16.89
TEL-12389,MV Fleet_12,Tanker,8.19,3.0,21327,Underway,2026-06-18 13:41:43.203853,4.58
TEL-12390,MV Fleet_06,Bulk Carrier,16.91,1.0,21705,Moored,2026-06-18 13:56:43.203853,3.87
TEL-12391,MV Fleet_04,Container,18.58,2.0,15479,Underway,2026-06-18 14:11:43.203853,8.06
TEL-12392,MV Fleet_19,Bulk Carrier,17.47,6.0,16323,Underway,2026-06-18 14:26:43.203853,13.95
TEL-12393,MV Fleet_16,Bulk Carrier,19.78,9.0,17937,Underway,2026-06-18 14:41:43.203853,20.72
TEL-12394,MV Fleet_13,Bulk Carrier,17.14,3.0,28089,Underway,2026-06-18 14:56:43.203853,7.76
TEL-12395,MV Fleet_04,LNG Carrier,9.07,2.0,6702,Underway,2026-06-18 15:11:43.203853,5.7
TEL-12396,MV Fleet_17,LNG Carrier,9.86,1.0,15404,Underway,2026-06-18 15:26:43.203853,2.57
TEL-12397,MV Fleet_01,LNG Carrier,17.54,2.0,38598,Underway,2026-06-18 15:41:43.203853,7.44
TEL-12398,MV Fleet_18,LNG Carrier,12.4,3.0,13380,Underway,2026-06-18 15:56:43.203853,9.26
TEL-12399,MV Fleet_20,Tanker,9.27,7.0,26990,Anchored,2026-06-18 16:11:43.203853,8.55
TEL-12400,MV Fleet_17,Container,14.87,2.0,37859,Underway,2026-06-18 16:26:43.203853,5.1
TEL-12401,MV Fleet_15,LNG Carrier,16.87,5.0,8877,Underway,2026-06-18 16:41:43.203853,12.45
TEL-12402,MV Fleet_11,Tanker,13.26,2.0,47871,Moored,2026-06-18 16:56:43.203853,6.23
TEL-12403,MV Fleet_13,Container,19.53,7.0,23720,Underway,2026-06-18 17:11:43.203853,14.2
TEL-12404,MV Fleet_01,LNG Carrier,18.3,8.0,12676,Anchored,2026-06-18 17:26:43.203853,16.86
TEL-12405,MV Fleet_17,Container,13.33,8.0,36818,Underway,2026-06-18 17:41:43.203853,16.7
TEL-12406,MV Fleet_06,LNG Carrier,20.08,8.0,39348,Underway,2026-06-18 17:56:43.203853,16.81
TEL-12407,MV Fleet_04,Tanker,18.38,9.0,47368,Underway,2026-06-18 18:11:43.203853,20.76
TEL-12408,MV Fleet_20,Bulk Carrier,18.2,1.0,29130,Underway,2026-06-18 18:26:43.203853,5.97
TEL-12409,MV Fleet_16,Bulk Carrier,16.85,1.0,38241,Underway,2026-06-18 18:41:43.203853,3.56
TEL-12410,MV Fleet_15,Container,8.18,2.0,49392,Underway,2026-06-18 18:56:43.203853,5.65
TEL-12411,MV Fleet_15,Tanker,19.14,6.0,31620,Underway,2026-06-18 19:11:43.203853,15.42
TEL-12412,MV Fleet_06,Bulk Carrier,14.02,1.0,22077,Anchored,2026-06-18 19:26:43.203853,2.86
TEL-12413,MV Fleet_15,LNG Carrier,23.08,,17663,Underway,2026-06-18 19:41:43.203853,15.0
TEL-12414,MV Fleet_14,Bulk Carrier,21.09,5.0,22799,Anchored,2026-06-18 19:56:43.203853,17.22
TEL-12415,MV Fleet_11,Container,17.4,4.0,22619,Underway,2026-06-18 20:11:43.203853,12.13
TEL-12416,MV Fleet_07,Container,12.03,5.0,8967,Underway,2026-06-18 20:26:43.203853,11.92
TEL-12417,MV Fleet_09,Tanker,11.26,1.0,32488,Moored,2026-06-18 20:41:43.203853,2.25
TEL-12418,MV Fleet_16,Container,13.45,6.0,18211,Moored,2026-06-18 20:56:43.203853,14.16
TEL-12419,MV Fleet_05,Bulk Carrier,15.63,7.0,26169,Underway,2026-06-18 21:11:43.203853,12.65
TEL-12420,MV Fleet_20,Bulk Carrier,12.74,8.0,35373,Anchored,2026-06-18 21:26:43.203853,12.94
TEL-12421,MV Fleet_10,Bulk Carrier,16.24,2.0,37669,Underway,2026-06-18 21:41:43.203853,8.82
TEL-12422,MV Fleet_18,Bulk Carrier,10.65,7.0,11634,Underway,2026-06-18 21:56:43.203853,10.73
TEL-12423,MV Fleet_03,Tanker,23.64,6.0,5840,Underway,2026-06-18 22:11:43.203853,19.93
TEL-12424,MV Fleet_13,LNG Carrier,9.73,9.0,39229,Moored,2026-06-18 22:26:43.203853,13.53
TEL-12425,MV Fleet_11,LNG Carrier,22.91,8.0,26318,Moored,2026-06-18 22:41:43.203853,18.75
TEL-12426,MV Fleet_17,Tanker,22.62,4.0,20405,Underway,2026-06-18 22:56:43.203853,15.76
TEL-12427,MV Fleet_13,Container,16.41,9.0,41240,Anchored,2026-06-18 23:11:43.203853,17.22
TEL-12428,MV Fleet_06,LNG Carrier,19.6,1.0,20847,Anchored,2026-06-18 23:26:43.203853,8.99
TEL-12429,MV Fleet_17,Container,14.98,6.0,28547,Underway,2026-06-18 23:41:43.203853,11.31
TEL-12430,MV Fleet_13,LNG Carrier,18.08,8.0,11575,Underway,2026-06-18 23:56:43.203853,17.07
TEL-12431,MV Fleet_19,Container,13.45,4.0,35123,Underway,2026-06-19 00:11:43.203853,10.43
TEL-12432,MV Fleet_19,Tanker,12.82,2.0,9843,Underway,2026-06-19 00:26:43.203853,4.79
TEL-12433,MV Fleet_10,Bulk Carrier,17.25,2.0,32451,Anchored,2026-06-19 00:41:43.203853,9.6
TEL-12434,MV Fleet_03,Container,15.97,1.0,12739,Underway,2026-06-19 00:56:43.203853,5.4
TEL-12435,MV Fleet_14,Bulk Carrier,17.27,5.0,19852,Underway,2026-06-19 01:11:43.203853,12.76
TEL-12436,MV Fleet_19,Container,12.59,6.0,14157,Underway,2026-06-19 01:26:43.203853,10.46
TEL-12437,MV Fleet_05,Container,13.87,4.0,27406,Underway,2026-06-19 01:41:43.203853,8.34
TEL-12438,MV Fleet_05,Container,9.34,4.0,12432,Underway,2026-06-19 01:56:43.203853,6.52
TEL-12439,MV Fleet_20,Container,8.84,5.0,23837,Underway,2026-06-19 02:11:43.203853,8.21
TEL-12440,MV Fleet_17,Container,12.06,5.0,20148,Underway,2026-06-19 02:26:43.203853,12.58
TEL-12441,MV Fleet_10,Bulk Carrier,9.19,9.0,16194,Underway,2026-06-19 02:41:43.203853,16.92
TEL-12442,MV Fleet_05,Container,9.66,8.0,37591,Anchored,2026-06-19 02:56:43.203853,14.57
TEL-12443,MV Fleet_04,Bulk Carrier,21.01,9.0,19819,Underway,2026-06-19 03:11:43.203853,19.59
TEL-12444,MV Fleet_06,Tanker,8.62,3.0,11625,Underway,2026-06-19 03:26:43.203853,4.79
TEL-12445,MV Fleet_04,LNG Carrier,18.54,3.0,12404,Underway,2026-06-19 03:41:43.203853,8.77
TEL-12446,MV Fleet_07,Container,12.36,1.0,19674,Underway,2026-06-19 03:56:43.203853,3.92
TEL-12447,MV Fleet_07,LNG Carrier,21.94,6.0,15507,Moored,2026-06-19 04:11:43.203853,17.04
TEL-12448,MV Fleet_18,Bulk Carrier,15.76,4.0,25387,Underway,2026-06-19 04:26:43.203853,11.27
TEL-12449,MV Fleet_03,Tanker,12.89,8.0,23697,Underway,2026-06-19 04:41:43.203853,15.11
TEL-12450,MV Fleet_01,Tanker,16.28,2.0,42391,Underway,2026-06-19 04:56:43.203853,8.44
TEL-12451,MV Fleet_04,Tanker,14.11,2.0,24547,Underway,2026-06-19 05:11:43.203853,8.0
TEL-12452,MV Fleet_06,LNG Carrier,17.03,7.0,28570,Moored,2026-06-19 05:26:43.203853,14.9
TEL-12453,MV Fleet_09,Bulk Carrier,9.83,5.0,44783,Underway,2026-06-19 05:41:43.203853,11.09
TEL-12454,MV Fleet_14,Container,23.95,1.0,33037,Underway,2026-06-19 05:56:43.203853,8.87
TEL-12455,MV Fleet_12,Container,14.81,7.0,35083,Moored,2026-06-19 06:11:43.203853,15.29
TEL-12456,MV Fleet_20,Bulk Carrier,13.57,7.0,45550,Underway,2026-06-19 06:26:43.203853,13.92
TEL-12457,MV Fleet_04,LNG Carrier,19.36,6.0,42982,Underway,2026-06-19 06:41:43.203853,15.43
TEL-12458,MV Fleet_12,Container,13.82,4.0,44706,Underway,2026-06-19 06:56:43.203853,8.92
TEL-12459,MV Fleet_10,Bulk Carrier,21.33,8.0,7988,Underway,2026-06-19 07:11:43.203853,21.14
TEL-12460,MV Fleet_07,Container,15.27,2.0,10156,Anchored,2026-06-19 07:26:43.203853,6.21
TEL-12461,MV Fleet_03,Tanker,19.51,2.0,43280,Underway,2026-06-19 07:41:43.203853,11.33
TEL-12462,MV Fleet_14,Container,9.72,2.0,14788,Moored,2026-06-19 07:56:43.203853,7.0
TEL-12463,MV Fleet_10,LNG Carrier,21.54,3.0,19185,Underway,2026-06-19 08:11:43.203853,12.57
TEL-12464,MV Fleet_16,Bulk Carrier,19.77,,23734,Underway,2026-06-19 08:26:43.203853,14.92
TEL-12465,MV Fleet_16,LNG Carrier,11.39,1.0,14971,Underway,2026-06-19 08:41:43.203853,2.74
TEL-12466,MV Fleet_10,Bulk Carrier,10.32,2.0,48408,Underway,2026-06-19 08:56:43.203853,2.12
TEL-12467,MV Fleet_13,Tanker,13.06,2.0,11487,Underway,2026-06-19 09:11:43.203853,6.97
TEL-12468,MV Fleet_06,Bulk Carrier,23.62,,25997,Underway,2026-06-19 09:26:43.203853,8.48
TEL-12469,MV Fleet_12,Container,12.11,3.0,17452,Anchored,2026-06-19 09:41:43.203853,5.82
TEL-12470,MV Fleet_09,Container,15.3,7.0,20372,Underway,2026-06-19 09:56:43.203853,15.46
TEL-12471,MV Fleet_13,Tanker,8.48,1.0,49767,Underway,2026-06-19 10:11:43.203853,2.37
TEL-12472,MV Fleet_04,Bulk Carrier,14.36,7.0,18434,Moored,2026-06-19 10:26:43.203853,14.54
TEL-12473,MV Fleet_11,Tanker,17.14,5.0,17416,Moored,2026-06-19 10:41:43.203853,13.2
TEL-12474,MV Fleet_20,Container,23.25,9.0,24248,Underway,2026-06-19 10:56:43.203853,24.32
TEL-12475,MV Fleet_18,LNG Carrier,16.27,2.0,33194,Moored,2026-06-19 11:11:43.203853,7.88
TEL-12476,MV Fleet_11,Tanker,21.11,1.0,38785,Underway,2026-06-19 11:26:43.203853,7.82
TEL-12477,MV Fleet_04,LNG Carrier,16.75,9.0,42458,Underway,2026-06-19 11:41:43.203853,18.21
TEL-12478,MV Fleet_18,LNG Carrier,8.65,8.0,13373,Anchored,2026-06-19 11:56:43.203853,12.7
TEL-12479,MV Fleet_01,Bulk Carrier,13.04,6.0,35283,Anchored,2026-06-19 12:11:43.203853,14.97
TEL-12480,MV Fleet_07,Tanker,17.21,5.0,34415,Anchored,2026-06-19 12:26:43.203853,13.1
TEL-12481,MV Fleet_06,LNG Carrier,23.21,8.0,31414,Anchored,2026-06-19 12:41:43.203853,21.27
TEL-12482,MV Fleet_15,LNG Carrier,21.75,8.0,19378,Underway,2026-06-19 12:56:43.203853,21.54
TEL-12483,MV Fleet_18,Bulk Carrier,11.65,5.0,23336,Underway,2026-06-19 13:11:43.203853,8.83
TEL-12484,MV Fleet_11,Bulk Carrier,11.52,7.0,9700,Underway,2026-06-19 13:26:43.203853,10.91
TEL-12485,MV Fleet_20,Container,11.22,1.0,18901,Underway,2026-06-19 13:41:43.203853,3.9
TEL-12486,MV Fleet_15,LNG Carrier,22.76,4.0,29838,Underway,2026-06-19 13:56:43.203853,11.98
TEL-12487,MV Fleet_16,Container,21.64,2.0,27597,Underway,2026-06-19 14:11:43.203853,9.83
TEL-12488,MV Fleet_07,LNG Carrier,20.4,3.0,38428,Anchored,2026-06-19 14:26:43.203853,7.97
TEL-12489,MV Fleet_10,Container,14.28,1.0,45149,Anchored,2026-06-19 14:41:43.203853,3.15
TEL-12490,MV Fleet_12,Bulk Carrier,16.07,2.0,40687,Underway,2026-06-19 14:56:43.203853,9.32
TEL-12491,MV Fleet_14,Tanker,15.43,1.0,34493,Underway,2026-06-19 15:11:43.203853,6.3
TEL-12492,MV Fleet_05,Bulk Carrier,12.05,8.0,36852,Underway,2026-06-19 15:26:43.203853,17.45
TEL-12493,MV Fleet_18,Container,16.08,4.0,15932,Underway,2026-06-19 15:41:43.203853,10.45
TEL-12494,MV Fleet_05,Container,8.49,3.0,28009,Moored,2026-06-19 15:56:43.203853,5.91
TEL-12495,MV Fleet_03,Tanker,10.11,1.0,38583,Underway,2026-06-19 16:11:43.203853,3.87
TEL-12496,MV Fleet_05,LNG Carrier,22.19,2.0,32994,Underway,2026-06-19 16:26:43.203853,16.15
TEL-12497,MV Fleet_17,Container,20.03,3.0,34865,Moored,2026-06-19 16:41:43.203853,12.61
TEL-12498,MV Fleet_19,Container,14.77,3.0,17289,Moored,2026-06-19 16:56:43.203853,7.13
TEL-12499,MV Fleet_19,Container,16.27,6.0,33293,Underway,2026-06-19 17:11:43.203853,14.2
TEL-12500,MV Fleet_12,Tanker,13.92,8.0,9734,Underway,2026-06-19 17:26:43.203853,15.75
TEL-12501,MV Fleet_09,Bulk Carrier,19.85,6.0,25013,Anchored,2026-06-19 17:41:43.203853,16.51
TEL-12502,MV Fleet_01,Container,20.55,2.0,40521,Underway,2026-06-19 17:56:43.203853,12.63
TEL-12503,MV Fleet_18,Tanker,20.21,2.0,11505,Anchored,2026-06-19 18:11:43.203853,10.51
TEL-12504,MV Fleet_04,Container,19.56,7.0,49327,Underway,2026-06-19 18:26:43.203853,16.22
TEL-12505,MV Fleet_10,LNG Carrier,11.27,1.0,9685,Underway,2026-06-19 18:41:43.203853,6.75
TEL-12506,MV Fleet_07,Tanker,13.41,1.0,23409,Underway,2026-06-19 18:56:43.203853,2.84
TEL-12507,MV Fleet_01,Container,15.52,7.0,24517,Underway,2026-06-19 19:11:43.203853,14.33
TEL-12508,MV Fleet_17,Tanker,13.29,9.0,49533,Underway,2026-06-19 19:26:43.203853,18.1
TEL-12509,MV Fleet_02,Container,20.08,5.0,35475,Underway,2026-06-19 19:41:43.203853,12.87
TEL-12510,MV Fleet_11,Bulk Carrier,13.27,1.0,41989,Underway,2026-06-19 19:56:43.203853,4.67
TEL-12511,MV Fleet_09,Container,10.21,5.0,20327,Underway,2026-06-19 20:11:43.203853,8.52
TEL-12512,MV Fleet_07,Tanker,14.38,1.0,8671,Underway,2026-06-19 20:26:43.203853,5.16
TEL-12513,MV Fleet_17,LNG Carrier,23.68,9.0,9941,Underway,2026-06-19 20:41:43.203853,21.13
TEL-12514,MV Fleet_17,LNG Carrier,11.61,4.0,31372,Moored,2026-06-19 20:56:43.203853,8.7
TEL-12515,MV Fleet_02,LNG Carrier,17.79,,17466,Underway,2026-06-19 21:11:43.203853,18.34
TEL-12516,MV Fleet_06,Container,14.93,2.0,23286,Underway,2026-06-19 21:26:43.203853,8.95
TEL-12517,MV Fleet_14,Bulk Carrier,9.14,7.0,49959,Underway,2026-06-19 21:41:43.203853,12.8
TEL-12518,MV Fleet_06,Container,15.81,2.0,9588,Anchored,2026-06-19 21:56:43.203853,8.47
TEL-12519,MV Fleet_02,LNG Carrier,19.23,4.0,33080,Underway,2026-06-19 22:11:43.203853,12.31
TEL-12520,MV Fleet_01,Tanker,16.21,6.0,29544,Underway,2026-06-19 22:26:43.203853,12.91
TEL-12521,MV Fleet_10,LNG Carrier,21.95,2.0,15811,Underway,2026-06-19 22:41:43.203853,11.13
TEL-12522,MV Fleet_05,Tanker,12.62,2.0,23733,Underway,2026-06-19 22:56:43.203853,6.28
TEL-12523,MV Fleet_02,Bulk Carrier,9.38,2.0,45696,Underway,2026-06-19 23:11:43.203853,1.17
TEL-12524,MV Fleet_16,Tanker,22.99,3.0,44888,Underway,2026-06-19 23:26:43.203853,12.8
TEL-12525,MV Fleet_02,Container,14.05,5.0,35059,Underway,2026-06-19 23:41:43.203853,12.08
TEL-12526,MV Fleet_10,Container,17.22,9.0,42487,Underway,2026-06-19 23:56:43.203853,17.48
TEL-12527,MV Fleet_02,Container,20.67,6.0,45849,Underway,2026-06-20 00:11:43.203853,17.19
TEL-12528,MV Fleet_16,Tanker,13.19,9.0,19550,Underway,2026-06-20 00:26:43.203853,17.24
TEL-12529,MV Fleet_16,Container,19.46,5.0,15864,Underway,2026-06-20 00:41:43.203853,13.12
TEL-12530,MV Fleet_19,Container,10.17,6.0,30394,Underway,2026-06-20 00:56:43.203853,11.88
TEL-12531,MV Fleet_07,Container,12.66,8.0,24061,Underway,2026-06-20 01:11:43.203853,14.44
TEL-12532,MV Fleet_12,Bulk Carrier,10.32,3.0,17624,Underway,2026-06-20 01:26:43.203853,7.03
TEL-12533,MV Fleet_15,Tanker,20.98,2.0,29934,Underway,2026-06-20 01:41:43.203853,9.68
TEL-12534,MV Fleet_08,Tanker,11.56,3.0,8361,Moored,2026-06-20 01:56:43.203853,7.89
TEL-12535,MV Fleet_06,LNG Carrier,19.48,9.0,18707,Underway,2026-06-20 02:11:43.203853,21.75
TEL-12536,MV Fleet_10,Tanker,23.09,6.0,6924,Underway,2026-06-20 02:26:43.203853,16.66
TEL-12537,MV Fleet_03,Bulk Carrier,16.44,4.0,34487,Underway,2026-06-20 02:41:43.203853,12.02
TEL-12538,MV Fleet_19,Tanker,16.64,3.0,17647,Underway,2026-06-20 02:56:43.203853,8.82
TEL-12539,MV Fleet_17,Bulk Carrier,15.38,2.0,36734,Underway,2026-06-20 03:11:43.203853,6.73
TEL-12540,MV Fleet_07,Bulk Carrier,13.21,4.0,34018,Underway,2026-06-20 03:26:43.203853,8.63
TEL-12541,MV Fleet_20,Tanker,15.61,9.0,26627,Underway,2026-06-20 03:41:43.203853,15.24
TEL-12542,MV Fleet_04,LNG Carrier,17.64,4.0,26031,Moored,2026-06-20 03:56:43.203853,12.01
TEL-12543,MV Fleet_14,Container,23.78,5.0,44449,Underway,2026-06-20 04:11:43.203853,16.67
TEL-12544,MV Fleet_20,Container,23.0,8.0,7701,Underway,2026-06-20 04:26:43.203853,20.5
TEL-12545,MV Fleet_15,Tanker,21.79,2.0,47890,Underway,2026-06-20 04:41:43.203853,12.87
TEL-12546,MV Fleet_08,Tanker,22.23,3.0,21719,Underway,2026-06-20 04:56:43.203853,14.79
TEL-12547,MV Fleet_15,Bulk Carrier,15.49,6.0,14718,Underway,2026-06-20 05:11:43.203853,15.18
TEL-12548,MV Fleet_20,Tanker,18.52,7.0,5056,Underway,2026-06-20 05:26:43.203853,15.86
TEL-12549,MV Fleet_14,Bulk Carrier,22.32,4.0,20352,Underway,2026-06-20 05:41:43.203853,13.42
TEL-12550,MV Fleet_09,LNG Carrier,14.29,1.0,8147,Moored,2026-06-20 05:56:43.203853,3.65
TEL-12551,MV Fleet_08,Tanker,23.39,7.0,8537,Underway,2026-06-20 06:11:43.203853,19.09
TEL-12552,MV Fleet_17,Container,14.65,9.0,27812,Underway,2026-06-20 06:26:43.203853,17.35
TEL-12553,MV Fleet_02,Container,17.62,1.0,5721,Anchored,2026-06-20 06:41:43.203853,7.56
TEL-12554,MV Fleet_03,Tanker,19.36,1.0,21769,Underway,2026-06-20 06:56:43.203853,6.06
TEL-12555,MV Fleet_08,Bulk Carrier,23.21,1.0,45194,Underway,2026-06-20 07:11:43.203853,9.33
TEL-12556,MV Fleet_12,Container,11.91,7.0,48847,Underway,2026-06-20 07:26:43.203853,10.66
TEL-12557,MV Fleet_01,Bulk Carrier,19.94,9.0,19346,Underway,2026-06-20 07:41:43.203853,18.91
TEL-12558,MV Fleet_10,Tanker,16.33,3.0,44883,Underway,2026-06-20 07:56:43.203853,10.45
TEL-12559,MV Fleet_20,Tanker,12.3,8.0,15911,Underway,2026-06-20 08:11:43.203853,13.2
TEL-12560,MV Fleet_03,Container,20.43,9.0,5259,Moored,2026-06-20 08:26:43.203853,22.87
TEL-12561,MV Fleet_06,Tanker,16.84,3.0,25872,Underway,2026-06-20 08:41:43.203853,10.88
TEL-12562,MV Fleet_07,LNG Carrier,18.58,3.0,13791,Anchored,2026-06-20 08:56:43.203853,11.0
TEL-12563,MV Fleet_20,LNG Carrier,13.17,1.0,12536,Anchored,2026-06-20 09:11:43.203853,6.7
TEL-12564,MV Fleet_18,Container,15.7,2.0,25432,Underway,2026-06-20 09:26:43.203853,7.13
TEL-12565,MV Fleet_11,LNG Carrier,17.88,7.0,37750,Anchored,2026-06-20 09:41:43.203853,14.78
TEL-12566,MV Fleet_19,Bulk Carrier,14.48,3.0,46715,Underway,2026-06-20 09:56:43.203853,8.12
TEL-12567,MV Fleet_05,Container,11.17,7.0,49537,Moored,2026-06-20 10:11:43.203853,10.34
TEL-12568,MV Fleet_19,Container,23.39,5.0,24541,Underway,2026-06-20 10:26:43.203853,17.79
TEL-12569,MV Fleet_11,Bulk Carrier,16.18,8.0,48718,Moored,2026-06-20 10:41:43.203853,16.02
TEL-12570,MV Fleet_12,LNG Carrier,19.74,5.0,21860,Underway,2026-06-20 10:56:43.203853,12.74
TEL-12571,MV Fleet_10,LNG Carrier,14.58,3.0,10283,Anchored,2026-06-20 11:11:43.203853,7.35
TEL-12572,MV Fleet_08,LNG Carrier,13.68,9.0,35743,Underway,2026-06-20 11:26:43.203853,16.94
TEL-12573,MV Fleet_09,Container,14.51,7.0,47559,Underway,2026-06-20 11:41:43.203853,14.45
TEL-12574,MV Fleet_04,Container,14.55,5.0,40127,Underway,2026-06-20 11:56:43.203853,11.07
TEL-12575,MV Fleet_05,LNG Carrier,16.71,7.0,12405,Underway,2026-06-20 12:11:43.203853,15.07
TEL-12576,MV Fleet_08,Tanker,16.7,9.0,36181,Underway,2026-06-20 12:26:43.203853,19.12
TEL-12577,MV Fleet_09,LNG Carrier,15.95,5.0,37205,Underway,2026-06-20 12:41:43.203853,10.29
TEL-12578,MV Fleet_15,Bulk Carrier,10.16,7.0,29408,Underway,2026-06-20 12:56:43.203853,12.9
TEL-12579,MV Fleet_15,Container,15.94,9.0,22645,Underway,2026-06-20 13:11:43.203853,17.45
TEL-12580,MV Fleet_16,Bulk Carrier,10.71,1.0,11323,Underway,2026-06-20 13:26:43.203853,0.76
TEL-12581,MV Fleet_14,Bulk Carrier,10.02,4.0,10937,Underway,2026-06-20 13:41:43.203853,6.39
TEL-12582,MV Fleet_08,Container,22.92,1.0,48798,Anchored,2026-06-20 13:56:43.203853,8.52
TEL-12583,MV Fleet_18,Tanker,17.68,8.0,35431,Underway,2026-06-20 14:11:43.203853,19.79
TEL-12584,MV Fleet_10,LNG Carrier,18.55,3.0,22882,Underway,2026-06-20 14:26:43.203853,10.91
TEL-12585,MV Fleet_20,Bulk Carrier,14.43,2.0,30324,Underway,2026-06-20 14:41:43.203853,7.15
TEL-12586,MV Fleet_06,Container,22.54,,18003,Anchored,2026-06-20 14:56:43.203853,13.25
TEL-12587,MV Fleet_12,Bulk Carrier,18.21,3.0,48346,Underway,2026-06-20 15:11:43.203853,9.29
TEL-12588,MV Fleet_02,LNG Carrier,20.31,5.0,30106,Underway,2026-06-20 15:26:43.203853,12.41
TEL-12589,MV Fleet_07,Tanker,13.9,8.0,17979,Underway,2026-06-20 15:41:43.203853,15.02
TEL-12590,MV Fleet_16,Tanker,23.36,8.0,39977,Moored,2026-06-20 15:56:43.203853,22.54
TEL-12591,MV Fleet_03,Tanker,21.13,7.0,49828,Underway,2026-06-20 16:11:43.203853,15.67
TEL-12592,MV Fleet_13,Container,21.66,8.0,12228,Underway,2026-06-20 16:26:43.203853,18.58
TEL-12593,MV Fleet_03,Container,10.76,5.0,14300,Underway,2026-06-20 16:41:43.203853,11.16
TEL-12594,MV Fleet_18,Tanker,12.34,6.0,13681,Anchored,2026-06-20 16:56:43.203853,13.25
TEL-12595,MV Fleet_11,LNG Carrier,12.57,8.0,45964,Underway,2026-06-20 17:11:43.203853,13.88
TEL-12596,MV Fleet_08,LNG Carrier,12.33,1.0,13267,Underway,2026-06-20 17:26:43.203853,6.11
TEL-12597,MV Fleet_06,Container,21.69,6.0,10372,Underway,2026-06-20 17:41:43.203853,15.82
TEL-12598,MV Fleet_01,Tanker,8.51,6.0,43918,Moored,2026-06-20 17:56:43.203853,8.8
TEL-12599,MV Fleet_01,LNG Carrier,9.22,5.0,15920,Underway,2026-06-20 18:11:43.203853,11.49
TEL-12600,MV Fleet_08,LNG Carrier,12.38,4.0,21856,Underway,2026-06-20 18:26:43.203853,9.02
TEL-12601,MV Fleet_05,LNG Carrier,11.2,1.0,32785,Underway,2026-06-20 18:41:43.203853,3.68
TEL-12602,MV Fleet_16,Container,11.71,8.0,22221,Underway,2026-06-20 18:56:43.203853,14.88
TEL-12603,MV Fleet_11,Tanker,20.77,6.0,30178,Underway,2026-06-20 19:11:43.203853,14.49
TEL-12604,MV Fleet_05,Bulk Carrier,17.01,3.0,38954,Underway,2026-06-20 19:26:43.203853,8.6
TEL-12605,MV Fleet_04,Tanker,8.09,3.0,11461,Underway,2026-06-20 19:41:43.203853,8.05
TEL-12606,MV Fleet_06,Tanker,14.87,6.0,22865,Underway,2026-06-20 19:56:43.203853,15.72
TEL-12607,MV Fleet_14,Container,14.53,7.0,49232,Anchored,2026-06-20 20:11:43.203853,12.61
TEL-12608,MV Fleet_19,LNG Carrier,9.82,8.0,19052,Underway,2026-06-20 20:26:43.203853,13.36
TEL-12609,MV Fleet_09,LNG Carrier,18.82,5.0,35370,Anchored,2026-06-20 20:41:43.203853,13.38
TEL-12610,MV Fleet_12,Container,19.23,6.0,12332,Underway,2026-06-20 20:56:43.203853,15.39
TEL-12611,MV Fleet_11,Container,19.53,1.0,5327,Underway,2026-06-20 21:11:43.203853,6.33
TEL-12612,MV Fleet_14,Container,19.66,6.0,27765,Underway,2026-06-20 21:26:43.203853,16.3
TEL-12613,MV Fleet_16,Container,8.0,9.0,10239,Underway,2026-06-20 21:41:43.203853,15.96
TEL-12614,MV Fleet_01,Container,23.26,4.0,15078,Underway,2026-06-20 21:56:43.203853,15.7
TEL-12615,MV Fleet_13,Bulk Carrier,21.03,1.0,12038,Underway,2026-06-20 22:11:43.203853,9.72
TEL-12616,MV Fleet_13,Tanker,22.46,9.0,13048,Anchored,2026-06-20 22:26:43.203853,21.56
TEL-12617,MV Fleet_02,Tanker,8.25,4.0,33671,Underway,2026-06-20 22:41:43.203853,8.93
TEL-12618,MV Fleet_04,Tanker,22.94,2.0,19954,Underway,2026-06-20 22:56:43.203853,12.04
TEL-12619,MV Fleet_06,LNG Carrier,20.96,1.0,40065,Underway,2026-06-20 23:11:43.203853,6.33
TEL-12620,MV Fleet_05,Bulk Carrier,21.4,3.0,7779,Anchored,2026-06-20 23:26:43.203853,9.59
TEL-12621,MV Fleet_03,Tanker,9.49,7.0,18225,Underway,2026-06-20 23:41:43.203853,12.8
TEL-12622,MV Fleet_01,LNG Carrier,19.82,2.0,45086,Anchored,2026-06-20 23:56:43.203853,11.34
TEL-12623,MV Fleet_04,Bulk Carrier,23.36,9.0,37541,Underway,2026-06-21 00:11:43.203853,22.65
TEL-12624,MV Fleet_20,Bulk Carrier,18.86,2.0,24720,Anchored,2026-06-21 00:26:43.203853,9.78
TEL-12625,MV Fleet_02,LNG Carrier,17.13,5.0,18531,Underway,2026-06-21 00:41:43.203853,10.92
TEL-12626,MV Fleet_05,Bulk Carrier,23.13,8.0,10335,Underway,2026-06-21 00:56:43.203853,20.44
TEL-12627,MV Fleet_03,LNG Carrier,15.09,8.0,14530,Moored,2026-06-21 01:11:43.203853,17.75
TEL-12628,MV Fleet_09,Tanker,17.59,3.0,29791,Underway,2026-06-21 01:26:43.203853,10.4
TEL-12629,MV Fleet_20,LNG Carrier,15.62,2.0,45270,Underway,2026-06-21 01:41:43.203853,7.44
TEL-12630,MV Fleet_06,Bulk Carrier,22.93,9.0,6649,Underway,2026-06-21 01:56:43.203853,22.61
TEL-12631,MV Fleet_18,Tanker,9.22,3.0,18472,Underway,2026-06-21 02:11:43.203853,6.59
TEL-12632,MV Fleet_06,Tanker,16.02,8.0,7862,Underway,2026-06-21 02:26:43.203853,18.23
TEL-12633,MV Fleet_19,Container,18.99,2.0,30185,Underway,2026-06-21 02:41:43.203853,9.3
TEL-12634,MV Fleet_12,Container,20.67,3.0,32134,Underway,2026-06-21 02:56:43.203853,11.34
TEL-12635,MV Fleet_11,Bulk Carrier,17.33,1.0,5917,Moored,2026-06-21 03:11:43.203853,5.03
TEL-12636,MV Fleet_02,LNG Carrier,22.54,6.0,17444,Underway,2026-06-21 03:26:43.203853,18.8
TEL-12637,MV Fleet_15,LNG Carrier,23.07,7.0,46121,Underway,2026-06-21 03:41:43.203853,17.39
TEL-12638,MV Fleet_12,Bulk Carrier,9.03,4.0,25521,Underway,2026-06-21 03:56:43.203853,8.04
TEL-12639,MV Fleet_12,Tanker,14.44,1.0,43217,Underway,2026-06-21 04:11:43.203853,6.45
TEL-12640,MV Fleet_09,Bulk Carrier,8.38,3.0,27066,Underway,2026-06-21 04:26:43.203853,8.67
TEL-12641,MV Fleet_02,Bulk Carrier,13.27,9.0,7811,Underway,2026-06-21 04:41:43.203853,17.08
TEL-12642,MV Fleet_03,Tanker,16.59,5.0,41189,Underway,2026-06-21 04:56:43.203853,14.33
TEL-12643,MV Fleet_12,LNG Carrier,22.57,6.0,14290,Moored,2026-06-21 05:11:43.203853,17.04
TEL-12644,MV Fleet_16,Bulk Carrier,21.54,4.0,40489,Moored,2026-06-21 05:26:43.203853,12.55
TEL-12645,MV Fleet_01,LNG Carrier,10.04,1.0,32284,Underway,2026-06-21 05:41:43.203853,7.67
TEL-12646,MV Fleet_03,Bulk Carrier,9.49,5.0,29698,Underway,2026-06-21 05:56:43.203853,7.51
TEL-12647,MV Fleet_20,Tanker,17.43,5.0,48660,Anchored,2026-06-21 06:11:43.203853,17.04
TEL-12648,MV Fleet_02,Tanker,16.51,5.0,24637,Underway,2026-06-21 06:26:43.203853,14.64
TEL-12649,MV Fleet_09,Container,12.26,6.0,38556,Anchored,2026-06-21 06:41:43.203853,10.97
TEL-12650,MV Fleet_19,Tanker,22.39,2.0,21640,Anchored,2026-06-21 06:56:43.203853,11.87
TEL-12651,MV Fleet_15,Container,22.84,1.0,9025,Underway,2026-06-21 07:11:43.203853,7.57
TEL-12652,MV Fleet_18,Bulk Carrier,14.44,2.0,36476,Underway,2026-06-21 07:26:43.203853,7.63
TEL-12653,MV Fleet_11,LNG Carrier,22.24,,11741,Moored,2026-06-21 07:41:43.203853,17.28
TEL-12654,MV Fleet_16,Tanker,14.14,5.0,8654,Anchored,2026-06-21 07:56:43.203853,12.41
TEL-12655,MV Fleet_17,Tanker,19.79,5.0,45428,Underway,2026-06-21 08:11:43.203853,13.29
TEL-12656,MV Fleet_05,Tanker,15.62,6.0,41019,Underway,2026-06-21 08:26:43.203853,13.52
TEL-12657,MV Fleet_12,Bulk Carrier,9.96,7.0,43036,Anchored,2026-06-21 08:41:43.203853,13.21
TEL-12658,MV Fleet_11,Container,22.85,9.0,49549,Underway,2026-06-21 08:56:43.203853,20.94
TEL-12659,MV Fleet_15,Bulk Carrier,15.27,,34843,Underway,2026-06-21 09:11:43.203853,16.73
TEL-12660,MV Fleet_03,LNG Carrier,19.75,2.0,28560,Underway,2026-06-21 09:26:43.203853,9.57
TEL-12661,MV Fleet_01,Bulk Carrier,13.87,6.0,45330,Moored,2026-06-21 09:41:43.203853,13.01
TEL-12662,MV Fleet_20,LNG Carrier,8.3,9.0,20987,Anchored,2026-06-21 09:56:43.203853,13.71
TEL-12663,MV Fleet_16,Tanker,9.61,7.0,25810,Underway,2026-06-21 10:11:43.203853,9.9
TEL-12664,MV Fleet_02,LNG Carrier,15.94,2.0,25311,Underway,2026-06-21 10:26:43.203853,5.41
TEL-12665,MV Fleet_02,LNG Carrier,19.04,3.0,39920,Underway,2026-06-21 10:41:43.203853,11.39
TEL-12666,MV Fleet_03,Container,13.36,8.0,13738,Anchored,2026-06-21 10:56:43.203853,14.09
TEL-12667,MV Fleet_08,LNG Carrier,19.13,9.0,12888,Underway,2026-06-21 11:11:43.203853,20.63
TEL-12668,MV Fleet_15,LNG Carrier,19.18,4.0,47864,Anchored,2026-06-21 11:26:43.203853,14.55
TEL-12669,MV Fleet_07,Bulk Carrier,19.26,9.0,10474,Underway,2026-06-21 11:41:43.203853,20.77
TEL-12670,MV Fleet_06,Tanker,15.88,2.0,5488,Anchored,2026-06-21 11:56:43.203853,8.04
TEL-12671,MV Fleet_09,Bulk Carrier,22.64,5.0,29144,Anchored,2026-06-21 12:11:43.203853,16.53
TEL-12672,MV Fleet_20,Bulk Carrier,15.83,2.0,10622,Underway,2026-06-21 12:26:43.203853,9.03
TEL-12673,MV Fleet_01,Tanker,15.2,1.0,36830,Underway,2026-06-21 12:41:43.203853,6.05
TEL-12674,MV Fleet_08,Tanker,11.19,5.0,41542,Underway,2026-06-21 12:56:43.203853,10.92
TEL-12675,MV Fleet_03,LNG Carrier,12.92,2.0,44214,Moored,2026-06-21 13:11:43.203853,5.25
TEL-12676,MV Fleet_04,LNG Carrier,8.68,7.0,32648,Underway,2026-06-21 13:26:43.203853,10.61
TEL-12677,MV Fleet_15,Container,18.14,8.0,37697,Underway,2026-06-21 13:41:43.203853,16.76
TEL-12678,MV Fleet_06,Bulk Carrier,11.98,2.0,30223,Underway,2026-06-21 13:56:43.203853,5.24
TEL-12679,MV Fleet_15,Tanker,12.87,7.0,26865,Underway,2026-06-21 14:11:43.203853,13.03
TEL-12680,MV Fleet_03,LNG Carrier,20.33,4.0,13572,Underway,2026-06-21 14:26:43.203853,14.42
TEL-12681,MV Fleet_14,Tanker,13.24,1.0,45601,Underway,2026-06-21 14:41:43.203853,0.66
TEL-12682,MV Fleet_20,LNG Carrier,11.88,3.0,48026,Moored,2026-06-21 14:56:43.203853,6.87
TEL-12683,MV Fleet_14,Container,10.7,1.0,28501,Underway,2026-06-21 15:11:43.203853,4.86
TEL-12684,MV Fleet_04,Container,20.4,5.0,31866,Underway,2026-06-21 15:26:43.203853,15.3
TEL-12685,MV Fleet_12,Tanker,10.08,8.0,17416,Underway,2026-06-21 15:41:43.203853,12.8
TEL-12686,MV Fleet_17,Container,15.26,1.0,30775,Underway,2026-06-21 15:56:43.203853,8.22
TEL-12687,MV Fleet_07,Tanker,16.11,9.0,34080,Underway,2026-06-21 16:11:43.203853,15.93
TEL-12688,MV Fleet_09,LNG Carrier,19.0,3.0,9887,Underway,2026-06-21 16:26:43.203853,9.94
TEL-12689,MV Fleet_03,Bulk Carrier,18.13,5.0,24374,Anchored,2026-06-21 16:41:43.203853,12.55
TEL-12690,MV Fleet_13,Container,20.97,9.0,21605,Underway,2026-06-21 16:56:43.203853,20.08
TEL-12691,MV Fleet_15,LNG Carrier,8.72,5.0,20684,Underway,2026-06-21 17:11:43.203853,11.13
TEL-12692,MV Fleet_18,Bulk Carrier,12.74,9.0,29002,Underway,2026-06-21 17:26:43.203853,16.55
TEL-12693,MV Fleet_19,Bulk Carrier,12.48,8.0,31015,Anchored,2026-06-21 17:41:43.203853,15.4
TEL-12694,MV Fleet_01,Bulk Carrier,10.34,7.0,27972,Underway,2026-06-21 17:56:43.203853,13.94
TEL-12695,MV Fleet_06,LNG Carrier,12.63,1.0,5617,Moored,2026-06-21 18:11:43.203853,3.52
TEL-12696,MV Fleet_02,LNG Carrier,12.96,4.0,40338,Underway,2026-06-21 18:26:43.203853,8.88
TEL-12697,MV Fleet_14,Tanker,16.35,9.0,11309,Underway,2026-06-21 18:41:43.203853,20.64
TEL-12698,MV Fleet_06,Bulk Carrier,18.62,8.0,24139,Underway,2026-06-21 18:56:43.203853,18.34
TEL-12699,MV Fleet_14,Bulk Carrier,14.1,4.0,7790,Underway,2026-06-21 19:11:43.203853,7.95
TEL-12700,MV Fleet_04,Bulk Carrier,19.51,1.0,12826,Anchored,2026-06-21 19:26:43.203853,6.46
TEL-12701,MV Fleet_08,Tanker,13.38,4.0,17134,Underway,2026-06-21 19:41:43.203853,10.63
TEL-12702,MV Fleet_03,Bulk Carrier,12.64,3.0,24693,Underway,2026-06-21 19:56:43.203853,5.79
TEL-12703,MV Fleet_19,LNG Carrier,16.66,6.0,9054,Underway,2026-06-21 20:11:43.203853,13.06
TEL-12704,MV Fleet_14,Bulk Carrier,8.38,5.0,21090,Underway,2026-06-21 20:26:43.203853,9.29
TEL-12705,MV Fleet_20,Container,9.28,5.0,28808,Underway,2026-06-21 20:41:43.203853,9.29
TEL-12706,MV Fleet_17,LNG Carrier,14.69,2.0,45449,Underway,2026-06-21 20:56:43.203853,9.08
TEL-12707,MV Fleet_08,Tanker,23.09,3.0,20569,Underway,2026-06-21 21:11:43.203853,9.14
TEL-12708,MV Fleet_14,Bulk Carrier,19.54,6.0,37227,Underway,2026-06-21 21:26:43.203853,15.98
TEL-12709,MV Fleet_06,Container,9.41,2.0,11508,Underway,2026-06-21 21:41:43.203853,4.38
TEL-12710,MV Fleet_16,Tanker,21.54,4.0,21608,Underway,2026-06-21 21:56:43.203853,15.36
TEL-12711,MV Fleet_19,Tanker,19.72,2.0,28523,Anchored,2026-06-21 22:11:43.203853,9.01
TEL-12712,MV Fleet_14,LNG Carrier,17.78,9.0,15433,Underway,2026-06-21 22:26:43.203853,18.52
TEL-12713,MV Fleet_19,Tanker,21.12,3.0,36939,Underway,2026-06-21 22:41:43.203853,11.64
TEL-12714,MV Fleet_03,Tanker,14.47,6.0,29520,Underway,2026-06-21 22:56:43.203853,11.77
TEL-12715,MV Fleet_10,Tanker,11.54,1.0,16888,Moored,2026-06-21 23:11:43.203853,3.17
TEL-12716,MV Fleet_19,Tanker,16.19,3.0,35932,Underway,2026-06-21 23:26:43.203853,8.82
TEL-12717,MV Fleet_09,Bulk Carrier,16.78,8.0,24734,Underway,2026-06-21 23:41:43.203853,19.3
TEL-12718,MV Fleet_20,Bulk Carrier,16.61,5.0,8827,Underway,2026-06-21 23:56:43.203853,11.51
TEL-12719,MV Fleet_13,Bulk Carrier,17.04,8.0,21257,Underway,2026-06-22 00:11:43.203853,15.93
TEL-12720,MV Fleet_07,Bulk Carrier,23.18,2.0,37194,Underway,2026-06-22 00:26:43.203853,10.77
TEL-12721,MV Fleet_14,Container,22.44,7.0,36318,Underway,2026-06-22 00:41:43.203853,18.43
TEL-12722,MV Fleet_09,Bulk Carrier,22.01,9.0,21793,Underway,2026-06-22 00:56:43.203853,23.85
TEL-12723,MV Fleet_19,Tanker,20.82,7.0,39684,Underway,2026-06-22 01:11:43.203853,16.33
TEL-12724,MV Fleet_15,Bulk Carrier,23.09,3.0,33014,Underway,2026-06-22 01:26:43.203853,16.56
TEL-12725,MV Fleet_20,Bulk Carrier,9.58,7.0,7859,Underway,2026-06-22 01:41:43.203853,13.04
TEL-12726,MV Fleet_14,LNG Carrier,12.24,8.0,44840,Underway,2026-06-22 01:56:43.203853,13.33
TEL-12727,MV Fleet_06,Tanker,15.92,1.0,36856,Anchored,2026-06-22 02:11:43.203853,5.1
TEL-12728,MV Fleet_04,Bulk Carrier,21.54,3.0,39819,Underway,2026-06-22 02:26:43.203853,8.98
TEL-12729,MV Fleet_08,Bulk Carrier,16.08,5.0,25085,Moored,2026-06-22 02:41:43.203853,12.16
TEL-12730,MV Fleet_17,Bulk Carrier,19.97,6.0,13214,Underway,2026-06-22 02:56:43.203853,17.07
TEL-12731,MV Fleet_09,Container,10.22,3.0,40736,Underway,2026-06-22 03:11:43.203853,6.63
TEL-12732,MV Fleet_01,Bulk Carrier,12.04,4.0,46704,Anchored,2026-06-22 03:26:43.203853,9.95
TEL-12733,MV Fleet_20,LNG Carrier,19.71,5.0,5601,Anchored,2026-06-22 03:41:43.203853,14.5
TEL-12734,MV Fleet_14,Tanker,10.64,3.0,29318,Underway,2026-06-22 03:56:43.203853,8.54
TEL-12735,MV Fleet_11,Tanker,13.62,4.0,20451,Moored,2026-06-22 04:11:43.203853,7.92
TEL-12736,MV Fleet_03,Bulk Carrier,12.24,5.0,10274,Underway,2026-06-22 04:26:43.203853,11.65
TEL-12737,MV Fleet_09,Bulk Carrier,13.6,2.0,23226,Underway,2026-06-22 04:41:43.203853,9.21
TEL-12738,MV Fleet_14,Bulk Carrier,19.33,9.0,48634,Underway,2026-06-22 04:56:43.203853,23.49
TEL-12739,MV Fleet_09,Tanker,13.89,8.0,35926,Underway,2026-06-22 05:11:43.203853,17.64
TEL-12740,MV Fleet_04,Tanker,16.88,6.0,24046,Underway,2026-06-22 05:26:43.203853,14.14
TEL-12741,MV Fleet_04,Container,9.6,3.0,13674,Underway,2026-06-22 05:41:43.203853,4.92
TEL-12742,MV Fleet_08,LNG Carrier,20.88,2.0,24023,Underway,2026-06-22 05:56:43.203853,8.78
TEL-12743,MV Fleet_02,Container,13.92,7.0,26910,Underway,2026-06-22 06:11:43.203853,13.76
TEL-12744,MV Fleet_09,LNG Carrier,18.38,8.0,16503,Moored,2026-06-22 06:26:43.203853,20.43
TEL-12745,MV Fleet_14,Container,19.61,1.0,10368,Underway,2026-06-22 06:41:43.203853,7.0
TEL-12746,MV Fleet_09,Tanker,11.35,6.0,28527,Underway,2026-06-22 06:56:43.203853,11.76
TEL-12747,MV Fleet_16,Container,22.15,7.0,27487,Underway,2026-06-22 07:11:43.203853,19.66
TEL-12748,MV Fleet_17,LNG Carrier,17.86,9.0,41593,Underway,2026-06-22 07:26:43.203853,13.95
TEL-12749,MV Fleet_16,Bulk Carrier,14.86,3.0,15391,Underway,2026-06-22 07:41:43.203853,6.84
TEL-12750,MV Fleet_12,LNG Carrier,10.92,2.0,14874,Underway,2026-06-22 07:56:43.203853,8.26
TEL-12751,MV Fleet_03,Bulk Carrier,23.08,5.0,8608,Underway,2026-06-22 08:11:43.203853,17.37
TEL-12752,MV Fleet_11,Tanker,20.08,1.0,35451,Moored,2026-06-22 08:26:43.203853,9.63
TEL-12753,MV Fleet_14,LNG Carrier,11.33,6.0,44646,Underway,2026-06-22 08:41:43.203853,10.07
TEL-12754,MV Fleet_18,Container,13.4,9.0,38786,Underway,2026-06-22 08:56:43.203853,18.97
TEL-12755,MV Fleet_05,LNG Carrier,20.95,9.0,32546,Underway,2026-06-22 09:11:43.203853,19.32
TEL-12756,MV Fleet_16,Bulk Carrier,19.13,7.0,47378,Underway,2026-06-22 09:26:43.203853,16.68
TEL-12757,MV Fleet_20,Tanker,20.25,7.0,40268,Underway,2026-06-22 09:41:43.203853,18.19
TEL-12758,MV Fleet_05,Container,15.06,8.0,7667,Underway,2026-06-22 09:56:43.203853,17.27
TEL-12759,MV Fleet_03,LNG Carrier,19.46,2.0,47346,Underway,2026-06-22 10:11:43.203853,9.96
TEL-12760,MV Fleet_12,Bulk Carrier,14.18,6.0,10230,Anchored,2026-06-22 10:26:43.203853,12.33
TEL-12761,MV Fleet_01,Container,11.38,5.0,30720,Underway,2026-06-22 10:41:43.203853,7.23
TEL-12762,MV Fleet_09,Tanker,18.12,5.0,48023,Underway,2026-06-22 10:56:43.203853,13.13
TEL-12763,MV Fleet_09,Container,23.62,3.0,42602,Moored,2026-06-22 11:11:43.203853,9.89
TEL-12764,MV Fleet_04,Tanker,12.97,3.0,6546,Underway,2026-06-22 11:26:43.203853,8.47
TEL-12765,MV Fleet_03,Container,15.38,6.0,20050,Moored,2026-06-22 11:41:43.203853,11.7
TEL-12766,MV Fleet_17,LNG Carrier,18.78,7.0,35134,Anchored,2026-06-22 11:56:43.203853,16.11
TEL-12767,MV Fleet_02,Bulk Carrier,16.66,1.0,20640,Moored,2026-06-22 12:11:43.203853,5.51
TEL-12768,MV Fleet_01,LNG Carrier,21.49,3.0,25828,Underway,2026-06-22 12:26:43.203853,12.71
TEL-12769,MV Fleet_08,LNG Carrier,20.19,1.0,19284,Underway,2026-06-22 12:41:43.203853,6.93
TEL-12770,MV Fleet_13,Tanker,8.93,3.0,8423,Underway,2026-06-22 12:56:43.203853,6.54
TEL-12771,MV Fleet_15,Tanker,23.97,5.0,33577,Underway,2026-06-22 13:11:43.203853,16.64
TEL-12772,MV Fleet_08,Tanker,20.04,9.0,24070,Underway,2026-06-22 13:26:43.203853,20.13
TEL-12773,MV Fleet_12,LNG Carrier,21.82,3.0,7332,Anchored,2026-06-22 13:41:43.203853,12.64
TEL-12774,MV Fleet_12,Container,18.42,9.0,11066,Underway,2026-06-22 13:56:43.203853,17.36
TEL-12775,MV Fleet_14,Container,21.7,1.0,23040,Underway,2026-06-22 14:11:43.203853,7.23
TEL-12776,MV Fleet_15,LNG Carrier,9.8,6.0,43806,Anchored,2026-06-22 14:26:43.203853,13.09
TEL-12777,MV Fleet_15,LNG Carrier,13.56,9.0,13583,Underway,2026-06-22 14:41:43.203853,14.55
TEL-12778,MV Fleet_09,Bulk Carrier,22.02,5.0,43057,Underway,2026-06-22 14:56:43.203853,18.42
TEL-12779,MV Fleet_19,Tanker,11.23,2.0,27604,Underway,2026-06-22 15:11:43.203853,5.24
TEL-12780,MV Fleet_20,Tanker,9.25,5.0,31564,Underway,2026-06-22 15:26:43.203853,7.98
TEL-12781,MV Fleet_08,LNG Carrier,20.61,1.0,38064,Underway,2026-06-22 15:41:43.203853,9.65
TEL-12782,MV Fleet_19,LNG Carrier,21.37,9.0,27857,Underway,2026-06-22 15:56:43.203853,19.95
TEL-12783,MV Fleet_06,Container,10.6,9.0,33941,Underway,2026-06-22 16:11:43.203853,16.22
TEL-12784,MV Fleet_20,LNG Carrier,21.67,6.0,42962,Anchored,2026-06-22 16:26:43.203853,18.33
TEL-12785,MV Fleet_19,Container,18.99,9.0,43573,Moored,2026-06-22 16:41:43.203853,20.53
TEL-12786,MV Fleet_04,LNG Carrier,16.32,3.0,30692,Underway,2026-06-22 16:56:43.203853,9.75
TEL-12787,MV Fleet_07,Bulk Carrier,21.28,4.0,21879,Underway,2026-06-22 17:11:43.203853,14.22
TEL-12788,MV Fleet_04,Bulk Carrier,14.71,6.0,40763,Underway,2026-06-22 17:26:43.203853,12.92
TEL-12789,MV Fleet_12,Container,11.1,4.0,21477,Underway,2026-06-22 17:41:43.203853,9.61
TEL-12790,MV Fleet_13,Tanker,12.56,1.0,11393,Underway,2026-06-22 17:56:43.203853,2.84
TEL-12791,MV Fleet_03,Bulk Carrier,16.08,7.0,38488,Moored,2026-06-22 18:11:43.203853,17.18
TEL-12792,MV Fleet_12,Container,16.5,5.0,26459,Underway,2026-06-22 18:26:43.203853,11.96
TEL-12793,MV Fleet_02,LNG Carrier,20.89,8.0,44093,Anchored,2026-06-22 18:41:43.203853,19.28
TEL-12794,MV Fleet_02,LNG Carrier,20.66,9.0,17554,Underway,2026-06-22 18:56:43.203853,19.91
TEL-12795,MV Fleet_09,Container,17.3,5.0,42867,Moored,2026-06-22 19:11:43.203853,13.5
TEL-12796,MV Fleet_01,Tanker,20.49,8.0,17568,Underway,2026-06-22 19:26:43.203853,20.37
TEL-12797,MV Fleet_08,Container,11.07,1.0,41794,Underway,2026-06-22 19:41:43.203853,2.39
TEL-12798,MV Fleet_06,Container,8.8,1.0,10057,Underway,2026-06-22 19:56:43.203853,3.01
TEL-12799,MV Fleet_06,Bulk Carrier,21.98,7.0,22490,Anchored,2026-06-22 20:11:43.203853,18.4
TEL-12800,MV Fleet_18,Container,9.21,6.0,10305,Underway,2026-06-22 20:26:43.203853,11.4
TEL-12801,MV Fleet_17,Container,11.95,5.0,37740,Underway,2026-06-22 20:41:43.203853,9.78
TEL-12802,MV Fleet_12,LNG Carrier,19.13,5.0,49682,Underway,2026-06-22 20:56:43.203853,12.89
TEL-12803,MV Fleet_06,Bulk Carrier,14.55,9.0,29118,Underway,2026-06-22 21:11:43.203853,18.62
TEL-12804,MV Fleet_08,LNG Carrier,22.02,1.0,11674,Underway,2026-06-22 21:26:43.203853,9.93
TEL-12805,MV Fleet_19,LNG Carrier,12.77,8.0,47331,Moored,2026-06-22 21:41:43.203853,15.36
TEL-12806,MV Fleet_10,Tanker,8.19,2.0,29998,Underway,2026-06-22 21:56:43.203853,6.3
TEL-12807,MV Fleet_01,Tanker,12.81,7.0,20316,Underway,2026-06-22 22:11:43.203853,11.55
TEL-12808,MV Fleet_13,Bulk Carrier,17.25,6.0,21217,Underway,2026-06-22 22:26:43.203853,15.26
TEL-12809,MV Fleet_17,Bulk Carrier,14.02,2.0,7005,Anchored,2026-06-22 22:41:43.203853,7.12
TEL-12810,MV Fleet_03,Tanker,16.56,3.0,19602,Moored,2026-06-22 22:56:43.203853,7.04
TEL-12811,MV Fleet_08,Tanker,22.03,4.0,26645,Underway,2026-06-22 23:11:43.203853,15.43
TEL-12812,MV Fleet_14,Tanker,22.6,7.0,18987,Underway,2026-06-22 23:26:43.203853,19.4
TEL-12813,MV Fleet_03,Tanker,12.26,8.0,18543,Underway,2026-06-22 23:41:43.203853,15.92
TEL-12814,MV Fleet_16,Tanker,15.39,2.0,32944,Underway,2026-06-22 23:56:43.203853,6.72
TEL-12815,MV Fleet_13,LNG Carrier,16.79,8.0,14144,Underway,2026-06-23 00:11:43.203853,17.98
TEL-12816,MV Fleet_20,Bulk Carrier,23.19,9.0,48882,Underway,2026-06-23 00:26:43.203853,20.78
TEL-12817,MV Fleet_17,LNG Carrier,23.98,7.0,43459,Underway,2026-06-23 00:41:43.203853,17.35
TEL-12818,MV Fleet_13,LNG Carrier,11.77,1.0,44827,Underway,2026-06-23 00:56:43.203853,4.13
TEL-12819,MV Fleet_06,Container,19.63,6.0,35741,Underway,2026-06-23 01:11:43.203853,16.32
TEL-12820,MV Fleet_17,LNG Carrier,14.05,8.0,9479,Moored,2026-06-23 01:26:43.203853,17.1
TEL-12821,MV Fleet_14,Tanker,8.13,5.0,9198,Underway,2026-06-23 01:41:43.203853,9.14
TEL-12822,MV Fleet_17,Tanker,8.15,2.0,14091,Underway,2026-06-23 01:56:43.203853,4.53
TEL-12823,MV Fleet_08,Container,15.37,5.0,9205,Underway,2026-06-23 02:11:43.203853,13.18
TEL-12824,MV Fleet_11,Container,15.81,8.0,8641,Underway,2026-06-23 02:26:43.203853,15.87
TEL-12825,MV Fleet_20,Container,8.36,2.0,8543,Underway,2026-06-23 02:41:43.203853,3.64
TEL-12826,MV Fleet_01,Container,18.99,1.0,10591,Anchored,2026-06-23 02:56:43.203853,9.89
TEL-12827,MV Fleet_07,Container,12.7,4.0,49601,Underway,2026-06-23 03:11:43.203853,8.59
TEL-12828,MV Fleet_17,LNG Carrier,16.96,4.0,34341,Underway,2026-06-23 03:26:43.203853,12.3
TEL-12829,MV Fleet_10,Container,12.81,9.0,34055,Underway,2026-06-23 03:41:43.203853,18.59
TEL-12830,MV Fleet_11,LNG Carrier,10.67,3.0,11116,Underway,2026-06-23 03:56:43.203853,7.05
TEL-12831,MV Fleet_09,Bulk Carrier,14.51,4.0,5761,Underway,2026-06-23 04:11:43.203853,10.17
TEL-12832,MV Fleet_09,Container,11.72,3.0,7407,Anchored,2026-06-23 04:26:43.203853,9.82
TEL-12833,MV Fleet_05,Container,16.56,2.0,36594,Underway,2026-06-23 04:41:43.203853,5.76
TEL-12834,MV Fleet_17,LNG Carrier,11.18,4.0,5885,Anchored,2026-06-23 04:56:43.203853,6.44
TEL-12835,MV Fleet_09,Bulk Carrier,16.13,8.0,37195,Anchored,2026-06-23 05:11:43.203853,17.74
TEL-12836,MV Fleet_17,LNG Carrier,10.52,1.0,40411,Underway,2026-06-23 05:26:43.203853,3.07
TEL-12837,MV Fleet_19,LNG Carrier,18.74,8.0,32819,Underway,2026-06-23 05:41:43.203853,19.12
TEL-12838,MV Fleet_07,Container,20.06,8.0,16125,Underway,2026-06-23 05:56:43.203853,18.46
TEL-12839,MV Fleet_09,Tanker,9.77,3.0,26494,Underway,2026-06-23 06:11:43.203853,7.68
TEL-12840,MV Fleet_07,Tanker,15.48,6.0,39236,Underway,2026-06-23 06:26:43.203853,11.89
TEL-12841,MV Fleet_13,LNG Carrier,9.13,4.0,29585,Underway,2026-06-23 06:41:43.203853,8.64
TEL-12842,MV Fleet_11,Container,17.57,1.0,27045,Underway,2026-06-23 06:56:43.203853,5.97
TEL-12843,MV Fleet_14,Bulk Carrier,12.23,1.0,27447,Underway,2026-06-23 07:11:43.203853,5.4
TEL-12844,MV Fleet_19,Tanker,16.44,5.0,44783,Underway,2026-06-23 07:26:43.203853,15.71
TEL-12845,MV Fleet_11,Bulk Carrier,16.28,8.0,31238,Underway,2026-06-23 07:41:43.203853,15.38
TEL-12846,MV Fleet_13,Tanker,22.79,1.0,44091,Underway,2026-06-23 07:56:43.203853,9.1
TEL-12847,MV Fleet_14,Container,16.79,2.0,46703,Underway,2026-06-23 08:11:43.203853,7.65
TEL-12848,MV Fleet_13,LNG Carrier,17.33,7.0,40196,Moored,2026-06-23 08:26:43.203853,16.09
TEL-12849,MV Fleet_01,Bulk Carrier,14.43,8.0,16685,Underway,2026-06-23 08:41:43.203853,12.3
TEL-12850,MV Fleet_08,Bulk Carrier,23.19,3.0,17738,Underway,2026-06-23 08:56:43.203853,12.93
TEL-12851,MV Fleet_12,LNG Carrier,20.43,8.0,47076,Underway,2026-06-23 09:11:43.203853,18.43
TEL-12852,MV Fleet_19,Bulk Carrier,12.57,1.0,20772,Underway,2026-06-23 09:26:43.203853,4.14
TEL-12853,MV Fleet_12,Tanker,21.51,9.0,15633,Underway,2026-06-23 09:41:43.203853,21.31
TEL-12854,MV Fleet_08,LNG Carrier,14.92,2.0,28492,Moored,2026-06-23 09:56:43.203853,7.49
TEL-12855,MV Fleet_08,Tanker,21.26,2.0,48961,Underway,2026-06-23 10:11:43.203853,10.73
TEL-12856,MV Fleet_13,Tanker,21.17,4.0,41855,Moored,2026-06-23 10:26:43.203853,11.56
TEL-12857,MV Fleet_12,Container,11.02,3.0,11228,Anchored,2026-06-23 10:41:43.203853,6.49
TEL-12858,MV Fleet_16,Tanker,19.22,4.0,7831,Underway,2026-06-23 10:56:43.203853,11.65
TEL-12859,MV Fleet_01,Container,12.65,6.0,25045,Underway,2026-06-23 11:11:43.203853,12.78
TEL-12860,MV Fleet_13,Bulk Carrier,12.76,7.0,23132,Anchored,2026-06-23 11:26:43.203853,12.08
TEL-12861,MV Fleet_07,Bulk Carrier,12.74,5.0,16055,Underway,2026-06-23 11:41:43.203853,10.82
TEL-12862,MV Fleet_05,Container,19.61,2.0,29318,Underway,2026-06-23 11:56:43.203853,11.71
TEL-12863,MV Fleet_08,Tanker,11.68,3.0,18795,Underway,2026-06-23 12:11:43.203853,3.12
TEL-12864,MV Fleet_14,LNG Carrier,8.01,3.0,45320,Underway,2026-06-23 12:26:43.203853,5.62
TEL-12865,MV Fleet_13,LNG Carrier,19.44,5.0,24648,Underway,2026-06-23 12:41:43.203853,10.73
TEL-12866,MV Fleet_15,Container,10.74,5.0,27158,Underway,2026-06-23 12:56:43.203853,9.76
TEL-12867,MV Fleet_17,Bulk Carrier,9.67,4.0,26747,Moored,2026-06-23 13:11:43.203853,9.15
TEL-12868,MV Fleet_15,Bulk Carrier,11.8,8.0,28234,Underway,2026-06-23 13:26:43.203853,13.89
TEL-12869,MV Fleet_20,LNG Carrier,14.08,6.0,36560,Anchored,2026-06-23 13:41:43.203853,13.98
TEL-12870,MV Fleet_18,Container,15.61,6.0,16282,Underway,2026-06-23 13:56:43.203853,15.32
TEL-12871,MV Fleet_18,LNG Carrier,8.71,1.0,38831,Underway,2026-06-23 14:11:43.203853,3.69
TEL-12872,MV Fleet_02,Tanker,23.53,6.0,28043,Moored,2026-06-23 14:26:43.203853,16.81
TEL-12873,MV Fleet_04,Tanker,19.46,3.0,25929,Anchored,2026-06-23 14:41:43.203853,11.52
TEL-12874,MV Fleet_01,Container,13.17,6.0,40500,Underway,2026-06-23 14:56:43.203853,14.72
TEL-12875,MV Fleet_04,Container,13.1,6.0,6872,Underway,2026-06-23 15:11:43.203853,10.18
TEL-12876,MV Fleet_18,Tanker,15.18,2.0,42488,Underway,2026-06-23 15:26:43.203853,8.74
TEL-12877,MV Fleet_05,Bulk Carrier,18.02,1.0,6969,Anchored,2026-06-23 15:41:43.203853,5.02
TEL-12878,MV Fleet_19,Container,10.34,3.0,30460,Underway,2026-06-23 15:56:43.203853,4.35
TEL-12879,MV Fleet_15,Tanker,11.02,5.0,17155,Underway,2026-06-23 16:11:43.203853,8.01
TEL-12880,MV Fleet_08,Tanker,21.75,4.0,16870,Underway,2026-06-23 16:26:43.203853,13.45
TEL-12881,MV Fleet_20,Bulk Carrier,12.1,7.0,33392,Underway,2026-06-23 16:41:43.203853,15.17
TEL-12882,MV Fleet_17,Bulk Carrier,14.08,4.0,8717,Anchored,2026-06-23 16:56:43.203853,6.57
TEL-12883,MV Fleet_01,Bulk Carrier,21.94,8.0,6374,Underway,2026-06-23 17:11:43.203853,21.11
TEL-12884,MV Fleet_12,Bulk Carrier,18.61,7.0,26826,Underway,2026-06-23 17:26:43.203853,16.03
TEL-12885,MV Fleet_19,LNG Carrier,13.47,9.0,13679,Anchored,2026-06-23 17:41:43.203853,15.17
TEL-12886,MV Fleet_15,Bulk Carrier,18.94,1.0,18427,Underway,2026-06-23 17:56:43.203853,8.32
TEL-12887,MV Fleet_09,LNG Carrier,8.31,5.0,28564,Underway,2026-06-23 18:11:43.203853,8.25
TEL-12888,MV Fleet_07,Container,19.77,4.0,39708,Moored,2026-06-23 18:26:43.203853,15.77
TEL-12889,MV Fleet_02,Tanker,15.79,6.0,40135,Underway,2026-06-23 18:41:43.203853,14.11
TEL-12890,MV Fleet_09,LNG Carrier,21.01,1.0,49196,Moored,2026-06-23 18:56:43.203853,8.67
TEL-12891,MV Fleet_10,Container,23.27,6.0,29271,Underway,2026-06-23 19:11:43.203853,18.4
TEL-12892,MV Fleet_02,Container,22.81,1.0,21631,Underway,2026-06-23 19:26:43.203853,11.66
TEL-12893,MV Fleet_19,LNG Carrier,22.55,1.0,24887,Underway,2026-06-23 19:41:43.203853,11.65
TEL-12894,MV Fleet_11,Container,16.19,8.0,30259,Underway,2026-06-23 19:56:43.203853,17.94
TEL-12895,MV Fleet_13,Container,13.76,2.0,37396,Underway,2026-06-23 20:11:43.203853,8.51
TEL-12896,MV Fleet_10,LNG Carrier,15.44,6.0,24144,Underway,2026-06-23 20:26:43.203853,15.0
TEL-12897,MV Fleet_14,Container,19.04,6.0,17655,Underway,2026-06-23 20:41:43.203853,16.35
TEL-12898,MV Fleet_18,Bulk Carrier,22.14,6.0,45736,Underway,2026-06-23 20:56:43.203853,16.15
TEL-12899,MV Fleet_19,Bulk Carrier,11.31,8.0,25836,Anchored,2026-06-23 21:11:43.203853,16.36
TEL-12900,MV Fleet_09,Tanker,22.69,4.0,6368,Underway,2026-06-23 21:26:43.203853,13.43
TEL-12901,MV Fleet_07,Container,21.04,3.0,39994,Underway,2026-06-23 21:41:43.203853,12.0
TEL-12902,MV Fleet_03,Tanker,23.66,6.0,49456,Underway,2026-06-23 21:56:43.203853,17.1
TEL-12903,MV Fleet_20,Bulk Carrier,22.08,4.0,41380,Underway,2026-06-23 22:11:43.203853,14.72
TEL-12904,MV Fleet_06,Bulk Carrier,12.48,2.0,17199,Underway,2026-06-23 22:26:43.203853,7.84
TEL-12905,MV Fleet_02,Bulk Carrier,9.7,6.0,47802,Anchored,2026-06-23 22:41:43.203853,10.29
TEL-12906,MV Fleet_06,Container,9.8,5.0,16569,Underway,2026-06-23 22:56:43.203853,7.32
TEL-12907,MV Fleet_03,Container,12.66,9.0,38827,Underway,2026-06-23 23:11:43.203853,18.01
TEL-12908,MV Fleet_16,Bulk Carrier,17.83,6.0,36182,Underway,2026-06-23 23:26:43.203853,15.91
TEL-12909,MV Fleet_08,Tanker,20.87,3.0,18115,Underway,2026-06-23 23:41:43.203853,13.85
TEL-12910,MV Fleet_02,Tanker,22.39,5.0,26649,Underway,2026-06-23 23:56:43.203853,16.73
TEL-12911,MV Fleet_17,LNG Carrier,17.98,8.0,23195,Underway,2026-06-24 00:11:43.203853,18.81
TEL-12912,MV Fleet_09,Bulk Carrier,8.09,9.0,35596,Underway,2026-06-24 00:26:43.203853,13.82
TEL-12913,MV Fleet_12,Tanker,10.98,8.0,39961,Anchored,2026-06-24 00:41:43.203853,15.46
TEL-12914,MV Fleet_03,Bulk Carrier,9.6,3.0,32003,Underway,2026-06-24 00:56:43.203853,9.59
TEL-12915,MV Fleet_11,Tanker,13.81,9.0,21551,Underway,2026-06-24 01:11:43.203853,16.14
TEL-12916,MV Fleet_01,LNG Carrier,16.02,3.0,28826,Moored,2026-06-24 01:26:43.203853,7.14
TEL-12917,MV Fleet_13,LNG Carrier,8.69,8.0,41950,Underway,2026-06-24 01:41:43.203853,13.79
TEL-12918,MV Fleet_15,Bulk Carrier,13.58,9.0,29729,Underway,2026-06-24 01:56:43.203853,18.28
TEL-12919,MV Fleet_05,Tanker,10.87,7.0,8868,Moored,2026-06-24 02:11:43.203853,13.13
TEL-12920,MV Fleet_17,Container,18.35,4.0,46274,Moored,2026-06-24 02:26:43.203853,14.3
TEL-12921,MV Fleet_06,LNG Carrier,15.43,9.0,43718,Underway,2026-06-24 02:41:43.203853,16.4
TEL-12922,MV Fleet_11,Bulk Carrier,15.93,3.0,37353,Underway,2026-06-24 02:56:43.203853,6.65
TEL-12923,MV Fleet_18,Bulk Carrier,14.84,3.0,46682,Underway,2026-06-24 03:11:43.203853,10.57
TEL-12924,MV Fleet_04,Tanker,23.3,2.0,35653,Underway,2026-06-24 03:26:43.203853,9.33
TEL-12925,MV Fleet_03,Bulk Carrier,11.44,3.0,19141,Moored,2026-06-24 03:41:43.203853,7.5
TEL-12926,MV Fleet_13,LNG Carrier,16.27,1.0,16537,Underway,2026-06-24 03:56:43.203853,8.19
TEL-12927,MV Fleet_09,Bulk Carrier,19.78,4.0,35401,Anchored,2026-06-24 04:11:43.203853,12.72
TEL-12928,MV Fleet_06,Bulk Carrier,16.91,8.0,32387,Underway,2026-06-24 04:26:43.203853,15.85
TEL-12929,MV Fleet_12,Container,22.86,5.0,21154,Underway,2026-06-24 04:41:43.203853,17.58
TEL-12930,MV Fleet_02,Container,14.05,2.0,40077,Anchored,2026-06-24 04:56:43.203853,6.83
TEL-12931,MV Fleet_03,LNG Carrier,15.42,3.0,11630,Underway,2026-06-24 05:11:43.203853,8.35
TEL-12932,MV Fleet_03,Tanker,9.42,1.0,48461,Underway,2026-06-24 05:26:43.203853,5.78
TEL-12933,MV Fleet_12,Container,17.74,2.0,19778,Moored,2026-06-24 05:41:43.203853,7.75
TEL-12934,MV Fleet_15,Tanker,12.61,1.0,49293,Underway,2026-06-24 05:56:43.203853,3.57
TEL-12935,MV Fleet_09,LNG Carrier,10.56,2.0,28070,Underway,2026-06-24 06:11:43.203853,3.85
TEL-12936,MV Fleet_08,Container,16.71,3.0,18416,Anchored,2026-06-24 06:26:43.203853,11.12
TEL-12937,MV Fleet_11,Tanker,16.52,1.0,30399,Moored,2026-06-24 06:41:43.203853,6.85
TEL-12938,MV Fleet_16,Container,9.21,9.0,13629,Anchored,2026-06-24 06:56:43.203853,14.51
TEL-12939,MV Fleet_04,LNG Carrier,19.17,5.0,13360,Underway,2026-06-24 07:11:43.203853,11.4
TEL-12940,MV Fleet_01,LNG Carrier,17.98,8.0,17011,Underway,2026-06-24 07:26:43.203853,19.55
TEL-12941,MV Fleet_07,Container,11.02,5.0,45721,Underway,2026-06-24 07:41:43.203853,9.16
TEL-12942,MV Fleet_02,Tanker,15.51,8.0,41069,Underway,2026-06-24 07:56:43.203853,13.5
TEL-12943,MV Fleet_05,Bulk Carrier,19.53,7.0,16227,Moored,2026-06-24 08:11:43.203853,16.89
TEL-12944,MV Fleet_07,Bulk Carrier,16.47,4.0,44587,Underway,2026-06-24 08:26:43.203853,12.23
TEL-12945,MV Fleet_04,Container,14.33,7.0,49550,Underway,2026-06-24 08:41:43.203853,15.28
TEL-12946,MV Fleet_05,Tanker,13.16,6.0,7769,Underway,2026-06-24 08:56:43.203853,12.32
TEL-12947,MV Fleet_01,Bulk Carrier,17.77,3.0,15492,Moored,2026-06-24 09:11:43.203853,9.16
TEL-12948,MV Fleet_01,LNG Carrier,23.03,9.0,8345,Anchored,2026-06-24 09:26:43.203853,20.94
TEL-12949,MV Fleet_15,Tanker,18.75,9.0,7665,Underway,2026-06-24 09:41:43.203853,21.25
TEL-12950,MV Fleet_20,Bulk Carrier,9.2,5.0,29807,Underway,2026-06-24 09:56:43.203853,6.31
TEL-12951,MV Fleet_19,Tanker,15.37,8.0,48552,Underway,2026-06-24 10:11:43.203853,14.74
TEL-12952,MV Fleet_10,Container,22.25,7.0,17366,Anchored,2026-06-24 10:26:43.203853,18.16
TEL-12953,MV Fleet_18,Tanker,9.51,9.0,14325,Underway,2026-06-24 10:41:43.203853,12.35
TEL-12954,MV Fleet_03,Bulk Carrier,23.82,7.0,10440,Underway,2026-06-24 10:56:43.203853,18.94
TEL-12955,MV Fleet_11,Container,23.19,4.0,33222,Underway,2026-06-24 11:11:43.203853,12.54
TEL-12956,MV Fleet_15,Tanker,9.25,4.0,31951,Underway,2026-06-24 11:26:43.203853,8.47
TEL-12957,MV Fleet_11,LNG Carrier,22.93,8.0,44878,Underway,2026-06-24 11:41:43.203853,19.36
TEL-12958,MV Fleet_17,Bulk Carrier,13.81,6.0,25264,Moored,2026-06-24 11:56:43.203853,11.87
TEL-12959,MV Fleet_17,Container,21.52,9.0,24121,Moored,2026-06-24 12:11:43.203853,19.91
TEL-12960,MV Fleet_06,Tanker,14.69,7.0,23815,Anchored,2026-06-24 12:26:43.203853,15.37
TEL-12961,MV Fleet_05,LNG Carrier,15.05,7.0,49263,Moored,2026-06-24 12:41:43.203853,14.41
TEL-12962,MV Fleet_08,Bulk Carrier,18.15,4.0,35311,Underway,2026-06-24 12:56:43.203853,12.94
TEL-12963,MV Fleet_02,LNG Carrier,20.39,3.0,47397,Underway,2026-06-24 13:11:43.203853,13.04
TEL-12964,MV Fleet_16,Tanker,8.54,8.0,24749,Anchored,2026-06-24 13:26:43.203853,13.1
TEL-12965,MV Fleet_20,Tanker,17.49,7.0,34218,Underway,2026-06-24 13:41:43.203853,14.64
TEL-12966,MV Fleet_12,Container,10.99,4.0,20533,Underway,2026-06-24 13:56:43.203853,7.73
TEL-12967,MV Fleet_06,LNG Carrier,13.54,4.0,49133,Underway,2026-06-24 14:11:43.203853,13.35
TEL-12968,MV Fleet_01,Container,13.57,1.0,49867,Underway,2026-06-24 14:26:43.203853,3.94
TEL-12969,MV Fleet_04,Bulk Carrier,15.5,7.0,6316,Underway,2026-06-24 14:41:43.203853,14.46
TEL-12970,MV Fleet_17,Container,13.35,1.0,42972,Underway,2026-06-24 14:56:43.203853,5.1
TEL-12971,MV Fleet_13,Bulk Carrier,9.72,4.0,26388,Underway,2026-06-24 15:11:43.203853,8.73
TEL-12972,MV Fleet_18,Tanker,10.33,3.0,18512,Underway,2026-06-24 15:26:43.203853,6.77
TEL-12973,MV Fleet_05,Tanker,8.54,3.0,5684,Anchored,2026-06-24 15:41:43.203853,8.69
TEL-12974,MV Fleet_03,LNG Carrier,15.52,1.0,32164,Underway,2026-06-24 15:56:43.203853,6.09
TEL-12975,MV Fleet_11,Bulk Carrier,23.27,4.0,44208,Underway,2026-06-24 16:11:43.203853,14.2
TEL-12976,MV Fleet_13,Tanker,9.85,1.0,16735,Underway,2026-06-24 16:26:43.203853,4.89
TEL-12977,MV Fleet_04,LNG Carrier,23.14,8.0,40855,Anchored,2026-06-24 16:41:43.203853,19.02
TEL-12978,MV Fleet_14,LNG Carrier,19.73,1.0,47635,Underway,2026-06-24 16:56:43.203853,8.67
TEL-12979,MV Fleet_11,Container,18.2,6.0,43546,Underway,2026-06-24 17:11:43.203853,13.99
TEL-12980,MV Fleet_10,LNG Carrier,18.32,7.0,13079,Moored,2026-06-24 17:26:43.203853,18.04
TEL-12981,MV Fleet_19,Tanker,21.23,2.0,27412,Underway,2026-06-24 17:41:43.203853,12.25
TEL-12982,MV Fleet_18,Container,9.71,4.0,40862,Underway,2026-06-24 17:56:43.203853,7.65
TEL-12983,MV Fleet_06,Bulk Carrier,16.08,3.0,24191,Underway,2026-06-24 18:11:43.203853,7.69
TEL-12984,MV Fleet_15,Bulk Carrier,19.15,9.0,19821,Underway,2026-06-24 18:26:43.203853,16.76
TEL-12985,MV Fleet_10,Tanker,17.39,7.0,12582,Moored,2026-06-24 18:41:43.203853,15.97
TEL-12986,MV Fleet_05,Tanker,21.32,2.0,14012,Underway,2026-06-24 18:56:43.203853,7.06
TEL-12987,MV Fleet_05,Container,9.16,6.0,38655,Underway,2026-06-24 19:11:43.203853,10.6
TEL-12988,MV Fleet_10,Container,19.05,9.0,49688,Underway,2026-06-24 19:26:43.203853,18.65
TEL-12989,MV Fleet_05,Tanker,16.54,3.0,43783,Underway,2026-06-24 19:41:43.203853,10.05
TEL-12990,MV Fleet_03,Tanker,14.07,6.0,19530,Underway,2026-06-24 19:56:43.203853,12.56
TEL-12991,MV Fleet_06,Bulk Carrier,13.44,3.0,25377,Underway,2026-06-24 20:11:43.203853,6.96
TEL-12992,MV Fleet_04,Bulk Carrier,17.93,3.0,26653,Underway,2026-06-24 20:26:43.203853,11.18
TEL-12993,MV Fleet_18,Bulk Carrier,22.26,4.0,45276,Underway,2026-06-24 20:41:43.203853,12.18
TEL-12994,MV Fleet_09,Tanker,15.94,9.0,25380,Anchored,2026-06-24 20:56:43.203853,18.77
TEL-12995,MV Fleet_17,LNG Carrier,21.2,8.0,5556,Underway,2026-06-24 21:11:43.203853,22.28
TEL-12996,MV Fleet_13,Tanker,14.43,1.0,31790,Underway,2026-06-24 21:26:43.203853,6.69
TEL-12997,MV Fleet_15,Tanker,9.64,1.0,13900,Underway,2026-06-24 21:41:43.203853,2.78
TEL-12998,MV Fleet_20,Bulk Carrier,8.98,7.0,38485,Anchored,2026-06-24 21:56:43.203853,10.64
TEL-12999,MV Fleet_17,Tanker,8.82,3.0,41433,Underway,2026-06-24 22:11:43.203853,7.52
TEL-13000,MV Fleet_13,Container,14.08,7.0,18891,Underway,2026-06-24 22:26:43.203853,12.25
TEL-13001,MV Fleet_16,Tanker,13.4,9.0,48104,Underway,2026-06-24 22:41:43.203853,16.81
TEL-13002,MV Fleet_04,Tanker,19.49,3.0,20014,Underway,2026-06-24 22:56:43.203853,11.82
TEL-13003,MV Fleet_05,Tanker,19.89,3.0,11547,Underway,2026-06-24 23:11:43.203853,9.44
TEL-13004,MV Fleet_05,Tanker,8.81,2.0,42964,Underway,2026-06-24 23:26:43.203853,3.02
TEL-13005,MV Fleet_09,LNG Carrier,11.54,1.0,34932,Underway,2026-06-24 23:41:43.203853,2.08
TEL-13006,MV Fleet_17,Tanker,12.39,9.0,49739,Anchored,2026-06-24 23:56:43.203853,18.78
TEL-13007,MV Fleet_13,Container,16.76,6.0,25263,Underway,2026-06-25 00:11:43.203853,16.37
TEL-13008,MV Fleet_02,Container,10.31,6.0,24320,Underway,2026-06-25 00:26:43.203853,13.64
TEL-13009,MV Fleet_13,Tanker,10.14,8.0,48374,Underway,2026-06-25 00:41:43.203853,16.78
TEL-13010,MV Fleet_19,Bulk Carrier,23.1,5.0,44459,Underway,2026-06-25 00:56:43.203853,14.87
TEL-13011,MV Fleet_03,LNG Carrier,20.87,9.0,12045,Underway,2026-06-25 01:11:43.203853,17.78
TEL-13012,MV Fleet_10,Tanker,10.89,5.0,48255,Underway,2026-06-25 01:26:43.203853,12.37
TEL-13013,MV Fleet_02,Tanker,14.51,2.0,6237,Underway,2026-06-25 01:41:43.203853,8.17
TEL-13014,MV Fleet_13,Tanker,13.69,6.0,48077,Underway,2026-06-25 01:56:43.203853,13.69
TEL-13015,MV Fleet_19,Bulk Carrier,20.66,9.0,44240,Underway,2026-06-25 02:11:43.203853,18.82
TEL-13016,MV Fleet_17,Bulk Carrier,16.16,3.0,41326,Anchored,2026-06-25 02:26:43.203853,9.18
TEL-13017,MV Fleet_14,Bulk Carrier,10.05,4.0,10293,Underway,2026-06-25 02:41:43.203853,8.26
TEL-13018,MV Fleet_12,LNG Carrier,19.82,8.0,30274,Anchored,2026-06-25 02:56:43.203853,18.32
TEL-13019,MV Fleet_12,Container,14.35,6.0,24237,Moored,2026-06-25 03:11:43.203853,11.43
TEL-13020,MV Fleet_11,LNG Carrier,12.21,7.0,33384,Underway,2026-06-25 03:26:43.203853,10.46
TEL-13021,MV Fleet_07,Bulk Carrier,14.01,,35993,Moored,2026-06-25 03:41:43.203853,12.93
TEL-13022,MV Fleet_04,Container,15.96,4.0,17811,Underway,2026-06-25 03:56:43.203853,6.13
TEL-13023,MV Fleet_19,Container,13.49,6.0,23229,Underway,2026-06-25 04:11:43.203853,11.72
TEL-13024,MV Fleet_01,Bulk Carrier,11.87,9.0,44130,Underway,2026-06-25 04:26:43.203853,15.26
TEL-13025,MV Fleet_03,Bulk Carrier,14.38,3.0,18311,Underway,2026-06-25 04:41:43.203853,6.47
TEL-13026,MV Fleet_13,LNG Carrier,8.31,8.0,28040,Underway,2026-06-25 04:56:43.203853,14.06
TEL-13027,MV Fleet_15,Bulk Carrier,20.36,7.0,8182,Underway,2026-06-25 05:11:43.203853,16.7
TEL-13028,MV Fleet_02,Container,10.74,4.0,10760,Underway,2026-06-25 05:26:43.203853,7.86
TEL-13029,MV Fleet_11,Tanker,8.7,3.0,12260,Underway,2026-06-25 05:41:43.203853,8.17
TEL-13030,MV Fleet_04,Bulk Carrier,18.46,7.0,38218,Underway,2026-06-25 05:56:43.203853,15.7
TEL-13031,MV Fleet_19,Bulk Carrier,20.38,9.0,6915,Moored,2026-06-25 06:11:43.203853,20.91
TEL-13032,MV Fleet_17,LNG Carrier,21.02,3.0,14115,Moored,2026-06-25 06:26:43.203853,9.96
TEL-13033,MV Fleet_03,LNG Carrier,15.9,9.0,12076,Moored,2026-06-25 06:41:43.203853,18.29
TEL-13034,MV Fleet_18,Bulk Carrier,11.29,8.0,19814,Anchored,2026-06-25 06:56:43.203853,14.31
TEL-13035,MV Fleet_08,Container,19.8,3.0,38083,Underway,2026-06-25 07:11:43.203853,11.04
TEL-13036,MV Fleet_19,Container,19.2,8.0,9793,Underway,2026-06-25 07:26:43.203853,16.24
TEL-13037,MV Fleet_05,Tanker,11.94,4.0,6262,Underway,2026-06-25 07:41:43.203853,7.02
TEL-13038,MV Fleet_07,Bulk Carrier,22.45,6.0,14319,Moored,2026-06-25 07:56:43.203853,16.41
TEL-13039,MV Fleet_08,LNG Carrier,9.67,2.0,18194,Underway,2026-06-25 08:11:43.203853,6.89
TEL-13040,MV Fleet_05,Container,23.72,8.0,24309,Underway,2026-06-25 08:26:43.203853,18.54
TEL-13041,MV Fleet_17,Tanker,21.76,9.0,33760,Underway,2026-06-25 08:41:43.203853,23.54
TEL-13042,MV Fleet_05,Bulk Carrier,19.01,7.0,31998,Underway,2026-06-25 08:56:43.203853,15.42
TEL-13043,MV Fleet_04,Container,23.02,8.0,8468,Underway,2026-06-25 09:11:43.203853,20.4
TEL-13044,MV Fleet_19,Bulk Carrier,19.56,7.0,17651,Underway,2026-06-25 09:26:43.203853,18.28
TEL-13045,MV Fleet_02,Bulk Carrier,11.05,4.0,25405,Underway,2026-06-25 09:41:43.203853,7.84
TEL-13046,MV Fleet_11,Container,15.07,1.0,19482,Underway,2026-06-25 09:56:43.203853,5.16
TEL-13047,MV Fleet_13,Container,9.14,3.0,9409,Anchored,2026-06-25 10:11:43.203853,8.39
TEL-13048,MV Fleet_15,Container,14.23,7.0,5547,Anchored,2026-06-25 10:26:43.203853,15.8
TEL-13049,MV Fleet_12,Bulk Carrier,19.87,,42659,Underway,2026-06-25 10:41:43.203853,17.99
TEL-13050,MV Fleet_11,Bulk Carrier,14.18,3.0,24907,Moored,2026-06-25 10:56:43.203853,7.91
TEL-13051,MV Fleet_07,Tanker,13.28,1.0,28426,Anchored,2026-06-25 11:11:43.203853,4.63
TEL-13052,MV Fleet_05,LNG Carrier,17.53,9.0,47489,Underway,2026-06-25 11:26:43.203853,17.1
TEL-13053,MV Fleet_17,Bulk Carrier,21.96,6.0,19436,Underway,2026-06-25 11:41:43.203853,16.21
TEL-13054,MV Fleet_20,LNG Carrier,8.76,7.0,21490,Underway,2026-06-25 11:56:43.203853,12.2
TEL-13055,MV Fleet_09,Container,14.17,1.0,33962,Underway,2026-06-25 12:11:43.203853,5.08
TEL-13056,MV Fleet_14,Bulk Carrier,10.53,1.0,43236,Underway,2026-06-25 12:26:43.203853,4.13
TEL-13057,MV Fleet_12,Tanker,19.13,4.0,34288,Underway,2026-06-25 12:41:43.203853,13.71
TEL-13058,MV Fleet_06,Tanker,9.69,7.0,27236,Anchored,2026-06-25 12:56:43.203853,10.13
TEL-13059,MV Fleet_17,LNG Carrier,18.64,8.0,19923,Underway,2026-06-25 13:11:43.203853,16.83
TEL-13060,MV Fleet_19,Container,12.58,9.0,6250,Underway,2026-06-25 13:26:43.203853,18.18
TEL-13061,MV Fleet_19,LNG Carrier,11.18,1.0,18264,Underway,2026-06-25 13:41:43.203853,7.62
TEL-13062,MV Fleet_16,Container,22.98,4.0,6611,Underway,2026-06-25 13:56:43.203853,12.64
TEL-13063,MV Fleet_12,Tanker,8.3,4.0,12928,Underway,2026-06-25 14:11:43.203853,6.52
TEL-13064,MV Fleet_12,LNG Carrier,15.0,3.0,39558,Underway,2026-06-25 14:26:43.203853,6.53
TEL-13065,MV Fleet_20,Tanker,8.35,7.0,5867,Anchored,2026-06-25 14:41:43.203853,8.92
TEL-13066,MV Fleet_06,Tanker,15.74,1.0,36689,Anchored,2026-06-25 14:56:43.203853,6.25
TEL-13067,MV Fleet_04,Container,16.02,9.0,38095,Underway,2026-06-25 15:11:43.203853,18.86
TEL-13068,MV Fleet_06,LNG Carrier,13.15,8.0,8816,Underway,2026-06-25 15:26:43.203853,14.74
TEL-13069,MV Fleet_11,LNG Carrier,10.11,2.0,37626,Underway,2026-06-25 15:41:43.203853,4.61
TEL-13070,MV Fleet_01,Tanker,14.02,2.0,40916,Anchored,2026-06-25 15:56:43.203853,6.39
TEL-13071,MV Fleet_15,Tanker,18.76,8.0,16573,Underway,2026-06-25 16:11:43.203853,16.99
TEL-13072,MV Fleet_11,Container,20.52,1.0,48334,Underway,2026-06-25 16:26:43.203853,8.24
TEL-13073,MV Fleet_19,Bulk Carrier,16.49,7.0,23939,Moored,2026-06-25 16:41:43.203853,17.27
TEL-13074,MV Fleet_18,Bulk Carrier,17.44,9.0,18157,Anchored,2026-06-25 16:56:43.203853,17.42
TEL-13075,MV Fleet_17,Tanker,11.21,3.0,14322,Underway,2026-06-25 17:11:43.203853,6.51
TEL-13076,MV Fleet_19,Bulk Carrier,12.6,7.0,7482,Underway,2026-06-25 17:26:43.203853,13.28
TEL-13077,MV Fleet_14,Bulk Carrier,10.59,6.0,40867,Underway,2026-06-25 17:41:43.203853,10.36
TEL-13078,MV Fleet_18,Bulk Carrier,11.99,7.0,49280,Anchored,2026-06-25 17:56:43.203853,13.33
TEL-13079,MV Fleet_19,Bulk Carrier,11.6,7.0,18675,Underway,2026-06-25 18:11:43.203853,9.33
TEL-13080,MV Fleet_15,Tanker,16.31,1.0,35420,Underway,2026-06-25 18:26:43.203853,6.96
TEL-13081,MV Fleet_15,Bulk Carrier,17.0,3.0,47516,Underway,2026-06-25 18:41:43.203853,7.98
TEL-13082,MV Fleet_04,Bulk Carrier,23.12,1.0,16735,Underway,2026-06-25 18:56:43.203853,8.57
TEL-13083,MV Fleet_07,Container,11.13,5.0,18850,Underway,2026-06-25 19:11:43.203853,9.65
TEL-13084,MV Fleet_13,Tanker,18.27,3.0,11732,Underway,2026-06-25 19:26:43.203853,8.0
TEL-13085,MV Fleet_03,LNG Carrier,21.08,1.0,45753,Underway,2026-06-25 19:41:43.203853,10.62
TEL-13086,MV Fleet_16,LNG Carrier,16.96,2.0,43822,Underway,2026-06-25 19:56:43.203853,6.69
TEL-13087,MV Fleet_09,Container,12.08,5.0,39422,Underway,2026-06-25 20:11:43.203853,14.21
TEL-13088,MV Fleet_08,Container,12.2,3.0,37731,Underway,2026-06-25 20:26:43.203853,8.26
TEL-13089,MV Fleet_20,Tanker,8.63,6.0,16428,Underway,2026-06-25 20:41:43.203853,9.71
TEL-13090,MV Fleet_13,LNG Carrier,12.89,9.0,16311,Underway,2026-06-25 20:56:43.203853,16.13
TEL-13091,MV Fleet_17,Bulk Carrier,19.91,6.0,8733,Underway,2026-06-25 21:11:43.203853,15.69
TEL-13092,MV Fleet_17,Container,8.76,2.0,44579,Anchored,2026-06-25 21:26:43.203853,7.15
TEL-13093,MV Fleet_17,LNG Carrier,11.51,2.0,13342,Underway,2026-06-25 21:41:43.203853,6.97
TEL-13094,MV Fleet_01,Tanker,19.3,8.0,15464,Underway,2026-06-25 21:56:43.203853,19.44
TEL-13095,MV Fleet_08,Bulk Carrier,20.52,8.0,15300,Underway,2026-06-25 22:11:43.203853,18.35
TEL-13096,MV Fleet_19,Tanker,15.29,6.0,39563,Underway,2026-06-25 22:26:43.203853,12.28
TEL-13097,MV Fleet_06,Container,19.17,7.0,18708,Anchored,2026-06-25 22:41:43.203853,17.52
TEL-13098,MV Fleet_03,LNG Carrier,14.21,1.0,33090,Underway,2026-06-25 22:56:43.203853,7.14
TEL-13099,MV Fleet_05,LNG Carrier,10.56,9.0,46308,Moored,2026-06-25 23:11:43.203853,15.49
TEL-13100,MV Fleet_13,LNG Carrier,14.37,5.0,21328,Underway,2026-06-25 23:26:43.203853,10.19
TEL-13101,MV Fleet_15,LNG Carrier,17.28,9.0,31654,Underway,2026-06-25 23:41:43.203853,17.03
TEL-13102,MV Fleet_14,Bulk Carrier,23.17,2.0,11214,Underway,2026-06-25 23:56:43.203853,8.85
TEL-13103,MV Fleet_16,Bulk Carrier,9.1,8.0,43913,Anchored,2026-06-26 00:11:43.203853,13.04
TEL-13104,MV Fleet_18,Tanker,16.12,7.0,32552,Moored,2026-06-26 00:26:43.203853,14.63
TEL-13105,MV Fleet_11,Bulk Carrier,13.26,4.0,40377,Underway,2026-06-26 00:41:43.203853,9.21
TEL-13106,MV Fleet_03,Container,16.13,3.0,30734,Underway,2026-06-26 00:56:43.203853,9.83
TEL-13107,MV Fleet_10,Container,8.38,4.0,29721,Underway,2026-06-26 01:11:43.203853,6.78
TEL-13108,MV Fleet_10,LNG Carrier,13.01,4.0,23610,Anchored,2026-06-26 01:26:43.203853,11.83
TEL-13109,MV Fleet_16,Container,21.12,8.0,18622,Underway,2026-06-26 01:41:43.203853,17.44
TEL-13110,MV Fleet_12,Tanker,16.86,4.0,33875,Underway,2026-06-26 01:56:43.203853,11.9
TEL-13111,MV Fleet_02,Bulk Carrier,15.21,5.0,28226,Underway,2026-06-26 02:11:43.203853,9.76
TEL-13112,MV Fleet_09,Bulk Carrier,12.57,2.0,32677,Underway,2026-06-26 02:26:43.203853,4.68
TEL-13113,MV Fleet_03,Bulk Carrier,12.77,4.0,15298,Underway,2026-06-26 02:41:43.203853,9.46
TEL-13114,MV Fleet_15,Container,14.13,7.0,40848,Underway,2026-06-26 02:56:43.203853,15.67
TEL-13115,MV Fleet_03,Bulk Carrier,21.37,3.0,38755,Anchored,2026-06-26 03:11:43.203853,11.37
TEL-13116,MV Fleet_19,LNG Carrier,23.48,1.0,22744,Underway,2026-06-26 03:26:43.203853,10.18
TEL-13117,MV Fleet_18,LNG Carrier,15.02,8.0,28434,Underway,2026-06-26 03:41:43.203853,17.9
TEL-13118,MV Fleet_08,LNG Carrier,14.29,8.0,45314,Underway,2026-06-26 03:56:43.203853,13.84
TEL-13119,MV Fleet_17,Container,21.54,6.0,6726,Underway,2026-06-26 04:11:43.203853,17.54
TEL-13120,MV Fleet_08,Bulk Carrier,14.83,7.0,19268,Underway,2026-06-26 04:26:43.203853,13.38
TEL-13121,MV Fleet_07,Container,16.83,2.0,5907,Anchored,2026-06-26 04:41:43.203853,8.22
TEL-13122,MV Fleet_07,Bulk Carrier,11.7,5.0,30759,Moored,2026-06-26 04:56:43.203853,10.93
TEL-13123,MV Fleet_03,Tanker,19.9,7.0,18764,Moored,2026-06-26 05:11:43.203853,15.19
TEL-13124,MV Fleet_01,Tanker,16.51,9.0,29409,Anchored,2026-06-26 05:26:43.203853,17.08
TEL-13125,MV Fleet_04,Container,20.94,1.0,13390,Underway,2026-06-26 05:41:43.203853,9.54
TEL-13126,MV Fleet_05,LNG Carrier,20.49,3.0,35172,Underway,2026-06-26 05:56:43.203853,10.9
TEL-13127,MV Fleet_01,Container,11.44,6.0,40223,Underway,2026-06-26 06:11:43.203853,10.45
TEL-13128,MV Fleet_15,LNG Carrier,19.45,7.0,42976,Underway,2026-06-26 06:26:43.203853,17.0
TEL-13129,MV Fleet_05,Bulk Carrier,20.8,6.0,45542,Underway,2026-06-26 06:41:43.203853,14.34
TEL-13130,MV Fleet_13,LNG Carrier,13.54,1.0,8365,Underway,2026-06-26 06:56:43.203853,3.08
TEL-13131,MV Fleet_08,LNG Carrier,10.76,4.0,30836,Anchored,2026-06-26 07:11:43.203853,4.69
TEL-13132,MV Fleet_08,Bulk Carrier,8.04,6.0,33554,Moored,2026-06-26 07:26:43.203853,10.92
TEL-13133,MV Fleet_05,Tanker,15.21,8.0,26663,Moored,2026-06-26 07:41:43.203853,16.14
TEL-13134,MV Fleet_09,Bulk Carrier,13.64,4.0,10951,Underway,2026-06-26 07:56:43.203853,10.21
TEL-13135,MV Fleet_01,Container,16.88,7.0,20175,Moored,2026-06-26 08:11:43.203853,17.21
TEL-13136,MV Fleet_04,Container,11.01,3.0,16027,Underway,2026-06-26 08:26:43.203853,6.5
TEL-13137,MV Fleet_03,Container,21.75,8.0,47273,Underway,2026-06-26 08:41:43.203853,19.41
TEL-13138,MV Fleet_02,Container,12.12,1.0,15094,Underway,2026-06-26 08:56:43.203853,4.79
TEL-13139,MV Fleet_08,Container,11.62,4.0,28081,Underway,2026-06-26 09:11:43.203853,7.73
TEL-13140,MV Fleet_09,Tanker,15.69,8.0,17167,Moored,2026-06-26 09:26:43.203853,14.12
TEL-13141,MV Fleet_02,Tanker,15.98,4.0,13769,Underway,2026-06-26 09:41:43.203853,8.72
TEL-13142,MV Fleet_14,LNG Carrier,11.44,2.0,28060,Underway,2026-06-26 09:56:43.203853,5.46
TEL-13143,MV Fleet_14,Container,12.35,2.0,6020,Underway,2026-06-26 10:11:43.203853,7.37
TEL-13144,MV Fleet_04,Bulk Carrier,10.72,4.0,16845,Anchored,2026-06-26 10:26:43.203853,10.61
TEL-13145,MV Fleet_06,Container,19.5,4.0,41612,Underway,2026-06-26 10:41:43.203853,11.81
TEL-13146,MV Fleet_11,Tanker,20.32,2.0,41341,Underway,2026-06-26 10:56:43.203853,9.94
TEL-13147,MV Fleet_03,Container,15.4,7.0,15485,Underway,2026-06-26 11:11:43.203853,17.48
TEL-13148,MV Fleet_08,Tanker,19.43,6.0,43210,Underway,2026-06-26 11:26:43.203853,15.98
TEL-13149,MV Fleet_03,LNG Carrier,19.77,3.0,12914,Underway,2026-06-26 11:41:43.203853,11.09
TEL-13150,MV Fleet_14,LNG Carrier,10.21,8.0,45719,Underway,2026-06-26 11:56:43.203853,14.39
TEL-13151,MV Fleet_13,LNG Carrier,23.46,8.0,13802,Underway,2026-06-26 12:11:43.203853,21.42
TEL-13152,MV Fleet_13,Tanker,21.14,1.0,46288,Moored,2026-06-26 12:26:43.203853,6.83
TEL-13153,MV Fleet_02,Container,11.27,3.0,38314,Anchored,2026-06-26 12:41:43.203853,8.1
TEL-13154,MV Fleet_13,Container,10.98,5.0,24565,Underway,2026-06-26 12:56:43.203853,10.51
TEL-13155,MV Fleet_19,Bulk Carrier,10.01,2.0,32617,Underway,2026-06-26 13:11:43.203853,6.64
TEL-13156,MV Fleet_06,Tanker,10.21,5.0,46766,Underway,2026-06-26 13:26:43.203853,10.32
TEL-13157,MV Fleet_16,Bulk Carrier,19.97,3.0,30609,Anchored,2026-06-26 13:41:43.203853,12.53
TEL-13158,MV Fleet_02,LNG Carrier,15.51,9.0,49233,Underway,2026-06-26 13:56:43.203853,16.34
TEL-13159,MV Fleet_08,Container,20.53,1.0,25371,Underway,2026-06-26 14:11:43.203853,7.41
TEL-13160,MV Fleet_17,Tanker,19.94,4.0,24124,Moored,2026-06-26 14:26:43.203853,12.71
TEL-13161,MV Fleet_02,Bulk Carrier,17.67,,17717,Underway,2026-06-26 14:41:43.203853,13.15
TEL-13162,MV Fleet_10,Bulk Carrier,18.98,9.0,42669,Underway,2026-06-26 14:56:43.203853,20.74
TEL-13163,MV Fleet_16,Bulk Carrier,8.29,3.0,31272,Moored,2026-06-26 15:11:43.203853,3.83
TEL-13164,MV Fleet_06,Container,12.99,3.0,16842,Underway,2026-06-26 15:26:43.203853,7.39
TEL-13165,MV Fleet_02,Container,18.21,5.0,43476,Underway,2026-06-26 15:41:43.203853,12.2
TEL-13166,MV Fleet_02,Container,8.15,7.0,7082,Underway,2026-06-26 15:56:43.203853,10.8
TEL-13167,MV Fleet_13,Tanker,8.53,5.0,31261,Underway,2026-06-26 16:11:43.203853,6.97
TEL-13168,MV Fleet_15,Container,21.63,8.0,25970,Underway,2026-06-26 16:26:43.203853,19.5
TEL-13169,MV Fleet_02,Tanker,18.94,5.0,14795,Underway,2026-06-26 16:41:43.203853,13.31
TEL-13170,MV Fleet_07,Bulk Carrier,12.25,7.0,38028,Underway,2026-06-26 16:56:43.203853,16.19
TEL-13171,MV Fleet_03,Bulk Carrier,19.01,6.0,25180,Underway,2026-06-26 17:11:43.203853,18.71
TEL-13172,MV Fleet_08,LNG Carrier,20.68,2.0,32351,Underway,2026-06-26 17:26:43.203853,8.29
TEL-13173,MV Fleet_14,Container,12.91,3.0,43750,Underway,2026-06-26 17:41:43.203853,4.74
TEL-13174,MV Fleet_07,Bulk Carrier,8.58,4.0,38268,Underway,2026-06-26 17:56:43.203853,5.74
TEL-13175,MV Fleet_07,Container,22.92,5.0,6015,Anchored,2026-06-26 18:11:43.203853,15.62
TEL-13176,MV Fleet_01,Tanker,13.52,9.0,48293,Underway,2026-06-26 18:26:43.203853,18.54
TEL-13177,MV Fleet_17,Bulk Carrier,9.7,6.0,29489,Underway,2026-06-26 18:41:43.203853,10.18
TEL-13178,MV Fleet_09,Container,15.87,1.0,41731,Underway,2026-06-26 18:56:43.203853,6.76
TEL-13179,MV Fleet_13,Bulk Carrier,20.3,3.0,16866,Underway,2026-06-26 19:11:43.203853,9.98
TEL-13180,MV Fleet_19,Bulk Carrier,11.55,7.0,40474,Underway,2026-06-26 19:26:43.203853,12.33
TEL-13181,MV Fleet_19,Container,12.31,8.0,20272,Underway,2026-06-26 19:41:43.203853,15.1
TEL-13182,MV Fleet_17,Bulk Carrier,11.88,7.0,37161,Underway,2026-06-26 19:56:43.203853,13.17
TEL-13183,MV Fleet_10,Bulk Carrier,23.87,5.0,7099,Anchored,2026-06-26 20:11:43.203853,16.24
TEL-13184,MV Fleet_10,Bulk Carrier,11.16,8.0,11386,Underway,2026-06-26 20:26:43.203853,12.79
TEL-13185,MV Fleet_04,Bulk Carrier,17.21,9.0,10338,Anchored,2026-06-26 20:41:43.203853,20.38
TEL-13186,MV Fleet_08,Tanker,22.8,7.0,13300,Underway,2026-06-26 20:56:43.203853,20.47
TEL-13187,MV Fleet_20,Bulk Carrier,10.35,9.0,26400,Underway,2026-06-26 21:11:43.203853,17.48
TEL-13188,MV Fleet_20,LNG Carrier,23.53,1.0,29641,Moored,2026-06-26 21:26:43.203853,9.07
TEL-13189,MV Fleet_18,Bulk Carrier,23.16,9.0,9297,Underway,2026-06-26 21:41:43.203853,22.04
TEL-13190,MV Fleet_14,Container,22.15,3.0,24332,Underway,2026-06-26 21:56:43.203853,11.46
TEL-13191,MV Fleet_18,LNG Carrier,11.43,6.0,46173,Underway,2026-06-26 22:11:43.203853,10.05
TEL-13192,MV Fleet_14,Tanker,18.14,8.0,20201,Underway,2026-06-26 22:26:43.203853,17.94
TEL-13193,MV Fleet_20,LNG Carrier,20.17,3.0,38808,Underway,2026-06-26 22:41:43.203853,7.92
TEL-13194,MV Fleet_15,LNG Carrier,23.78,4.0,17810,Underway,2026-06-26 22:56:43.203853,16.01
TEL-13195,MV Fleet_04,LNG Carrier,10.89,7.0,12988,Moored,2026-06-26 23:11:43.203853,11.07
TEL-13196,MV Fleet_13,Container,20.26,7.0,45327,Underway,2026-06-26 23:26:43.203853,16.69
TEL-13197,MV Fleet_08,Container,13.42,4.0,24579,Anchored,2026-06-26 23:41:43.203853,5.9
TEL-13198,MV Fleet_18,Container,10.81,9.0,26483,Underway,2026-06-26 23:56:43.203853,18.5
TEL-13199,MV Fleet_12,Tanker,14.74,3.0,5503,Underway,2026-06-27 00:11:43.203853,9.36
TEL-13200,MV Fleet_14,Container,20.7,8.0,10344,Underway,2026-06-27 00:26:43.203853,19.03
TEL-13201,MV Fleet_02,Container,15.44,8.0,13947,Underway,2026-06-27 00:41:43.203853,15.16
TEL-13202,MV Fleet_18,LNG Carrier,16.6,4.0,14533,Underway,2026-06-27 00:56:43.203853,9.15
TEL-13203,MV Fleet_02,Container,23.92,7.0,45916,Underway,2026-06-27 01:11:43.203853,19.03
TEL-13204,MV Fleet_11,Bulk Carrier,14.39,4.0,20193,Anchored,2026-06-27 01:26:43.203853,10.18
TEL-13205,MV Fleet_09,Container,17.85,1.0,6381,Underway,2026-06-27 01:41:43.203853,6.52
TEL-13206,MV Fleet_12,Tanker,13.84,1.0,12012,Underway,2026-06-27 01:56:43.203853,5.78
TEL-13207,MV Fleet_17,Tanker,14.28,1.0,20213,Underway,2026-06-27 02:11:43.203853,7.96
TEL-13208,MV Fleet_15,Bulk Carrier,19.13,2.0,32563,Moored,2026-06-27 02:26:43.203853,7.43
TEL-13209,MV Fleet_17,Tanker,23.01,6.0,20212,Underway,2026-06-27 02:41:43.203853,17.62
TEL-13210,MV Fleet_18,Tanker,16.68,5.0,35124,Underway,2026-06-27 02:56:43.203853,14.9
TEL-13211,MV Fleet_06,LNG Carrier,20.29,2.0,15711,Underway,2026-06-27 03:11:43.203853,9.21
TEL-13212,MV Fleet_17,Bulk Carrier,9.43,8.0,35266,Underway,2026-06-27 03:26:43.203853,13.61
TEL-13213,MV Fleet_18,LNG Carrier,11.38,9.0,14515,Underway,2026-06-27 03:41:43.203853,16.69
TEL-13214,MV Fleet_08,LNG Carrier,16.03,7.0,25193,Underway,2026-06-27 03:56:43.203853,15.99
TEL-13215,MV Fleet_09,Container,8.32,9.0,49707,Underway,2026-06-27 04:11:43.203853,16.54
TEL-13216,MV Fleet_06,Bulk Carrier,12.05,4.0,7131,Underway,2026-06-27 04:26:43.203853,8.92
TEL-13217,MV Fleet_05,Container,16.28,7.0,7424,Anchored,2026-06-27 04:41:43.203853,13.9
TEL-13218,MV Fleet_12,Container,8.24,5.0,49344,Underway,2026-06-27 04:56:43.203853,9.78
TEL-13219,MV Fleet_11,LNG Carrier,12.23,5.0,26823,Underway,2026-06-27 05:11:43.203853,8.87
TEL-13220,MV Fleet_01,Tanker,16.22,3.0,14200,Underway,2026-06-27 05:26:43.203853,9.56
TEL-13221,MV Fleet_11,Bulk Carrier,17.17,9.0,28031,Underway,2026-06-27 05:41:43.203853,18.64
TEL-13222,MV Fleet_19,Tanker,22.81,5.0,8216,Underway,2026-06-27 05:56:43.203853,15.72
TEL-13223,MV Fleet_09,LNG Carrier,18.33,6.0,5016,Underway,2026-06-27 06:11:43.203853,14.49
TEL-13224,MV Fleet_02,LNG Carrier,14.64,3.0,42438,Underway,2026-06-27 06:26:43.203853,9.84
TEL-13225,MV Fleet_12,LNG Carrier,22.89,7.0,31378,Underway,2026-06-27 06:41:43.203853,19.62
TEL-13226,MV Fleet_04,LNG Carrier,20.56,9.0,40391,Anchored,2026-06-27 06:56:43.203853,21.37
TEL-13227,MV Fleet_04,LNG Carrier,11.2,9.0,36734,Underway,2026-06-27 07:11:43.203853,15.24
TEL-13228,MV Fleet_18,LNG Carrier,10.09,5.0,18350,Underway,2026-06-27 07:26:43.203853,7.07
TEL-13229,MV Fleet_15,Tanker,18.81,7.0,19450,Underway,2026-06-27 07:41:43.203853,15.77
TEL-13230,MV Fleet_19,Container,16.96,3.0,6473,Underway,2026-06-27 07:56:43.203853,10.07
TEL-13231,MV Fleet_13,Tanker,20.63,6.0,30525,Underway,2026-06-27 08:11:43.203853,15.91
TEL-13232,MV Fleet_19,Bulk Carrier,19.82,8.0,33572,Underway,2026-06-27 08:26:43.203853,17.76
TEL-13233,MV Fleet_17,Tanker,18.0,8.0,47028,Underway,2026-06-27 08:41:43.203853,17.78
TEL-13234,MV Fleet_06,LNG Carrier,23.78,2.0,42079,Underway,2026-06-27 08:56:43.203853,11.34
TEL-13235,MV Fleet_16,Tanker,16.54,6.0,35110,Underway,2026-06-27 09:11:43.203853,13.79
TEL-13236,MV Fleet_12,Container,9.81,7.0,40504,Anchored,2026-06-27 09:26:43.203853,9.46
TEL-13237,MV Fleet_19,Bulk Carrier,21.25,7.0,31888,Underway,2026-06-27 09:41:43.203853,18.87
TEL-13238,MV Fleet_05,Tanker,12.03,3.0,6946,Underway,2026-06-27 09:56:43.203853,8.16
TEL-13239,MV Fleet_17,Container,20.44,9.0,26943,Underway,2026-06-27 10:11:43.203853,23.43
TEL-13240,MV Fleet_01,Tanker,23.31,2.0,20740,Underway,2026-06-27 10:26:43.203853,10.38
TEL-13241,MV Fleet_10,Bulk Carrier,19.15,3.0,31445,Underway,2026-06-27 10:41:43.203853,9.8
TEL-13242,MV Fleet_15,Tanker,17.54,2.0,14176,Underway,2026-06-27 10:56:43.203853,8.47
TEL-13243,MV Fleet_11,LNG Carrier,15.37,9.0,34866,Underway,2026-06-27 11:11:43.203853,17.61
TEL-13244,MV Fleet_13,Tanker,13.83,4.0,49651,Underway,2026-06-27 11:26:43.203853,11.85
TEL-13245,MV Fleet_05,Container,13.65,2.0,42269,Underway,2026-06-27 11:41:43.203853,5.79
TEL-13246,MV Fleet_01,Tanker,18.18,3.0,16618,Underway,2026-06-27 11:56:43.203853,9.81
TEL-13247,MV Fleet_12,Container,20.02,4.0,29736,Underway,2026-06-27 12:11:43.203853,11.68
TEL-13248,MV Fleet_11,Bulk Carrier,18.86,6.0,43682,Moored,2026-06-27 12:26:43.203853,17.18
TEL-13249,MV Fleet_17,Tanker,11.17,5.0,29601,Underway,2026-06-27 12:41:43.203853,10.65
TEL-13250,MV Fleet_04,Bulk Carrier,15.9,3.0,37850,Underway,2026-06-27 12:56:43.203853,11.27
TEL-13251,MV Fleet_15,Bulk Carrier,20.67,8.0,46132,Underway,2026-06-27 13:11:43.203853,23.26
TEL-13252,MV Fleet_09,Tanker,15.61,8.0,10804,Underway,2026-06-27 13:26:43.203853,15.13
TEL-13253,MV Fleet_20,Container,16.59,7.0,24525,Anchored,2026-06-27 13:41:43.203853,16.86
TEL-13254,MV Fleet_19,Bulk Carrier,20.34,3.0,32419,Underway,2026-06-27 13:56:43.203853,10.82
TEL-13255,MV Fleet_19,Bulk Carrier,18.58,1.0,28746,Underway,2026-06-27 14:11:43.203853,6.22
TEL-13256,MV Fleet_12,Tanker,14.55,5.0,17812,Underway,2026-06-27 14:26:43.203853,9.09
TEL-13257,MV Fleet_05,Tanker,22.33,1.0,31686,Underway,2026-06-27 14:41:43.203853,12.55
TEL-13258,MV Fleet_10,Tanker,10.6,6.0,40852,Underway,2026-06-27 14:56:43.203853,12.72
TEL-13259,MV Fleet_17,Tanker,23.93,7.0,7045,Underway,2026-06-27 15:11:43.203853,19.0
TEL-13260,MV Fleet_05,Tanker,9.9,5.0,30336,Underway,2026-06-27 15:26:43.203853,10.4
TEL-13261,MV Fleet_16,LNG Carrier,8.24,4.0,35460,Underway,2026-06-27 15:41:43.203853,4.73
TEL-13262,MV Fleet_07,Tanker,22.24,2.0,26668,Underway,2026-06-27 15:56:43.203853,10.66
TEL-13263,MV Fleet_09,Container,11.92,5.0,39320,Moored,2026-06-27 16:11:43.203853,9.06
TEL-13264,MV Fleet_03,Bulk Carrier,19.68,9.0,45584,Underway,2026-06-27 16:26:43.203853,22.01
TEL-13265,MV Fleet_15,Container,20.98,4.0,37575,Underway,2026-06-27 16:41:43.203853,15.33
TEL-13266,MV Fleet_16,Container,21.74,2.0,38592,Anchored,2026-06-27 16:56:43.203853,11.84
TEL-13267,MV Fleet_18,LNG Carrier,23.87,6.0,41516,Moored,2026-06-27 17:11:43.203853,19.22
TEL-13268,MV Fleet_14,Tanker,12.7,8.0,10578,Underway,2026-06-27 17:26:43.203853,14.03
TEL-13269,MV Fleet_03,Bulk Carrier,19.36,2.0,42965,Underway,2026-06-27 17:41:43.203853,10.24
TEL-13270,MV Fleet_12,Container,9.85,9.0,46798,Underway,2026-06-27 17:56:43.203853,13.38
TEL-13271,MV Fleet_09,Tanker,14.51,7.0,26079,Underway,2026-06-27 18:11:43.203853,12.0
TEL-13272,MV Fleet_07,Tanker,21.57,2.0,5937,Anchored,2026-06-27 18:26:43.203853,10.25
TEL-13273,MV Fleet_09,LNG Carrier,13.88,5.0,12595,Underway,2026-06-27 18:41:43.203853,11.8
TEL-13274,MV Fleet_13,LNG Carrier,17.46,5.0,5424,Underway,2026-06-27 18:56:43.203853,13.57
TEL-13275,MV Fleet_18,LNG Carrier,16.06,7.0,49270,Anchored,2026-06-27 19:11:43.203853,13.1
TEL-13276,MV Fleet_05,Bulk Carrier,18.34,5.0,8051,Underway,2026-06-27 19:26:43.203853,10.79
TEL-13277,MV Fleet_13,Container,23.57,6.0,40673,Moored,2026-06-27 19:41:43.203853,16.93
TEL-13278,MV Fleet_04,LNG Carrier,8.89,9.0,36342,Moored,2026-06-27 19:56:43.203853,13.83
TEL-13279,MV Fleet_02,LNG Carrier,17.18,3.0,17238,Underway,2026-06-27 20:11:43.203853,10.45
TEL-13280,MV Fleet_16,LNG Carrier,21.81,3.0,32786,Underway,2026-06-27 20:26:43.203853,10.53
TEL-13281,MV Fleet_09,Container,15.7,8.0,34668,Underway,2026-06-27 20:41:43.203853,19.23
TEL-13282,MV Fleet_09,Container,9.26,6.0,7694,Moored,2026-06-27 20:56:43.203853,11.3
TEL-13283,MV Fleet_06,LNG Carrier,16.97,3.0,8595,Moored,2026-06-27 21:11:43.203853,9.21
TEL-13284,MV Fleet_11,LNG Carrier,13.31,2.0,6267,Underway,2026-06-27 21:26:43.203853,4.54
TEL-13285,MV Fleet_01,Tanker,10.48,2.0,5421,Underway,2026-06-27 21:41:43.203853,3.19
TEL-13286,MV Fleet_04,LNG Carrier,21.58,2.0,24650,Underway,2026-06-27 21:56:43.203853,9.93
TEL-13287,MV Fleet_13,Bulk Carrier,16.35,5.0,12017,Anchored,2026-06-27 22:11:43.203853,11.26
TEL-13288,MV Fleet_13,Bulk Carrier,22.93,5.0,14849,Underway,2026-06-27 22:26:43.203853,13.12
TEL-13289,MV Fleet_13,LNG Carrier,20.9,1.0,28513,Underway,2026-06-27 22:41:43.203853,10.58
TEL-13290,MV Fleet_02,Container,19.09,2.0,49899,Underway,2026-06-27 22:56:43.203853,7.36
TEL-13291,MV Fleet_09,Tanker,8.08,2.0,46644,Underway,2026-06-27 23:11:43.203853,4.92
TEL-13292,MV Fleet_08,Container,14.85,4.0,7226,Anchored,2026-06-27 23:26:43.203853,10.59
TEL-13293,MV Fleet_07,LNG Carrier,11.16,7.0,9388,Underway,2026-06-27 23:41:43.203853,10.49
TEL-13294,MV Fleet_04,Bulk Carrier,22.57,3.0,7422,Underway,2026-06-27 23:56:43.203853,11.92
TEL-13295,MV Fleet_18,Tanker,10.79,5.0,44994,Underway,2026-06-28 00:11:43.203853,7.67
TEL-13296,MV Fleet_03,Container,12.58,9.0,14269,Moored,2026-06-28 00:26:43.203853,17.07
TEL-13297,MV Fleet_06,Container,16.27,5.0,17177,Underway,2026-06-28 00:41:43.203853,12.18
TEL-13298,MV Fleet_12,LNG Carrier,12.21,9.0,17032,Underway,2026-06-28 00:56:43.203853,16.2
TEL-13299,MV Fleet_12,Tanker,11.36,1.0,49276,Underway,2026-06-28 01:11:43.203853,2.76
TEL-13300,MV Fleet_08,Bulk Carrier,17.59,9.0,12316,Underway,2026-06-28 01:26:43.203853,20.51
TEL-13301,MV Fleet_01,LNG Carrier,9.42,5.0,7843,Underway,2026-06-28 01:41:43.203853,8.74
TEL-13302,MV Fleet_04,Tanker,8.93,8.0,33015,Underway,2026-06-28 01:56:43.203853,11.44
TEL-13303,MV Fleet_11,Container,13.96,5.0,9111,Underway,2026-06-28 02:11:43.203853,9.62
TEL-13304,MV Fleet_03,LNG Carrier,19.53,6.0,27043,Underway,2026-06-28 02:26:43.203853,12.24
TEL-13305,MV Fleet_13,Container,16.88,8.0,35101,Underway,2026-06-28 02:41:43.203853,15.9
TEL-13306,MV Fleet_17,Container,14.77,2.0,41992,Underway,2026-06-28 02:56:43.203853,5.53
TEL-13307,MV Fleet_10,LNG Carrier,17.05,3.0,32870,Underway,2026-06-28 03:11:43.203853,10.51
TEL-13308,MV Fleet_12,LNG Carrier,13.85,9.0,42747,Underway,2026-06-28 03:26:43.203853,17.85
TEL-13309,MV Fleet_15,LNG Carrier,22.98,5.0,40169,Underway,2026-06-28 03:41:43.203853,16.07
TEL-13310,MV Fleet_10,LNG Carrier,8.88,5.0,46709,Anchored,2026-06-28 03:56:43.203853,10.56
TEL-13311,MV Fleet_14,LNG Carrier,18.77,9.0,34415,Underway,2026-06-28 04:11:43.203853,17.58
TEL-13312,MV Fleet_13,Container,22.26,3.0,20685,Underway,2026-06-28 04:26:43.203853,12.79
TEL-13313,MV Fleet_05,Bulk Carrier,20.86,4.0,20963,Underway,2026-06-28 04:41:43.203853,10.84
TEL-13314,MV Fleet_06,Bulk Carrier,10.94,7.0,34698,Anchored,2026-06-28 04:56:43.203853,12.12
TEL-13315,MV Fleet_02,LNG Carrier,12.73,2.0,34150,Underway,2026-06-28 05:11:43.203853,6.53
TEL-13316,MV Fleet_17,Container,19.47,8.0,26426,Underway,2026-06-28 05:26:43.203853,17.43
TEL-13317,MV Fleet_04,Bulk Carrier,9.35,5.0,11035,Underway,2026-06-28 05:41:43.203853,11.74
TEL-13318,MV Fleet_14,Bulk Carrier,20.99,1.0,12071,Underway,2026-06-28 05:56:43.203853,8.05
TEL-13319,MV Fleet_10,Bulk Carrier,19.5,3.0,25578,Underway,2026-06-28 06:11:43.203853,11.94
TEL-13320,MV Fleet_03,Container,19.67,9.0,33044,Underway,2026-06-28 06:26:43.203853,19.44
TEL-13321,MV Fleet_03,LNG Carrier,9.6,5.0,33842,Anchored,2026-06-28 06:41:43.203853,9.57
TEL-13322,MV Fleet_15,LNG Carrier,19.48,8.0,21531,Underway,2026-06-28 06:56:43.203853,17.68
TEL-13323,MV Fleet_06,LNG Carrier,18.88,1.0,7170,Moored,2026-06-28 07:11:43.203853,7.67
TEL-13324,MV Fleet_17,Tanker,21.29,7.0,29687,Underway,2026-06-28 07:26:43.203853,20.33
TEL-13325,MV Fleet_12,Tanker,8.67,7.0,42886,Anchored,2026-06-28 07:41:43.203853,14.39
TEL-13326,MV Fleet_20,Tanker,8.37,8.0,12297,Underway,2026-06-28 07:56:43.203853,12.75
TEL-13327,MV Fleet_11,Container,13.97,3.0,9163,Underway,2026-06-28 08:11:43.203853,7.7
TEL-13328,MV Fleet_04,Bulk Carrier,10.38,1.0,45794,Underway,2026-06-28 08:26:43.203853,3.71
TEL-13329,MV Fleet_06,Bulk Carrier,16.93,9.0,46787,Anchored,2026-06-28 08:41:43.203853,19.37
TEL-13330,MV Fleet_01,Container,22.68,1.0,47712,Underway,2026-06-28 08:56:43.203853,12.35
TEL-13331,MV Fleet_20,Container,14.26,6.0,40707,Underway,2026-06-28 09:11:43.203853,14.59
TEL-13332,MV Fleet_16,LNG Carrier,21.52,9.0,43495,Underway,2026-06-28 09:26:43.203853,20.48
TEL-13333,MV Fleet_15,LNG Carrier,8.0,2.0,49688,Moored,2026-06-28 09:41:43.203853,4.98
TEL-13334,MV Fleet_17,Tanker,10.7,4.0,29448,Underway,2026-06-28 09:56:43.203853,8.59
TEL-13335,MV Fleet_08,Tanker,8.49,2.0,8616,Underway,2026-06-28 10:11:43.203853,3.61
TEL-13336,MV Fleet_12,Container,13.25,4.0,43173,Moored,2026-06-28 10:26:43.203853,10.75
TEL-13337,MV Fleet_10,Tanker,22.53,2.0,36748,Moored,2026-06-28 10:41:43.203853,7.2
TEL-13338,MV Fleet_15,Bulk Carrier,9.55,1.0,33299,Underway,2026-06-28 10:56:43.203853,4.86
TEL-13339,MV Fleet_09,Container,17.7,3.0,48237,Anchored,2026-06-28 11:11:43.203853,10.41
TEL-13340,MV Fleet_02,Container,15.22,8.0,46119,Underway,2026-06-28 11:26:43.203853,13.38
TEL-13341,MV Fleet_05,Bulk Carrier,23.02,5.0,16557,Underway,2026-06-28 11:41:43.203853,14.21
TEL-13342,MV Fleet_06,LNG Carrier,9.96,4.0,43648,Anchored,2026-06-28 11:56:43.203853,4.89
TEL-13343,MV Fleet_07,LNG Carrier,11.39,5.0,19096,Anchored,2026-06-28 12:11:43.203853,12.55
TEL-13344,MV Fleet_01,Bulk Carrier,8.47,6.0,38781,Underway,2026-06-28 12:26:43.203853,9.02
TEL-13345,MV Fleet_07,Bulk Carrier,14.94,6.0,13743,Underway,2026-06-28 12:41:43.203853,14.33
TEL-13346,MV Fleet_20,Tanker,12.45,5.0,12391,Underway,2026-06-28 12:56:43.203853,11.83
TEL-13347,MV Fleet_12,Container,21.92,6.0,14355,Anchored,2026-06-28 13:11:43.203853,16.43
TEL-13348,MV Fleet_16,Tanker,17.68,9.0,10247,Moored,2026-06-28 13:26:43.203853,17.78
TEL-13349,MV Fleet_16,Bulk Carrier,17.83,5.0,45286,Underway,2026-06-28 13:41:43.203853,13.63
TEL-13350,MV Fleet_11,Tanker,16.51,6.0,11290,Anchored,2026-06-28 13:56:43.203853,14.02
TEL-13351,MV Fleet_04,Bulk Carrier,9.47,,39076,Underway,2026-06-28 14:11:43.203853,9.23
TEL-13352,MV Fleet_13,Tanker,15.12,3.0,47452,Underway,2026-06-28 14:26:43.203853,6.79
TEL-13353,MV Fleet_07,Tanker,23.99,6.0,30817,Underway,2026-06-28 14:41:43.203853,19.41
TEL-13354,MV Fleet_04,LNG Carrier,21.36,5.0,42595,Underway,2026-06-28 14:56:43.203853,16.81
TEL-13355,MV Fleet_15,Bulk Carrier,22.3,4.0,37827,Underway,2026-06-28 15:11:43.203853,13.45
TEL-13356,MV Fleet_19,Tanker,21.17,5.0,31209,Moored,2026-06-28 15:26:43.203853,13.24
TEL-13357,MV Fleet_09,Container,9.65,7.0,44754,Underway,2026-06-28 15:41:43.203853,11.66
TEL-13358,MV Fleet_11,Tanker,11.64,1.0,37118,Underway,2026-06-28 15:56:43.203853,3.14
TEL-13359,MV Fleet_08,Tanker,8.05,1.0,48411,Anchored,2026-06-28 16:11:43.203853,2.62
TEL-13360,MV Fleet_01,Container,12.86,1.0,20216,Underway,2026-06-28 16:26:43.203853,3.47
TEL-13361,MV Fleet_08,Bulk Carrier,9.74,2.0,12860,Underway,2026-06-28 16:41:43.203853,5.6
TEL-13362,MV Fleet_13,LNG Carrier,15.56,9.0,18425,Underway,2026-06-28 16:56:43.203853,18.71
TEL-13363,MV Fleet_04,LNG Carrier,18.83,5.0,18806,Anchored,2026-06-28 17:11:43.203853,12.84
TEL-13364,MV Fleet_08,LNG Carrier,21.99,9.0,29911,Underway,2026-06-28 17:26:43.203853,18.22
TEL-13365,MV Fleet_03,Container,19.99,5.0,30406,Underway,2026-06-28 17:41:43.203853,14.67
TEL-13366,MV Fleet_09,Tanker,23.02,7.0,39360,Underway,2026-06-28 17:56:43.203853,16.56
TEL-13367,MV Fleet_02,Bulk Carrier,8.86,6.0,19464,Moored,2026-06-28 18:11:43.203853,11.01
TEL-13368,MV Fleet_02,Tanker,8.19,2.0,35587,Underway,2026-06-28 18:26:43.203853,4.54
TEL-13369,MV Fleet_13,LNG Carrier,18.58,3.0,43865,Underway,2026-06-28 18:41:43.203853,9.75
TEL-13370,MV Fleet_15,Tanker,12.63,5.0,11458,Underway,2026-06-28 18:56:43.203853,11.45
TEL-13371,MV Fleet_12,Container,12.06,4.0,14151,Underway,2026-06-28 19:11:43.203853,9.3
TEL-13372,MV Fleet_04,Container,13.29,6.0,41934,Underway,2026-06-28 19:26:43.203853,12.83
TEL-13373,MV Fleet_08,Bulk Carrier,12.32,8.0,11488,Moored,2026-06-28 19:41:43.203853,16.09
TEL-13374,MV Fleet_09,Bulk Carrier,16.18,8.0,29541,Underway,2026-06-28 19:56:43.203853,15.92
TEL-13375,MV Fleet_05,LNG Carrier,15.04,3.0,26803,Anchored,2026-06-28 20:11:43.203853,7.87
TEL-13376,MV Fleet_20,Bulk Carrier,16.2,4.0,48183,Anchored,2026-06-28 20:26:43.203853,12.17
TEL-13377,MV Fleet_18,Tanker,18.76,1.0,49776,Underway,2026-06-28 20:41:43.203853,8.3
TEL-13378,MV Fleet_11,Container,14.19,2.0,29718,Underway,2026-06-28 20:56:43.203853,5.93
TEL-13379,MV Fleet_15,Container,12.02,9.0,16170,Moored,2026-06-28 21:11:43.203853,13.24
TEL-13380,MV Fleet_09,Container,10.66,2.0,22430,Anchored,2026-06-28 21:26:43.203853,5.82
TEL-13381,MV Fleet_17,Bulk Carrier,13.59,6.0,14260,Underway,2026-06-28 21:41:43.203853,13.11
TEL-13382,MV Fleet_12,Container,19.87,7.0,12636,Underway,2026-06-28 21:56:43.203853,15.12
TEL-13383,MV Fleet_07,Container,20.11,6.0,41955,Underway,2026-06-28 22:11:43.203853,14.3
TEL-13384,MV Fleet_10,Container,18.67,8.0,41108,Underway,2026-06-28 22:26:43.203853,17.18
TEL-13385,MV Fleet_10,LNG Carrier,11.74,9.0,43945,Underway,2026-06-28 22:41:43.203853,16.81
TEL-13386,MV Fleet_13,LNG Carrier,17.41,8.0,20941,Moored,2026-06-28 22:56:43.203853,20.87
TEL-13387,MV Fleet_19,Bulk Carrier,17.13,5.0,8435,Underway,2026-06-28 23:11:43.203853,14.18
TEL-13388,MV Fleet_11,Container,15.75,8.0,33355,Anchored,2026-06-28 23:26:43.203853,14.08
TEL-13389,MV Fleet_13,Bulk Carrier,16.8,9.0,12300,Underway,2026-06-28 23:41:43.203853,17.69
TEL-13390,MV Fleet_08,Container,15.87,8.0,27183,Underway,2026-06-28 23:56:43.203853,16.25
TEL-13391,MV Fleet_08,Container,17.05,2.0,38733,Underway,2026-06-29 00:11:43.203853,8.72
TEL-13392,MV Fleet_04,Container,19.45,2.0,12444,Underway,2026-06-29 00:26:43.203853,7.99
TEL-13393,MV Fleet_15,Bulk Carrier,9.75,3.0,30755,Underway,2026-06-29 00:41:43.203853,7.3
TEL-13394,MV Fleet_11,Bulk Carrier,19.99,7.0,48394,Underway,2026-06-29 00:56:43.203853,16.24
TEL-13395,MV Fleet_11,Container,10.17,9.0,28062,Underway,2026-06-29 01:11:43.203853,16.44
TEL-13396,MV Fleet_01,Tanker,9.07,8.0,19610,Underway,2026-06-29 01:26:43.203853,13.81
TEL-13397,MV Fleet_17,Bulk Carrier,23.62,9.0,5500,Moored,2026-06-29 01:41:43.203853,25.21
TEL-13398,MV Fleet_15,LNG Carrier,23.31,6.0,9554,Anchored,2026-06-29 01:56:43.203853,18.92
TEL-13399,MV Fleet_20,Bulk Carrier,8.97,1.0,30545,Underway,2026-06-29 02:11:43.203853,5.14
TEL-13400,MV Fleet_06,Container,15.09,4.0,11771,Anchored,2026-06-29 02:26:43.203853,8.45
TEL-13401,MV Fleet_15,Tanker,10.98,6.0,22499,Underway,2026-06-29 02:41:43.203853,10.55
TEL-13402,MV Fleet_09,Container,15.77,6.0,8932,Underway,2026-06-29 02:56:43.203853,13.84
TEL-13403,MV Fleet_14,LNG Carrier,21.28,8.0,31055,Underway,2026-06-29 03:11:43.203853,17.39
TEL-13404,MV Fleet_18,Bulk Carrier,23.21,1.0,42202,Underway,2026-06-29 03:26:43.203853,11.46
TEL-13405,MV Fleet_17,Bulk Carrier,18.15,2.0,32700,Underway,2026-06-29 03:41:43.203853,8.72
TEL-13406,MV Fleet_18,Container,13.66,2.0,8567,Underway,2026-06-29 03:56:43.203853,8.06
TEL-13407,MV Fleet_05,Container,17.65,6.0,6658,Underway,2026-06-29 04:11:43.203853,14.99
TEL-13408,MV Fleet_20,LNG Carrier,12.99,7.0,47836,Underway,2026-06-29 04:26:43.203853,13.69
TEL-13409,MV Fleet_20,Tanker,22.56,2.0,45712,Moored,2026-06-29 04:41:43.203853,10.81
TEL-13410,MV Fleet_09,LNG Carrier,21.93,5.0,31627,Moored,2026-06-29 04:56:43.203853,13.96
TEL-13411,MV Fleet_11,Tanker,16.93,6.0,43568,Underway,2026-06-29 05:11:43.203853,12.66
TEL-13412,MV Fleet_01,Bulk Carrier,13.2,4.0,25760,Underway,2026-06-29 05:26:43.203853,10.55
TEL-13413,MV Fleet_18,Tanker,12.69,1.0,34985,Underway,2026-06-29 05:41:43.203853,5.51
TEL-13414,MV Fleet_06,Tanker,8.53,3.0,19408,Anchored,2026-06-29 05:56:43.203853,7.88
TEL-13415,MV Fleet_02,Bulk Carrier,21.05,9.0,34832,Underway,2026-06-29 06:11:43.203853,19.79
TEL-13416,MV Fleet_15,Bulk Carrier,15.21,6.0,45785,Underway,2026-06-29 06:26:43.203853,14.77
TEL-13417,MV Fleet_14,Bulk Carrier,13.2,2.0,40583,Underway,2026-06-29 06:41:43.203853,5.95
TEL-13418,MV Fleet_05,LNG Carrier,15.54,9.0,38738,Underway,2026-06-29 06:56:43.203853,18.61
TEL-13419,MV Fleet_06,Bulk Carrier,21.1,4.0,29204,Underway,2026-06-29 07:11:43.203853,15.07
TEL-13420,MV Fleet_06,Container,9.99,8.0,18285,Underway,2026-06-29 07:26:43.203853,17.11
TEL-13421,MV Fleet_18,Bulk Carrier,21.72,7.0,37975,Anchored,2026-06-29 07:41:43.203853,19.6
TEL-13422,MV Fleet_14,Bulk Carrier,22.36,3.0,21643,Underway,2026-06-29 07:56:43.203853,12.68
TEL-13423,MV Fleet_10,Bulk Carrier,23.15,8.0,10025,Underway,2026-06-29 08:11:43.203853,21.19
TEL-13424,MV Fleet_14,Tanker,14.36,4.0,42126,Underway,2026-06-29 08:26:43.203853,11.58
TEL-13425,MV Fleet_13,LNG Carrier,11.47,2.0,21888,Underway,2026-06-29 08:41:43.203853,6.6
TEL-13426,MV Fleet_03,Bulk Carrier,13.98,5.0,39527,Underway,2026-06-29 08:56:43.203853,10.44
TEL-13427,MV Fleet_06,LNG Carrier,13.33,1.0,28898,Underway,2026-06-29 09:11:43.203853,5.69
TEL-13428,MV Fleet_08,Container,10.82,8.0,19387,Anchored,2026-06-29 09:26:43.203853,16.25
TEL-13429,MV Fleet_12,Container,17.72,8.0,8794,Underway,2026-06-29 09:41:43.203853,20.02
TEL-13430,MV Fleet_13,Bulk Carrier,15.63,3.0,8590,Anchored,2026-06-29 09:56:43.203853,8.88
TEL-13431,MV Fleet_11,Container,21.85,1.0,19698,Anchored,2026-06-29 10:11:43.203853,7.4
TEL-13432,MV Fleet_12,LNG Carrier,8.51,4.0,17332,Anchored,2026-06-29 10:26:43.203853,4.85
TEL-13433,MV Fleet_01,Tanker,18.3,9.0,44738,Underway,2026-06-29 10:41:43.203853,20.29
TEL-13434,MV Fleet_17,Bulk Carrier,20.21,9.0,14593,Underway,2026-06-29 10:56:43.203853,17.83
TEL-13435,MV Fleet_16,Container,20.15,1.0,35107,Underway,2026-06-29 11:11:43.203853,8.58
TEL-13436,MV Fleet_11,LNG Carrier,22.18,7.0,36490,Underway,2026-06-29 11:26:43.203853,19.88
TEL-13437,MV Fleet_13,LNG Carrier,19.66,6.0,41097,Underway,2026-06-29 11:41:43.203853,15.08
TEL-13438,MV Fleet_18,Container,22.84,7.0,16036,Anchored,2026-06-29 11:56:43.203853,16.42
TEL-13439,MV Fleet_11,LNG Carrier,13.32,7.0,33561,Moored,2026-06-29 12:11:43.203853,11.87
TEL-13440,MV Fleet_12,LNG Carrier,16.05,8.0,19372,Anchored,2026-06-29 12:26:43.203853,15.1
TEL-13441,MV Fleet_06,Bulk Carrier,8.23,8.0,39860,Underway,2026-06-29 12:41:43.203853,13.25
TEL-13442,MV Fleet_09,LNG Carrier,8.11,2.0,24351,Underway,2026-06-29 12:56:43.203853,6.21
TEL-13443,MV Fleet_16,Container,11.84,4.0,35327,Underway,2026-06-29 13:11:43.203853,8.69
TEL-13444,MV Fleet_04,Bulk Carrier,9.61,4.0,23059,Underway,2026-06-29 13:26:43.203853,11.1
TEL-13445,MV Fleet_03,Container,12.16,8.0,32188,Anchored,2026-06-29 13:41:43.203853,16.36
TEL-13446,MV Fleet_16,Tanker,10.83,3.0,38055,Underway,2026-06-29 13:56:43.203853,7.24
TEL-13447,MV Fleet_12,Container,8.46,3.0,7316,Underway,2026-06-29 14:11:43.203853,5.9
TEL-13448,MV Fleet_11,Container,22.55,2.0,21259,Anchored,2026-06-29 14:26:43.203853,10.24
TEL-13449,MV Fleet_05,Bulk Carrier,8.13,1.0,40606,Underway,2026-06-29 14:41:43.203853,3.13
TEL-13450,MV Fleet_18,LNG Carrier,19.78,8.0,16829,Moored,2026-06-29 14:56:43.203853,19.21
TEL-13451,MV Fleet_19,Container,10.43,9.0,13137,Underway,2026-06-29 15:11:43.203853,16.14
TEL-13452,MV Fleet_06,Bulk Carrier,22.6,9.0,29502,Anchored,2026-06-29 15:26:43.203853,20.77
TEL-13453,MV Fleet_18,Tanker,22.28,8.0,32204,Underway,2026-06-29 15:41:43.203853,18.28
TEL-13454,MV Fleet_06,Bulk Carrier,18.46,5.0,6265,Underway,2026-06-29 15:56:43.203853,15.98
TEL-13455,MV Fleet_04,Bulk Carrier,18.76,1.0,40751,Underway,2026-06-29 16:11:43.203853,8.29
TEL-13456,MV Fleet_12,LNG Carrier,8.09,9.0,27285,Underway,2026-06-29 16:26:43.203853,15.43
TEL-13457,MV Fleet_19,Container,23.76,6.0,29315,Anchored,2026-06-29 16:41:43.203853,18.49
TEL-13458,MV Fleet_02,Tanker,22.05,7.0,45911,Underway,2026-06-29 16:56:43.203853,19.84
TEL-13459,MV Fleet_17,Bulk Carrier,22.32,8.0,45798,Moored,2026-06-29 17:11:43.203853,19.15
TEL-13460,MV Fleet_11,Container,18.55,5.0,48420,Anchored,2026-06-29 17:26:43.203853,13.04
TEL-13461,MV Fleet_11,Container,13.52,6.0,38379,Underway,2026-06-29 17:41:43.203853,11.22
TEL-13462,MV Fleet_16,Bulk Carrier,22.3,7.0,41291,Underway,2026-06-29 17:56:43.203853,18.33
TEL-13463,MV Fleet_02,Container,12.66,7.0,32152,Underway,2026-06-29 18:11:43.203853,12.48
TEL-13464,MV Fleet_02,Bulk Carrier,17.0,2.0,10424,Underway,2026-06-29 18:26:43.203853,6.43
TEL-13465,MV Fleet_08,Bulk Carrier,9.6,1.0,14939,Underway,2026-06-29 18:41:43.203853,0.94
TEL-13466,MV Fleet_13,Bulk Carrier,22.75,8.0,35253,Underway,2026-06-29 18:56:43.203853,22.6
TEL-13467,MV Fleet_10,Tanker,10.25,5.0,39396,Underway,2026-06-29 19:11:43.203853,9.09
TEL-13468,MV Fleet_08,Bulk Carrier,11.6,2.0,18176,Underway,2026-06-29 19:26:43.203853,6.31
TEL-13469,MV Fleet_04,LNG Carrier,16.93,3.0,12907,Underway,2026-06-29 19:41:43.203853,9.55
TEL-13470,MV Fleet_15,Container,20.23,6.0,8372,Moored,2026-06-29 19:56:43.203853,16.39
TEL-13471,MV Fleet_01,Tanker,17.91,6.0,32572,Underway,2026-06-29 20:11:43.203853,11.39
TEL-13472,MV Fleet_11,Container,11.71,8.0,29592,Anchored,2026-06-29 20:26:43.203853,13.92
TEL-13473,MV Fleet_07,Tanker,8.02,5.0,18102,Underway,2026-06-29 20:41:43.203853,10.62
TEL-13474,MV Fleet_17,LNG Carrier,20.11,5.0,47557,Underway,2026-06-29 20:56:43.203853,16.99
TEL-13475,MV Fleet_20,Tanker,23.76,7.0,30642,Anchored,2026-06-29 21:11:43.203853,18.68
TEL-13476,MV Fleet_18,Tanker,20.96,5.0,8139,Underway,2026-06-29 21:26:43.203853,14.18
TEL-13477,MV Fleet_12,Tanker,15.36,9.0,16643,Underway,2026-06-29 21:41:43.203853,19.26
TEL-13478,MV Fleet_09,Container,22.46,6.0,23643,Underway,2026-06-29 21:56:43.203853,17.59
TEL-13479,MV Fleet_05,Bulk Carrier,14.56,7.0,40018,Underway,2026-06-29 22:11:43.203853,14.34
TEL-13480,MV Fleet_10,Container,16.4,8.0,43889,Underway,2026-06-29 22:26:43.203853,16.55
TEL-13481,MV Fleet_04,Bulk Carrier,15.63,5.0,33780,Underway,2026-06-29 22:41:43.203853,10.93
TEL-13482,MV Fleet_05,Container,15.16,4.0,45949,Underway,2026-06-29 22:56:43.203853,9.16
TEL-13483,MV Fleet_10,LNG Carrier,20.4,8.0,21667,Anchored,2026-06-29 23:11:43.203853,18.93
TEL-13484,MV Fleet_11,LNG Carrier,16.43,9.0,35632,Anchored,2026-06-29 23:26:43.203853,18.64
TEL-13485,MV Fleet_10,Tanker,13.07,1.0,43493,Underway,2026-06-29 23:41:43.203853,5.21
TEL-13486,MV Fleet_08,LNG Carrier,12.13,3.0,34408,Underway,2026-06-29 23:56:43.203853,6.26
TEL-13487,MV Fleet_02,Tanker,8.6,4.0,29302,Underway,2026-06-30 00:11:43.203853,9.55
TEL-13488,MV Fleet_08,Bulk Carrier,17.33,7.0,26621,Anchored,2026-06-30 00:26:43.203853,13.17
TEL-13489,MV Fleet_16,LNG Carrier,11.68,6.0,18219,Underway,2026-06-30 00:41:43.203853,12.4
TEL-13490,MV Fleet_05,Bulk Carrier,10.37,1.0,46562,Underway,2026-06-30 00:56:43.203853,2.82
TEL-13491,MV Fleet_03,Container,18.46,4.0,30939,Underway,2026-06-30 01:11:43.203853,10.39
TEL-13492,MV Fleet_12,Bulk Carrier,18.9,6.0,49312,Underway,2026-06-30 01:26:43.203853,14.43
TEL-13493,MV Fleet_13,Container,20.03,3.0,41843,Underway,2026-06-30 01:41:43.203853,8.64
TEL-13494,MV Fleet_13,Bulk Carrier,16.06,2.0,17778,Underway,2026-06-30 01:56:43.203853,8.02
TEL-13495,MV Fleet_10,Bulk Carrier,22.3,2.0,43930,Underway,2026-06-30 02:11:43.203853,13.26
TEL-13496,MV Fleet_04,LNG Carrier,22.98,4.0,34870,Underway,2026-06-30 02:26:43.203853,13.28
TEL-13497,MV Fleet_09,Bulk Carrier,20.92,1.0,45404,Underway,2026-06-30 02:41:43.203853,12.06
TEL-13498,MV Fleet_02,LNG Carrier,18.17,2.0,27121,Underway,2026-06-30 02:56:43.203853,7.24
TEL-13499,MV Fleet_19,LNG Carrier,12.86,2.0,45770,Anchored,2026-06-30 03:11:43.203853,5.44
TEL-13500,MV Fleet_01,Tanker,23.73,4.0,35158,Underway,2026-06-30 03:26:43.203853,16.75
TEL-13501,MV Fleet_07,Tanker,12.39,4.0,28456,Underway,2026-06-30 03:41:43.203853,7.09
TEL-13502,MV Fleet_17,Container,11.24,1.0,17992,Underway,2026-06-30 03:56:43.203853,3.61
TEL-13503,MV Fleet_03,Bulk Carrier,15.07,7.0,49894,Underway,2026-06-30 04:11:43.203853,17.1
TEL-13504,MV Fleet_20,Container,8.91,7.0,30390,Underway,2026-06-30 04:26:43.203853,10.38
TEL-13505,MV Fleet_20,Bulk Carrier,23.66,1.0,21756,Underway,2026-06-30 04:41:43.203853,11.05
TEL-13506,MV Fleet_03,Tanker,17.41,8.0,26971,Underway,2026-06-30 04:56:43.203853,17.91
TEL-13507,MV Fleet_03,Tanker,16.91,7.0,12071,Underway,2026-06-30 05:11:43.203853,12.51
TEL-13508,MV Fleet_17,Bulk Carrier,18.49,7.0,32574,Underway,2026-06-30 05:26:43.203853,15.28
TEL-13509,MV Fleet_07,Bulk Carrier,15.95,6.0,24275,Underway,2026-06-30 05:41:43.203853,17.01
TEL-13510,MV Fleet_14,Tanker,8.51,4.0,49751,Moored,2026-06-30 05:56:43.203853,7.86
TEL-13511,MV Fleet_17,Tanker,17.8,8.0,11586,Underway,2026-06-30 06:11:43.203853,17.92
TEL-13512,MV Fleet_18,Container,19.46,2.0,24703,Underway,2026-06-30 06:26:43.203853,9.57
TEL-13513,MV Fleet_13,Tanker,14.67,7.0,31765,Underway,2026-06-30 06:41:43.203853,17.41
TEL-13514,MV Fleet_20,Bulk Carrier,20.12,3.0,15641,Underway,2026-06-30 06:56:43.203853,9.62
TEL-13515,MV Fleet_20,Container,11.63,3.0,41735,Underway,2026-06-30 07:11:43.203853,6.07
TEL-13516,MV Fleet_18,Bulk Carrier,11.54,7.0,5822,Moored,2026-06-30 07:26:43.203853,12.89
TEL-13517,MV Fleet_04,LNG Carrier,10.58,3.0,37989,Underway,2026-06-30 07:41:43.203853,7.54
TEL-13518,MV Fleet_01,Container,13.95,5.0,44648,Underway,2026-06-30 07:56:43.203853,11.26
TEL-13519,MV Fleet_18,Bulk Carrier,21.55,8.0,17129,Underway,2026-06-30 08:11:43.203853,19.67
TEL-13520,MV Fleet_01,Tanker,21.25,4.0,20543,Underway,2026-06-30 08:26:43.203853,12.39
TEL-13521,MV Fleet_13,LNG Carrier,14.13,7.0,30963,Moored,2026-06-30 08:41:43.203853,15.02
TEL-13522,MV Fleet_20,Bulk Carrier,17.43,7.0,41656,Underway,2026-06-30 08:56:43.203853,12.82
TEL-13523,MV Fleet_20,Container,19.53,2.0,34665,Underway,2026-06-30 09:11:43.203853,8.43
TEL-13524,MV Fleet_10,Bulk Carrier,11.86,8.0,18499,Underway,2026-06-30 09:26:43.203853,13.45
TEL-13525,MV Fleet_11,LNG Carrier,10.69,9.0,15352,Underway,2026-06-30 09:41:43.203853,14.09
TEL-13526,MV Fleet_09,Container,23.55,6.0,24654,Underway,2026-06-30 09:56:43.203853,14.93
TEL-13527,MV Fleet_09,LNG Carrier,17.88,5.0,15117,Underway,2026-06-30 10:11:43.203853,13.23
TEL-13528,MV Fleet_05,Bulk Carrier,23.7,1.0,26077,Underway,2026-06-30 10:26:43.203853,10.84
TEL-13529,MV Fleet_01,Tanker,13.4,1.0,8993,Underway,2026-06-30 10:41:43.203853,5.45
TEL-13530,MV Fleet_17,Tanker,19.25,9.0,23982,Underway,2026-06-30 10:56:43.203853,21.02
TEL-13531,MV Fleet_02,Bulk Carrier,11.56,4.0,39434,Underway,2026-06-30 11:11:43.203853,10.24
TEL-13532,MV Fleet_13,Bulk Carrier,12.18,1.0,21312,Underway,2026-06-30 11:26:43.203853,1.24
TEL-13533,MV Fleet_09,Bulk Carrier,16.19,3.0,49041,Underway,2026-06-30 11:41:43.203853,9.99
TEL-13534,MV Fleet_04,Container,13.11,6.0,19338,Underway,2026-06-30 11:56:43.203853,12.45
TEL-13535,MV Fleet_05,LNG Carrier,10.68,8.0,35173,Anchored,2026-06-30 12:11:43.203853,14.5
TEL-13536,MV Fleet_11,LNG Carrier,12.21,2.0,42525,Underway,2026-06-30 12:26:43.203853,5.63
TEL-13537,MV Fleet_19,LNG Carrier,8.57,8.0,31690,Underway,2026-06-30 12:41:43.203853,12.72
TEL-13538,MV Fleet_03,Bulk Carrier,19.27,1.0,32328,Moored,2026-06-30 12:56:43.203853,8.41
TEL-13539,MV Fleet_12,LNG Carrier,15.87,2.0,16360,Underway,2026-06-30 13:11:43.203853,5.93
TEL-13540,MV Fleet_19,Bulk Carrier,9.51,8.0,43883,Anchored,2026-06-30 13:26:43.203853,15.49
TEL-13541,MV Fleet_19,Container,10.75,7.0,43205,Underway,2026-06-30 13:41:43.203853,12.02
TEL-13542,MV Fleet_13,Tanker,9.64,5.0,27625,Moored,2026-06-30 13:56:43.203853,6.32
TEL-13543,MV Fleet_07,Bulk Carrier,17.8,,47040,Underway,2026-06-30 14:11:43.203853,8.51
TEL-13544,MV Fleet_15,Bulk Carrier,9.51,9.0,49894,Underway,2026-06-30 14:26:43.203853,13.57
TEL-13545,MV Fleet_07,Tanker,20.07,5.0,36850,Underway,2026-06-30 14:41:43.203853,12.25
TEL-13546,MV Fleet_08,Tanker,8.33,8.0,21471,Moored,2026-06-30 14:56:43.203853,14.5
TEL-13547,MV Fleet_05,Container,11.99,4.0,44883,Underway,2026-06-30 15:11:43.203853,10.13
TEL-13548,MV Fleet_14,LNG Carrier,22.25,9.0,32276,Underway,2026-06-30 15:26:43.203853,21.14
TEL-13549,MV Fleet_04,Bulk Carrier,19.5,7.0,7703,Underway,2026-06-30 15:41:43.203853,13.72
TEL-13550,MV Fleet_10,LNG Carrier,9.17,2.0,16151,Moored,2026-06-30 15:56:43.203853,5.53
TEL-13551,MV Fleet_20,Bulk Carrier,21.14,3.0,31998,Underway,2026-06-30 16:11:43.203853,11.18
TEL-13552,MV Fleet_15,Container,15.89,2.0,9147,Underway,2026-06-30 16:26:43.203853,9.47
TEL-13553,MV Fleet_18,Tanker,21.55,5.0,39515,Underway,2026-06-30 16:41:43.203853,17.85
TEL-13554,MV Fleet_20,Container,17.61,2.0,13232,Underway,2026-06-30 16:56:43.203853,5.99
TEL-13555,MV Fleet_13,Tanker,18.91,5.0,20151,Underway,2026-06-30 17:11:43.203853,17.13
TEL-13556,MV Fleet_08,LNG Carrier,23.9,9.0,15330,Underway,2026-06-30 17:26:43.203853,19.98
TEL-13557,MV Fleet_09,LNG Carrier,11.72,2.0,16276,Moored,2026-06-30 17:41:43.203853,4.82
TEL-13558,MV Fleet_16,Container,17.98,9.0,23535,Underway,2026-06-30 17:56:43.203853,20.47
TEL-13559,MV Fleet_19,Tanker,15.37,7.0,41705,Moored,2026-06-30 18:11:43.203853,13.58
TEL-13560,MV Fleet_16,Container,8.63,7.0,44654,Underway,2026-06-30 18:26:43.203853,10.84
TEL-13561,MV Fleet_07,Tanker,8.23,5.0,48050,Underway,2026-06-30 18:41:43.203853,6.38
TEL-13562,MV Fleet_14,Tanker,9.91,8.0,37976,Underway,2026-06-30 18:56:43.203853,11.97
TEL-13563,MV Fleet_14,LNG Carrier,18.39,7.0,5599,Underway,2026-06-30 19:11:43.203853,14.93
TEL-13564,MV Fleet_04,LNG Carrier,17.07,6.0,8709,Underway,2026-06-30 19:26:43.203853,15.14
TEL-13565,MV Fleet_15,Tanker,16.85,2.0,29110,Underway,2026-06-30 19:41:43.203853,10.38
TEL-13566,MV Fleet_03,Tanker,8.51,6.0,10723,Moored,2026-06-30 19:56:43.203853,9.39
TEL-13567,MV Fleet_05,Tanker,15.51,2.0,47536,Underway,2026-06-30 20:11:43.203853,6.63
TEL-13568,MV Fleet_01,LNG Carrier,22.79,1.0,32394,Anchored,2026-06-30 20:26:43.203853,8.14
TEL-13569,MV Fleet_03,LNG Carrier,14.36,9.0,15316,Underway,2026-06-30 20:41:43.203853,14.92
TEL-13570,MV Fleet_15,Bulk Carrier,18.0,5.0,27622,Underway,2026-06-30 20:56:43.203853,10.66
TEL-13571,MV Fleet_08,Tanker,20.48,4.0,29844,Underway,2026-06-30 21:11:43.203853,10.87
TEL-13572,MV Fleet_04,Bulk Carrier,20.54,8.0,45740,Underway,2026-06-30 21:26:43.203853,18.74
TEL-13573,MV Fleet_02,Tanker,16.31,5.0,26162,Underway,2026-06-30 21:41:43.203853,11.16
TEL-13574,MV Fleet_10,LNG Carrier,21.73,7.0,33833,Anchored,2026-06-30 21:56:43.203853,17.43
TEL-13575,MV Fleet_04,Bulk Carrier,14.26,3.0,22206,Moored,2026-06-30 22:11:43.203853,8.76
TEL-13576,MV Fleet_03,Bulk Carrier,22.22,8.0,29501,Underway,2026-06-30 22:26:43.203853,19.65
TEL-13577,MV Fleet_02,Container,11.84,8.0,15291,Moored,2026-06-30 22:41:43.203853,12.92
TEL-13578,MV Fleet_17,Tanker,12.48,3.0,49562,Underway,2026-06-30 22:56:43.203853,8.86
TEL-13579,MV Fleet_20,LNG Carrier,8.85,9.0,16659,Underway,2026-06-30 23:11:43.203853,12.1
TEL-13580,MV Fleet_13,Container,20.73,8.0,30226,Underway,2026-06-30 23:26:43.203853,17.76
TEL-13581,MV Fleet_05,Container,14.67,1.0,45751,Underway,2026-06-30 23:41:43.203853,7.93
TEL-13582,MV Fleet_09,Tanker,11.67,8.0,11500,Underway,2026-06-30 23:56:43.203853,15.12
TEL-13583,MV Fleet_06,Container,11.71,4.0,6634,Underway,2026-07-01 00:11:43.203853,5.92
TEL-13584,MV Fleet_05,Tanker,22.42,6.0,19059,Underway,2026-07-01 00:26:43.203853,14.53
TEL-13585,MV Fleet_10,Container,21.34,,9814,Underway,2026-07-01 00:41:43.203853,20.26
TEL-13586,MV Fleet_08,Tanker,16.86,5.0,9076,Underway,2026-07-01 00:56:43.203853,11.64
TEL-13587,MV Fleet_07,LNG Carrier,17.86,7.0,46158,Underway,2026-07-01 01:11:43.203853,16.94
TEL-13588,MV Fleet_07,Tanker,15.59,1.0,43210,Underway,2026-07-01 01:26:43.203853,7.46
TEL-13589,MV Fleet_06,Tanker,14.27,9.0,30931,Underway,2026-07-01 01:41:43.203853,16.4
TEL-13590,MV Fleet_20,Bulk Carrier,22.65,6.0,37007,Anchored,2026-07-01 01:56:43.203853,16.89
TEL-13591,MV Fleet_03,LNG Carrier,10.01,4.0,27744,Underway,2026-07-01 02:11:43.203853,6.46
TEL-13592,MV Fleet_19,LNG Carrier,14.7,6.0,35396,Underway,2026-07-01 02:26:43.203853,12.62
TEL-13593,MV Fleet_15,LNG Carrier,13.51,5.0,28083,Underway,2026-07-01 02:41:43.203853,9.31
TEL-13594,MV Fleet_04,Container,15.97,3.0,41273,Underway,2026-07-01 02:56:43.203853,8.98
TEL-13595,MV Fleet_12,Bulk Carrier,15.32,7.0,30276,Underway,2026-07-01 03:11:43.203853,13.7
TEL-13596,MV Fleet_06,LNG Carrier,16.3,3.0,5502,Underway,2026-07-01 03:26:43.203853,10.04
TEL-13597,MV Fleet_19,Container,10.24,2.0,17756,Underway,2026-07-01 03:41:43.203853,6.66
TEL-13598,MV Fleet_04,Container,16.21,4.0,19262,Underway,2026-07-01 03:56:43.203853,12.5
TEL-13599,MV Fleet_15,Container,11.88,,15605,Underway,2026-07-01 04:11:43.203853,13.24
TEL-13600,MV Fleet_09,Bulk Carrier,10.95,5.0,45707,Anchored,2026-07-01 04:26:43.203853,10.75
TEL-13601,MV Fleet_05,Container,9.04,9.0,27416,Underway,2026-07-01 04:41:43.203853,14.44
TEL-13602,MV Fleet_13,Bulk Carrier,20.2,7.0,42487,Moored,2026-07-01 04:56:43.203853,15.86
TEL-13603,MV Fleet_18,Tanker,14.84,9.0,45516,Underway,2026-07-01 05:11:43.203853,15.37
TEL-13604,MV Fleet_05,Container,18.03,9.0,32543,Moored,2026-07-01 05:26:43.203853,19.5
TEL-13605,MV Fleet_16,LNG Carrier,19.64,2.0,36280,Underway,2026-07-01 05:41:43.203853,6.24
TEL-13606,MV Fleet_19,Container,18.87,1.0,7870,Underway,2026-07-01 05:56:43.203853,8.71
TEL-13607,MV Fleet_14,Tanker,15.53,4.0,9758,Underway,2026-07-01 06:11:43.203853,9.7
TEL-13608,MV Fleet_16,Tanker,14.21,4.0,43736,Underway,2026-07-01 06:26:43.203853,9.2
TEL-13609,MV Fleet_15,Container,14.02,2.0,16659,Anchored,2026-07-01 06:41:43.203853,7.57
TEL-13610,MV Fleet_04,Tanker,18.24,3.0,45558,Underway,2026-07-01 06:56:43.203853,7.32
TEL-13611,MV Fleet_07,Bulk Carrier,15.92,3.0,14585,Underway,2026-07-01 07:11:43.203853,8.59
TEL-13612,MV Fleet_16,Bulk Carrier,21.59,5.0,32903,Underway,2026-07-01 07:26:43.203853,17.29
TEL-13613,MV Fleet_08,Container,22.0,1.0,42039,Underway,2026-07-01 07:41:43.203853,8.73
TEL-13614,MV Fleet_17,Bulk Carrier,10.73,9.0,9323,Underway,2026-07-01 07:56:43.203853,13.78
TEL-13615,MV Fleet_16,Bulk Carrier,10.18,8.0,31970,Anchored,2026-07-01 08:11:43.203853,13.55
TEL-13616,MV Fleet_10,LNG Carrier,18.09,8.0,39806,Underway,2026-07-01 08:26:43.203853,19.46
TEL-13617,MV Fleet_10,Container,12.82,3.0,10461,Moored,2026-07-01 08:41:43.203853,6.41
TEL-13618,MV Fleet_02,Tanker,8.3,2.0,45831,Moored,2026-07-01 08:56:43.203853,2.15
TEL-13619,MV Fleet_09,Container,22.22,1.0,39030,Anchored,2026-07-01 09:11:43.203853,8.59
TEL-13620,MV Fleet_17,Bulk Carrier,11.63,6.0,10731,Underway,2026-07-01 09:26:43.203853,9.48
TEL-13621,MV Fleet_11,LNG Carrier,22.87,1.0,26500,Underway,2026-07-01 09:41:43.203853,6.3
TEL-13622,MV Fleet_10,Container,19.48,5.0,14903,Underway,2026-07-01 09:56:43.203853,14.86
TEL-13623,MV Fleet_17,Container,20.2,9.0,38117,Moored,2026-07-01 10:11:43.203853,21.7
TEL-13624,MV Fleet_04,Bulk Carrier,11.22,9.0,33602,Moored,2026-07-01 10:26:43.203853,16.57
TEL-13625,MV Fleet_16,Bulk Carrier,11.75,4.0,36174,Underway,2026-07-01 10:41:43.203853,9.98
TEL-13626,MV Fleet_20,Container,16.34,7.0,38208,Underway,2026-07-01 10:56:43.203853,14.51
TEL-13627,MV Fleet_15,Bulk Carrier,10.75,7.0,24192,Anchored,2026-07-01 11:11:43.203853,14.79
TEL-13628,MV Fleet_05,Bulk Carrier,12.89,4.0,18899,Underway,2026-07-01 11:26:43.203853,8.14
TEL-13629,MV Fleet_06,Bulk Carrier,13.14,5.0,23946,Underway,2026-07-01 11:41:43.203853,10.69
TEL-13630,MV Fleet_17,Bulk Carrier,10.55,9.0,8152,Moored,2026-07-01 11:56:43.203853,14.43
TEL-13631,MV Fleet_01,Bulk Carrier,11.28,7.0,30960,Anchored,2026-07-01 12:11:43.203853,10.86
TEL-13632,MV Fleet_19,LNG Carrier,20.62,7.0,15247,Moored,2026-07-01 12:26:43.203853,16.41
TEL-13633,MV Fleet_04,Bulk Carrier,10.68,7.0,35806,Underway,2026-07-01 12:41:43.203853,16.09
TEL-13634,MV Fleet_17,Tanker,8.46,9.0,30573,Underway,2026-07-01 12:56:43.203853,17.31
TEL-13635,MV Fleet_09,Container,18.07,5.0,47382,Underway,2026-07-01 13:11:43.203853,14.14
TEL-13636,MV Fleet_02,LNG Carrier,23.62,6.0,31038,Underway,2026-07-01 13:26:43.203853,17.0
TEL-13637,MV Fleet_08,LNG Carrier,13.3,3.0,32770,Underway,2026-07-01 13:41:43.203853,7.08
TEL-13638,MV Fleet_15,Bulk Carrier,9.9,1.0,11949,Anchored,2026-07-01 13:56:43.203853,6.04
TEL-13639,MV Fleet_07,Container,17.13,2.0,7205,Moored,2026-07-01 14:11:43.203853,8.04
TEL-13640,MV Fleet_06,Tanker,22.5,8.0,22855,Underway,2026-07-01 14:26:43.203853,21.14
TEL-13641,MV Fleet_01,Bulk Carrier,20.54,1.0,24564,Underway,2026-07-01 14:41:43.203853,7.48
TEL-13642,MV Fleet_15,Container,17.96,7.0,18133,Underway,2026-07-01 14:56:43.203853,15.48
TEL-13643,MV Fleet_07,Bulk Carrier,13.04,5.0,23114,Underway,2026-07-01 15:11:43.203853,11.82
TEL-13644,MV Fleet_17,Bulk Carrier,16.67,6.0,37803,Underway,2026-07-01 15:26:43.203853,12.68
TEL-13645,MV Fleet_02,Bulk Carrier,9.46,8.0,34785,Underway,2026-07-01 15:41:43.203853,14.35
TEL-13646,MV Fleet_09,Bulk Carrier,18.86,4.0,43302,Underway,2026-07-01 15:56:43.203853,10.84
TEL-13647,MV Fleet_09,Bulk Carrier,19.6,6.0,28545,Anchored,2026-07-01 16:11:43.203853,16.06
TEL-13648,MV Fleet_13,Bulk Carrier,23.44,3.0,45777,Underway,2026-07-01 16:26:43.203853,11.94
TEL-13649,MV Fleet_06,Bulk Carrier,12.17,7.0,15952,Underway,2026-07-01 16:41:43.203853,15.93
TEL-13650,MV Fleet_06,Tanker,8.3,2.0,7535,Underway,2026-07-01 16:56:43.203853,4.36
TEL-13651,MV Fleet_20,LNG Carrier,16.73,8.0,29721,Underway,2026-07-01 17:11:43.203853,17.97
TEL-13652,MV Fleet_20,Tanker,19.31,7.0,9963,Moored,2026-07-01 17:26:43.203853,16.61
TEL-13653,MV Fleet_03,Bulk Carrier,20.65,8.0,17707,Underway,2026-07-01 17:41:43.203853,18.13
TEL-13654,MV Fleet_17,Bulk Carrier,11.1,2.0,17860,Moored,2026-07-01 17:56:43.203853,6.26
TEL-13655,MV Fleet_17,Tanker,12.19,3.0,19247,Underway,2026-07-01 18:11:43.203853,9.04
TEL-13656,MV Fleet_12,Tanker,16.2,4.0,22410,Underway,2026-07-01 18:26:43.203853,8.38
TEL-13657,MV Fleet_16,LNG Carrier,13.29,9.0,22670,Underway,2026-07-01 18:41:43.203853,16.95
TEL-13658,MV Fleet_15,Tanker,21.77,5.0,24230,Moored,2026-07-01 18:56:43.203853,14.86
TEL-13659,MV Fleet_13,LNG Carrier,15.58,6.0,46280,Underway,2026-07-01 19:11:43.203853,13.57
TEL-13660,MV Fleet_01,Bulk Carrier,20.79,1.0,29158,Underway,2026-07-01 19:26:43.203853,10.49
TEL-13661,MV Fleet_17,Container,17.29,4.0,18887,Underway,2026-07-01 19:41:43.203853,12.31
TEL-13662,MV Fleet_03,Container,20.37,4.0,40061,Underway,2026-07-01 19:56:43.203853,14.45
TEL-13663,MV Fleet_15,Container,13.32,8.0,28810,Underway,2026-07-01 20:11:43.203853,15.66
TEL-13664,MV Fleet_04,Container,21.3,8.0,49124,Moored,2026-07-01 20:26:43.203853,18.6
TEL-13665,MV Fleet_04,Bulk Carrier,12.39,6.0,47786,Moored,2026-07-01 20:41:43.203853,8.25
TEL-13666,MV Fleet_18,Container,16.74,8.0,30358,Underway,2026-07-01 20:56:43.203853,18.94
TEL-13667,MV Fleet_17,Tanker,11.42,9.0,20933,Underway,2026-07-01 21:11:43.203853,12.26
TEL-13668,MV Fleet_19,Tanker,15.61,5.0,35034,Underway,2026-07-01 21:26:43.203853,14.16
TEL-13669,MV Fleet_11,Container,13.09,1.0,6947,Underway,2026-07-01 21:41:43.203853,5.78
TEL-13670,MV Fleet_20,Tanker,12.27,1.0,24715,Underway,2026-07-01 21:56:43.203853,7.29
TEL-13671,MV Fleet_03,LNG Carrier,23.47,2.0,35956,Underway,2026-07-01 22:11:43.203853,11.95
TEL-13672,MV Fleet_08,Bulk Carrier,10.56,2.0,26644,Underway,2026-07-01 22:26:43.203853,5.95
TEL-13673,MV Fleet_14,Container,20.6,5.0,20310,Underway,2026-07-01 22:41:43.203853,14.07
TEL-13674,MV Fleet_01,Container,23.75,7.0,27450,Anchored,2026-07-01 22:56:43.203853,19.34
TEL-13675,MV Fleet_14,Bulk Carrier,8.32,7.0,21303,Underway,2026-07-01 23:11:43.203853,10.88
TEL-13676,MV Fleet_02,Tanker,19.18,4.0,29031,Underway,2026-07-01 23:26:43.203853,11.89
TEL-13677,MV Fleet_04,Bulk Carrier,12.05,4.0,34250,Anchored,2026-07-01 23:41:43.203853,7.48
TEL-13678,MV Fleet_19,Bulk Carrier,8.65,3.0,26853,Underway,2026-07-01 23:56:43.203853,6.14
TEL-13679,MV Fleet_06,Tanker,14.45,2.0,22977,Underway,2026-07-02 00:11:43.203853,6.71
TEL-13680,MV Fleet_01,Bulk Carrier,22.96,3.0,47707,Underway,2026-07-02 00:26:43.203853,12.71
TEL-13681,MV Fleet_17,Tanker,8.19,8.0,19465,Underway,2026-07-02 00:41:43.203853,13.29
TEL-13682,MV Fleet_08,Tanker,17.41,1.0,15225,Underway,2026-07-02 00:56:43.203853,5.72
TEL-13683,MV Fleet_19,Bulk Carrier,16.02,4.0,45472,Underway,2026-07-02 01:11:43.203853,11.31
TEL-13684,MV Fleet_01,LNG Carrier,21.97,7.0,21640,Underway,2026-07-02 01:26:43.203853,18.61
TEL-13685,MV Fleet_05,Tanker,9.34,5.0,36535,Underway,2026-07-02 01:41:43.203853,9.7
TEL-13686,MV Fleet_16,Bulk Carrier,18.9,2.0,44280,Anchored,2026-07-02 01:56:43.203853,7.5
TEL-13687,MV Fleet_06,Tanker,18.88,1.0,7991,Underway,2026-07-02 02:11:43.203853,8.42
TEL-13688,MV Fleet_08,LNG Carrier,18.71,6.0,22801,Anchored,2026-07-02 02:26:43.203853,13.67
TEL-13689,MV Fleet_13,LNG Carrier,23.08,5.0,29144,Anchored,2026-07-02 02:41:43.203853,15.03
TEL-13690,MV Fleet_16,Container,21.17,3.0,12965,Anchored,2026-07-02 02:56:43.203853,11.81
TEL-13691,MV Fleet_03,Tanker,8.67,9.0,18730,Underway,2026-07-02 03:11:43.203853,16.8
TEL-13692,MV Fleet_19,Tanker,15.54,3.0,34553,Underway,2026-07-02 03:26:43.203853,6.93
TEL-13693,MV Fleet_12,Bulk Carrier,14.37,2.0,13301,Underway,2026-07-02 03:41:43.203853,5.23
TEL-13694,MV Fleet_16,Tanker,12.96,5.0,23936,Underway,2026-07-02 03:56:43.203853,7.67
TEL-13695,MV Fleet_11,Container,15.22,9.0,47017,Underway,2026-07-02 04:11:43.203853,18.35
TEL-13696,MV Fleet_10,LNG Carrier,14.15,8.0,19155,Underway,2026-07-02 04:26:43.203853,15.11
TEL-13697,MV Fleet_20,LNG Carrier,14.92,6.0,26117,Underway,2026-07-02 04:41:43.203853,13.59
TEL-13698,MV Fleet_04,Container,23.67,3.0,7042,Underway,2026-07-02 04:56:43.203853,13.68
TEL-13699,MV Fleet_12,Tanker,9.42,6.0,23565,Underway,2026-07-02 05:11:43.203853,11.99
TEL-13700,MV Fleet_02,Tanker,22.76,5.0,42260,Underway,2026-07-02 05:26:43.203853,15.62
TEL-13701,MV Fleet_19,Container,15.68,1.0,41326,Underway,2026-07-02 05:41:43.203853,4.74
TEL-13702,MV Fleet_05,Bulk Carrier,17.98,5.0,47581,Anchored,2026-07-02 05:56:43.203853,13.28
TEL-13703,MV Fleet_08,LNG Carrier,21.28,7.0,8658,Underway,2026-07-02 06:11:43.203853,18.36
TEL-13704,MV Fleet_07,Container,13.77,9.0,21319,Underway,2026-07-02 06:26:43.203853,16.43
TEL-13705,MV Fleet_14,Container,14.89,1.0,24078,Underway,2026-07-02 06:41:43.203853,5.58
TEL-13706,MV Fleet_03,Tanker,14.55,3.0,41652,Underway,2026-07-02 06:56:43.203853,6.27
TEL-13707,MV Fleet_18,LNG Carrier,14.0,8.0,42548,Underway,2026-07-02 07:11:43.203853,13.64
TEL-13708,MV Fleet_16,Tanker,22.81,6.0,24668,Underway,2026-07-02 07:26:43.203853,14.65
TEL-13709,MV Fleet_19,Container,21.26,5.0,43720,Anchored,2026-07-02 07:41:43.203853,15.16
TEL-13710,MV Fleet_19,Bulk Carrier,9.74,2.0,45285,Anchored,2026-07-02 07:56:43.203853,6.03
TEL-13711,MV Fleet_18,LNG Carrier,9.73,3.0,27546,Underway,2026-07-02 08:11:43.203853,4.28
TEL-13712,MV Fleet_20,Container,14.85,2.0,42874,Underway,2026-07-02 08:26:43.203853,7.17
TEL-13713,MV Fleet_16,Container,9.58,1.0,42165,Anchored,2026-07-02 08:41:43.203853,4.03
TEL-13714,MV Fleet_08,Bulk Carrier,17.91,7.0,33898,Underway,2026-07-02 08:56:43.203853,15.3
TEL-13715,MV Fleet_01,Container,10.3,3.0,34907,Underway,2026-07-02 09:11:43.203853,9.01
TEL-13716,MV Fleet_17,Container,16.36,7.0,34372,Anchored,2026-07-02 09:26:43.203853,12.94
TEL-13717,MV Fleet_12,LNG Carrier,8.12,7.0,19822,Anchored,2026-07-02 09:41:43.203853,11.34
TEL-13718,MV Fleet_11,LNG Carrier,13.07,8.0,24776,Underway,2026-07-02 09:56:43.203853,10.79
TEL-13719,MV Fleet_05,LNG Carrier,18.84,1.0,37406,Underway,2026-07-02 10:11:43.203853,7.9
TEL-13720,MV Fleet_12,Tanker,15.74,5.0,15462,Underway,2026-07-02 10:26:43.203853,10.74
TEL-13721,MV Fleet_17,Bulk Carrier,23.65,9.0,41479,Underway,2026-07-02 10:41:43.203853,19.2
TEL-13722,MV Fleet_06,LNG Carrier,21.99,7.0,39354,Underway,2026-07-02 10:56:43.203853,19.04
TEL-13723,MV Fleet_01,Tanker,13.75,1.0,47174,Underway,2026-07-02 11:11:43.203853,4.71
TEL-13724,MV Fleet_05,Tanker,8.73,8.0,44906,Underway,2026-07-02 11:26:43.203853,13.13
TEL-13725,MV Fleet_14,Bulk Carrier,21.53,3.0,12662,Underway,2026-07-02 11:41:43.203853,13.57
TEL-13726,MV Fleet_05,Bulk Carrier,22.58,4.0,12404,Anchored,2026-07-02 11:56:43.203853,12.83
TEL-13727,MV Fleet_01,Container,21.13,4.0,47605,Underway,2026-07-02 12:11:43.203853,14.12
TEL-13728,MV Fleet_18,Tanker,10.05,8.0,14542,Underway,2026-07-02 12:26:43.203853,15.21
TEL-13729,MV Fleet_16,LNG Carrier,23.97,1.0,20904,Underway,2026-07-02 12:41:43.203853,9.52
TEL-13730,MV Fleet_09,Bulk Carrier,12.14,8.0,32774,Underway,2026-07-02 12:56:43.203853,14.8
TEL-13731,MV Fleet_19,Tanker,19.59,9.0,13556,Underway,2026-07-02 13:11:43.203853,22.31
TEL-13732,MV Fleet_05,LNG Carrier,22.53,9.0,17806,Moored,2026-07-02 13:26:43.203853,19.96
TEL-13733,MV Fleet_02,Tanker,11.77,5.0,47586,Underway,2026-07-02 13:41:43.203853,10.98
TEL-13734,MV Fleet_15,Bulk Carrier,22.53,4.0,19864,Underway,2026-07-02 13:56:43.203853,14.07
TEL-13735,MV Fleet_07,Container,12.95,4.0,35016,Underway,2026-07-02 14:11:43.203853,11.02
TEL-13736,MV Fleet_04,Tanker,23.62,9.0,38749,Underway,2026-07-02 14:26:43.203853,22.09
TEL-13737,MV Fleet_01,LNG Carrier,12.5,8.0,47996,Underway,2026-07-02 14:41:43.203853,15.96
TEL-13738,MV Fleet_13,Bulk Carrier,23.25,7.0,41320,Underway,2026-07-02 14:56:43.203853,16.51
TEL-13739,MV Fleet_20,Container,8.86,3.0,22305,Underway,2026-07-02 15:11:43.203853,2.92
TEL-13740,MV Fleet_07,LNG Carrier,19.35,4.0,16938,Underway,2026-07-02 15:26:43.203853,10.58
TEL-13741,MV Fleet_15,LNG Carrier,16.51,9.0,21318,Underway,2026-07-02 15:41:43.203853,17.54
TEL-13742,MV Fleet_14,LNG Carrier,15.65,8.0,25379,Underway,2026-07-02 15:56:43.203853,15.76
TEL-13743,MV Fleet_19,Tanker,11.58,1.0,42820,Underway,2026-07-02 16:11:43.203853,5.71
TEL-13744,MV Fleet_20,Bulk Carrier,19.29,3.0,10406,Anchored,2026-07-02 16:26:43.203853,10.04
TEL-13745,MV Fleet_18,LNG Carrier,11.05,2.0,25661,Underway,2026-07-02 16:41:43.203853,5.41
TEL-13746,MV Fleet_10,Tanker,16.85,2.0,22858,Anchored,2026-07-02 16:56:43.203853,8.08
TEL-13747,MV Fleet_09,Bulk Carrier,12.05,8.0,35816,Underway,2026-07-02 17:11:43.203853,13.81
TEL-13748,MV Fleet_08,Bulk Carrier,23.29,6.0,17850,Underway,2026-07-02 17:26:43.203853,17.41
TEL-13749,MV Fleet_10,Tanker,8.46,6.0,17601,Underway,2026-07-02 17:41:43.203853,12.09
TEL-13750,MV Fleet_17,Tanker,11.2,4.0,44866,Underway,2026-07-02 17:56:43.203853,8.88
TEL-13751,MV Fleet_02,LNG Carrier,11.88,1.0,31644,Underway,2026-07-02 18:11:43.203853,5.08
TEL-13752,MV Fleet_06,Bulk Carrier,14.63,7.0,32428,Underway,2026-07-02 18:26:43.203853,14.83
TEL-13753,MV Fleet_05,Container,11.72,8.0,44487,Anchored,2026-07-02 18:41:43.203853,17.1
TEL-13754,MV Fleet_09,Tanker,15.86,2.0,46362,Underway,2026-07-02 18:56:43.203853,5.81
TEL-13755,MV Fleet_05,Bulk Carrier,21.96,2.0,38380,Underway,2026-07-02 19:11:43.203853,14.39
TEL-13756,MV Fleet_18,Bulk Carrier,19.39,1.0,12286,Underway,2026-07-02 19:26:43.203853,9.17
TEL-13757,MV Fleet_20,LNG Carrier,17.28,4.0,15068,Underway,2026-07-02 19:41:43.203853,12.85
TEL-13758,MV Fleet_09,Container,9.42,6.0,14805,Anchored,2026-07-02 19:56:43.203853,12.78
TEL-13759,MV Fleet_17,LNG Carrier,19.1,5.0,8017,Moored,2026-07-02 20:11:43.203853,15.08
TEL-13760,MV Fleet_17,Container,10.66,4.0,26172,Underway,2026-07-02 20:26:43.203853,6.3
TEL-13761,MV Fleet_12,Container,20.58,4.0,14926,Underway,2026-07-02 20:41:43.203853,11.14
TEL-13762,MV Fleet_07,Tanker,12.0,7.0,49508,Anchored,2026-07-02 20:56:43.203853,14.28
TEL-13763,MV Fleet_03,Bulk Carrier,14.67,7.0,28486,Underway,2026-07-02 21:11:43.203853,15.21
TEL-13764,MV Fleet_10,Bulk Carrier,13.61,2.0,35397,Underway,2026-07-02 21:26:43.203853,7.71
TEL-13765,MV Fleet_02,Bulk Carrier,21.74,7.0,34511,Moored,2026-07-02 21:41:43.203853,18.08
TEL-13766,MV Fleet_03,Container,10.02,2.0,48340,Underway,2026-07-02 21:56:43.203853,3.04
TEL-13767,MV Fleet_16,Bulk Carrier,17.05,4.0,15002,Underway,2026-07-02 22:11:43.203853,10.8
TEL-13768,MV Fleet_02,Tanker,10.27,1.0,8201,Anchored,2026-07-02 22:26:43.203853,4.71
TEL-13769,MV Fleet_10,Container,19.28,5.0,38520,Moored,2026-07-02 22:41:43.203853,13.24
TEL-13770,MV Fleet_06,Container,22.48,1.0,32048,Underway,2026-07-02 22:56:43.203853,9.44
TEL-13771,MV Fleet_11,Container,14.95,4.0,35130,Underway,2026-07-02 23:11:43.203853,10.02
TEL-13772,MV Fleet_07,Container,15.81,9.0,45324,Moored,2026-07-02 23:26:43.203853,17.08
TEL-13773,MV Fleet_15,Tanker,22.84,,6341,Moored,2026-07-02 23:41:43.203853,18.94
TEL-13774,MV Fleet_06,Bulk Carrier,16.34,6.0,18981,Moored,2026-07-02 23:56:43.203853,16.78
TEL-13775,MV Fleet_20,Tanker,15.8,8.0,13696,Underway,2026-07-03 00:11:43.203853,18.7
TEL-13776,MV Fleet_09,Bulk Carrier,17.25,5.0,19525,Anchored,2026-07-03 00:26:43.203853,14.17
TEL-13777,MV Fleet_20,Tanker,19.03,7.0,31545,Underway,2026-07-03 00:41:43.203853,17.11
TEL-13778,MV Fleet_12,LNG Carrier,9.71,8.0,33625,Underway,2026-07-03 00:56:43.203853,12.4
TEL-13779,MV Fleet_19,LNG Carrier,21.14,7.0,10565,Underway,2026-07-03 01:11:43.203853,18.99
TEL-13780,MV Fleet_20,LNG Carrier,14.97,4.0,19947,Underway,2026-07-03 01:26:43.203853,11.65
TEL-13781,MV Fleet_03,LNG Carrier,9.16,5.0,35077,Anchored,2026-07-03 01:41:43.203853,8.71
TEL-13782,MV Fleet_15,Container,20.58,6.0,45698,Anchored,2026-07-03 01:56:43.203853,14.24
TEL-13783,MV Fleet_02,Container,14.03,6.0,11517,Underway,2026-07-03 02:11:43.203853,13.21
TEL-13784,MV Fleet_02,Tanker,9.61,9.0,19287,Underway,2026-07-03 02:26:43.203853,16.98
TEL-13785,MV Fleet_03,Tanker,18.14,2.0,16829,Underway,2026-07-03 02:41:43.203853,7.56
TEL-13786,MV Fleet_06,LNG Carrier,22.08,6.0,7422,Anchored,2026-07-03 02:56:43.203853,17.5
TEL-13787,MV Fleet_15,Bulk Carrier,22.2,3.0,34060,Underway,2026-07-03 03:11:43.203853,10.92
TEL-13788,MV Fleet_10,LNG Carrier,23.32,2.0,46633,Underway,2026-07-03 03:26:43.203853,9.75
TEL-13789,MV Fleet_09,Tanker,21.88,6.0,10985,Underway,2026-07-03 03:41:43.203853,16.9
TEL-13790,MV Fleet_01,LNG Carrier,8.03,4.0,44715,Moored,2026-07-03 03:56:43.203853,6.16
TEL-13791,MV Fleet_16,Tanker,14.08,5.0,18790,Underway,2026-07-03 04:11:43.203853,11.73
TEL-13792,MV Fleet_06,LNG Carrier,21.1,5.0,30168,Underway,2026-07-03 04:26:43.203853,12.21
TEL-13793,MV Fleet_09,Bulk Carrier,13.86,3.0,29019,Moored,2026-07-03 04:41:43.203853,6.71
TEL-13794,MV Fleet_04,LNG Carrier,17.62,4.0,48739,Underway,2026-07-03 04:56:43.203853,12.79
TEL-13795,MV Fleet_02,Bulk Carrier,17.7,3.0,8668,Underway,2026-07-03 05:11:43.203853,10.83
TEL-13796,MV Fleet_04,Bulk Carrier,13.84,7.0,15744,Underway,2026-07-03 05:26:43.203853,14.61
TEL-13797,MV Fleet_01,Tanker,22.47,1.0,33754,Anchored,2026-07-03 05:41:43.203853,8.77
TEL-13798,MV Fleet_19,Bulk Carrier,16.05,6.0,24522,Underway,2026-07-03 05:56:43.203853,13.5
TEL-13799,MV Fleet_10,Container,15.44,4.0,9509,Underway,2026-07-03 06:11:43.203853,9.86
TEL-13800,MV Fleet_15,Container,23.96,1.0,7500,Underway,2026-07-03 06:26:43.203853,13.86
TEL-13801,MV Fleet_19,Container,15.9,1.0,14904,Moored,2026-07-03 06:41:43.203853,6.38
TEL-13802,MV Fleet_16,Tanker,10.85,5.0,31921,Underway,2026-07-03 06:56:43.203853,8.65
TEL-13803,MV Fleet_04,Container,16.21,5.0,21683,Underway,2026-07-03 07:11:43.203853,11.94
TEL-13804,MV Fleet_02,Tanker,21.02,7.0,17416,Underway,2026-07-03 07:26:43.203853,15.07
TEL-13805,MV Fleet_13,Tanker,20.43,4.0,19833,Underway,2026-07-03 07:41:43.203853,9.9
TEL-13806,MV Fleet_01,Container,20.62,9.0,23290,Underway,2026-07-03 07:56:43.203853,22.55
TEL-13807,MV Fleet_17,Bulk Carrier,19.33,4.0,40253,Anchored,2026-07-03 08:11:43.203853,12.56
TEL-13808,MV Fleet_13,LNG Carrier,12.07,7.0,19003,Anchored,2026-07-03 08:26:43.203853,12.58
TEL-13809,MV Fleet_04,Tanker,21.79,5.0,45227,Underway,2026-07-03 08:41:43.203853,15.0
TEL-13810,MV Fleet_07,Container,22.3,5.0,11120,Underway,2026-07-03 08:56:43.203853,15.18
TEL-13811,MV Fleet_17,Tanker,11.11,6.0,46253,Underway,2026-07-03 09:11:43.203853,11.5
TEL-13812,MV Fleet_09,Bulk Carrier,10.09,8.0,19251,Underway,2026-07-03 09:26:43.203853,15.76
TEL-13813,MV Fleet_04,Bulk Carrier,23.61,5.0,27486,Underway,2026-07-03 09:41:43.203853,16.94
TEL-13814,MV Fleet_19,Container,21.89,3.0,33334,Moored,2026-07-03 09:56:43.203853,11.48
TEL-13815,MV Fleet_01,Tanker,22.29,6.0,11172,Anchored,2026-07-03 10:11:43.203853,14.21
TEL-13816,MV Fleet_10,LNG Carrier,22.18,2.0,27706,Underway,2026-07-03 10:26:43.203853,9.26
TEL-13817,MV Fleet_04,LNG Carrier,16.67,8.0,23472,Underway,2026-07-03 10:41:43.203853,17.92
TEL-13818,MV Fleet_09,Tanker,18.34,8.0,26695,Underway,2026-07-03 10:56:43.203853,19.96
TEL-13819,MV Fleet_13,Tanker,16.73,3.0,44255,Anchored,2026-07-03 11:11:43.203853,7.99
TEL-13820,MV Fleet_14,Tanker,8.82,8.0,47732,Underway,2026-07-03 11:26:43.203853,12.08
TEL-13821,MV Fleet_10,Container,19.93,9.0,16055,Underway,2026-07-03 11:41:43.203853,19.33
TEL-13822,MV Fleet_06,Bulk Carrier,16.09,5.0,37716,Underway,2026-07-03 11:56:43.203853,14.68
TEL-13823,MV Fleet_16,LNG Carrier,18.36,5.0,11880,Moored,2026-07-03 12:11:43.203853,13.35
TEL-13824,MV Fleet_06,Container,16.04,6.0,33949,Anchored,2026-07-03 12:26:43.203853,12.33
TEL-13825,MV Fleet_17,Tanker,15.87,7.0,24810,Underway,2026-07-03 12:41:43.203853,14.35
TEL-13826,MV Fleet_10,Tanker,10.75,3.0,5528,Underway,2026-07-03 12:56:43.203853,5.97
TEL-13827,MV Fleet_18,Bulk Carrier,12.46,5.0,48093,Underway,2026-07-03 13:11:43.203853,11.47
TEL-13828,MV Fleet_18,Tanker,10.54,1.0,23308,Anchored,2026-07-03 13:26:43.203853,6.62
TEL-13829,MV Fleet_03,Container,11.13,5.0,27844,Anchored,2026-07-03 13:41:43.203853,10.1
TEL-13830,MV Fleet_20,Container,23.57,4.0,27360,Underway,2026-07-03 13:56:43.203853,16.25
TEL-13831,MV Fleet_15,Bulk Carrier,10.45,1.0,27405,Underway,2026-07-03 14:11:43.203853,1.64
TEL-13832,MV Fleet_15,Container,12.31,7.0,22246,Underway,2026-07-03 14:26:43.203853,16.87
TEL-13833,MV Fleet_04,LNG Carrier,17.45,1.0,32792,Underway,2026-07-03 14:41:43.203853,4.66
TEL-13834,MV Fleet_09,Container,17.76,8.0,48322,Underway,2026-07-03 14:56:43.203853,19.14
TEL-13835,MV Fleet_19,Container,10.46,2.0,25704,Underway,2026-07-03 15:11:43.203853,5.67
TEL-13836,MV Fleet_17,Container,20.7,5.0,35589,Underway,2026-07-03 15:26:43.203853,12.52
TEL-13837,MV Fleet_11,LNG Carrier,20.56,6.0,27436,Underway,2026-07-03 15:41:43.203853,17.08
TEL-13838,MV Fleet_09,Tanker,11.8,9.0,29643,Underway,2026-07-03 15:56:43.203853,16.11
TEL-13839,MV Fleet_10,Container,12.62,7.0,23026,Anchored,2026-07-03 16:11:43.203853,12.11
TEL-13840,MV Fleet_18,Bulk Carrier,23.01,6.0,20693,Underway,2026-07-03 16:26:43.203853,17.28
TEL-13841,MV Fleet_20,LNG Carrier,21.21,5.0,14212,Underway,2026-07-03 16:41:43.203853,12.22
TEL-13842,MV Fleet_13,Bulk Carrier,19.16,6.0,42964,Underway,2026-07-03 16:56:43.203853,14.33
TEL-13843,MV Fleet_08,Container,9.32,4.0,18850,Underway,2026-07-03 17:11:43.203853,6.33
TEL-13844,MV Fleet_07,Bulk Carrier,14.69,1.0,44767,Moored,2026-07-03 17:26:43.203853,5.08
TEL-13845,MV Fleet_17,Container,16.95,9.0,12322,Underway,2026-07-03 17:41:43.203853,15.82
TEL-13846,MV Fleet_15,LNG Carrier,11.0,5.0,40911,Underway,2026-07-03 17:56:43.203853,7.17
TEL-13847,MV Fleet_20,Bulk Carrier,15.17,8.0,35387,Underway,2026-07-03 18:11:43.203853,14.8
TEL-13848,MV Fleet_15,Bulk Carrier,17.62,7.0,10678,Underway,2026-07-03 18:26:43.203853,15.69
TEL-13849,MV Fleet_01,Container,13.24,8.0,6382,Underway,2026-07-03 18:41:43.203853,13.77
TEL-13850,MV Fleet_14,Container,20.5,1.0,26780,Underway,2026-07-03 18:56:43.203853,8.99
TEL-13851,MV Fleet_05,Tanker,21.45,9.0,32506,Underway,2026-07-03 19:11:43.203853,21.89
TEL-13852,MV Fleet_11,Container,13.18,1.0,47296,Anchored,2026-07-03 19:26:43.203853,3.44
TEL-13853,MV Fleet_16,Container,21.42,3.0,36848,Underway,2026-07-03 19:41:43.203853,13.9
TEL-13854,MV Fleet_02,Tanker,9.66,8.0,44882,Underway,2026-07-03 19:56:43.203853,13.44
TEL-13855,MV Fleet_08,Container,21.4,1.0,47202,Moored,2026-07-03 20:11:43.203853,11.55
TEL-13856,MV Fleet_11,Container,10.44,1.0,6705,Underway,2026-07-03 20:26:43.203853,3.27
TEL-13857,MV Fleet_18,Tanker,9.33,6.0,10997,Anchored,2026-07-03 20:41:43.203853,9.1
TEL-13858,MV Fleet_03,LNG Carrier,18.27,5.0,27447,Moored,2026-07-03 20:56:43.203853,14.93
TEL-13859,MV Fleet_01,LNG Carrier,15.55,6.0,45730,Underway,2026-07-03 21:11:43.203853,11.68
TEL-13860,MV Fleet_11,Container,22.53,3.0,49159,Underway,2026-07-03 21:26:43.203853,14.18
TEL-13861,MV Fleet_16,Container,13.81,6.0,19535,Underway,2026-07-03 21:41:43.203853,12.65
TEL-13862,MV Fleet_18,Tanker,12.59,2.0,29480,Anchored,2026-07-03 21:56:43.203853,5.13
TEL-13863,MV Fleet_16,Tanker,16.01,8.0,36051,Underway,2026-07-03 22:11:43.203853,15.31
TEL-13864,MV Fleet_10,LNG Carrier,15.3,6.0,17129,Anchored,2026-07-03 22:26:43.203853,13.0
TEL-13865,MV Fleet_18,Bulk Carrier,13.51,4.0,35785,Moored,2026-07-03 22:41:43.203853,10.36
TEL-13866,MV Fleet_06,Container,19.1,4.0,34402,Anchored,2026-07-03 22:56:43.203853,11.96
TEL-13867,MV Fleet_19,Bulk Carrier,20.15,7.0,46527,Moored,2026-07-03 23:11:43.203853,19.32
TEL-13868,MV Fleet_04,Bulk Carrier,21.65,3.0,7704,Underway,2026-07-03 23:26:43.203853,10.19
TEL-13869,MV Fleet_13,Tanker,23.57,3.0,32027,Moored,2026-07-03 23:41:43.203853,12.97
TEL-13870,MV Fleet_14,Container,12.27,6.0,10725,Underway,2026-07-03 23:56:43.203853,13.49
TEL-13871,MV Fleet_03,Container,19.46,9.0,30223,Underway,2026-07-04 00:11:43.203853,17.91
TEL-13872,MV Fleet_10,Tanker,14.31,1.0,31769,Underway,2026-07-04 00:26:43.203853,6.75
TEL-13873,MV Fleet_06,Bulk Carrier,18.83,5.0,32384,Underway,2026-07-04 00:41:43.203853,13.41
TEL-13874,MV Fleet_01,Tanker,15.62,1.0,37145,Underway,2026-07-04 00:56:43.203853,5.94
TEL-13875,MV Fleet_14,LNG Carrier,23.9,1.0,37892,Underway,2026-07-04 01:11:43.203853,9.81
TEL-13876,MV Fleet_08,Container,19.66,3.0,47497,Underway,2026-07-04 01:26:43.203853,9.01
TEL-13877,MV Fleet_19,LNG Carrier,23.24,3.0,35027,Underway,2026-07-04 01:41:43.203853,12.79
TEL-13878,MV Fleet_14,Tanker,21.36,4.0,17767,Underway,2026-07-04 01:56:43.203853,12.45
TEL-13879,MV Fleet_10,Container,22.45,3.0,26481,Moored,2026-07-04 02:11:43.203853,14.71
TEL-13880,MV Fleet_17,LNG Carrier,21.03,6.0,42575,Underway,2026-07-04 02:26:43.203853,16.86
TEL-13881,MV Fleet_09,LNG Carrier,15.35,4.0,23354,Anchored,2026-07-04 02:41:43.203853,10.21
TEL-13882,MV Fleet_06,Bulk Carrier,12.03,8.0,24146,Underway,2026-07-04 02:56:43.203853,16.72
TEL-13883,MV Fleet_11,Container,13.93,1.0,26901,Underway,2026-07-04 03:11:43.203853,4.94
TEL-13884,MV Fleet_07,LNG Carrier,8.32,8.0,8101,Underway,2026-07-04 03:26:43.203853,14.52
TEL-13885,MV Fleet_17,LNG Carrier,16.38,1.0,33727,Underway,2026-07-04 03:41:43.203853,7.88
TEL-13886,MV Fleet_01,Bulk Carrier,16.08,1.0,39422,Anchored,2026-07-04 03:56:43.203853,5.59
TEL-13887,MV Fleet_05,LNG Carrier,16.4,7.0,21515,Anchored,2026-07-04 04:11:43.203853,15.8
TEL-13888,MV Fleet_09,LNG Carrier,23.58,1.0,29806,Anchored,2026-07-04 04:26:43.203853,9.46
TEL-13889,MV Fleet_18,LNG Carrier,22.58,9.0,38162,Underway,2026-07-04 04:41:43.203853,23.22
TEL-13890,MV Fleet_02,Bulk Carrier,10.59,8.0,45087,Underway,2026-07-04 04:56:43.203853,14.17
TEL-13891,MV Fleet_11,LNG Carrier,13.9,1.0,8573,Underway,2026-07-04 05:11:43.203853,7.06
TEL-13892,MV Fleet_06,LNG Carrier,14.78,2.0,46941,Underway,2026-07-04 05:26:43.203853,7.19
TEL-13893,MV Fleet_08,Container,13.77,2.0,44874,Anchored,2026-07-04 05:41:43.203853,10.27
TEL-13894,MV Fleet_04,Container,20.78,2.0,30508,Anchored,2026-07-04 05:56:43.203853,8.89
TEL-13895,MV Fleet_18,Bulk Carrier,16.38,6.0,30985,Underway,2026-07-04 06:11:43.203853,14.93
TEL-13896,MV Fleet_11,Tanker,17.15,4.0,48915,Moored,2026-07-04 06:26:43.203853,10.95
TEL-13897,MV Fleet_05,Container,21.65,8.0,10060,Anchored,2026-07-04 06:41:43.203853,19.12
TEL-13898,MV Fleet_15,Bulk Carrier,20.89,1.0,15933,Underway,2026-07-04 06:56:43.203853,5.67
TEL-13899,MV Fleet_18,LNG Carrier,10.12,4.0,11632,Underway,2026-07-04 07:11:43.203853,8.15
TEL-13900,MV Fleet_02,LNG Carrier,19.42,5.0,44523,Moored,2026-07-04 07:26:43.203853,12.23
TEL-13901,MV Fleet_11,Bulk Carrier,14.97,9.0,48898,Underway,2026-07-04 07:41:43.203853,17.02
TEL-13902,MV Fleet_13,LNG Carrier,12.71,5.0,27973,Underway,2026-07-04 07:56:43.203853,9.11
TEL-13903,MV Fleet_04,LNG Carrier,8.8,3.0,10589,Underway,2026-07-04 08:11:43.203853,4.91
TEL-13904,MV Fleet_07,Tanker,15.8,4.0,16612,Underway,2026-07-04 08:26:43.203853,8.75
TEL-13905,MV Fleet_11,LNG Carrier,13.69,7.0,23888,Underway,2026-07-04 08:41:43.203853,12.33
TEL-13906,MV Fleet_04,Container,12.02,,24417,Underway,2026-07-04 08:56:43.203853,1.85
TEL-13907,MV Fleet_15,LNG Carrier,19.11,6.0,17015,Underway,2026-07-04 09:11:43.203853,15.59
TEL-13908,MV Fleet_01,Bulk Carrier,20.31,8.0,40744,Underway,2026-07-04 09:26:43.203853,18.71
TEL-13909,MV Fleet_03,Tanker,11.92,1.0,22855,Moored,2026-07-04 09:41:43.203853,5.26
TEL-13910,MV Fleet_14,LNG Carrier,8.79,8.0,16891,Moored,2026-07-04 09:56:43.203853,13.02
TEL-13911,MV Fleet_06,Bulk Carrier,21.58,7.0,32762,Underway,2026-07-04 10:11:43.203853,16.92
TEL-13912,MV Fleet_18,Container,8.16,1.0,11595,Moored,2026-07-04 10:26:43.203853,2.79
TEL-13913,MV Fleet_01,LNG Carrier,22.99,9.0,33557,Anchored,2026-07-04 10:41:43.203853,22.81
TEL-13914,MV Fleet_06,Tanker,18.04,3.0,26936,Underway,2026-07-04 10:56:43.203853,10.42
TEL-13915,MV Fleet_06,LNG Carrier,13.15,2.0,23281,Moored,2026-07-04 11:11:43.203853,6.21
TEL-13916,MV Fleet_16,Bulk Carrier,11.94,7.0,7192,Underway,2026-07-04 11:26:43.203853,14.21
TEL-13917,MV Fleet_05,Tanker,8.14,3.0,38859,Underway,2026-07-04 11:41:43.203853,5.92
TEL-13918,MV Fleet_17,LNG Carrier,11.77,1.0,47861,Underway,2026-07-04 11:56:43.203853,3.26
TEL-13919,MV Fleet_10,Container,10.2,3.0,39946,Underway,2026-07-04 12:11:43.203853,7.93
TEL-13920,MV Fleet_18,Tanker,17.79,6.0,37309,Underway,2026-07-04 12:26:43.203853,12.47
TEL-13921,MV Fleet_07,Container,10.66,3.0,46472,Anchored,2026-07-04 12:41:43.203853,4.6
TEL-13922,MV Fleet_03,Bulk Carrier,16.46,5.0,40455,Underway,2026-07-04 12:56:43.203853,12.14
TEL-13923,MV Fleet_13,LNG Carrier,17.44,9.0,33672,Moored,2026-07-04 13:11:43.203853,18.79
TEL-13924,MV Fleet_15,Container,12.77,7.0,8756,Underway,2026-07-04 13:26:43.203853,13.89
TEL-13925,MV Fleet_20,Bulk Carrier,8.56,2.0,43829,Moored,2026-07-04 13:41:43.203853,4.05
TEL-13926,MV Fleet_19,LNG Carrier,8.6,1.0,46391,Underway,2026-07-04 13:56:43.203853,5.08
TEL-13927,MV Fleet_03,Bulk Carrier,8.42,7.0,27918,Underway,2026-07-04 14:11:43.203853,9.75
TEL-13928,MV Fleet_04,Container,19.83,4.0,9494,Underway,2026-07-04 14:26:43.203853,12.62
TEL-13929,MV Fleet_05,Bulk Carrier,13.09,7.0,39047,Underway,2026-07-04 14:41:43.203853,14.81
TEL-13930,MV Fleet_01,Tanker,20.74,6.0,11538,Underway,2026-07-04 14:56:43.203853,18.0
TEL-13931,MV Fleet_04,LNG Carrier,14.91,7.0,7221,Underway,2026-07-04 15:11:43.203853,16.45
TEL-13932,MV Fleet_12,Bulk Carrier,15.25,4.0,10164,Underway,2026-07-04 15:26:43.203853,8.46
TEL-13933,MV Fleet_10,Container,16.21,3.0,38622,Underway,2026-07-04 15:41:43.203853,9.6
TEL-13934,MV Fleet_20,LNG Carrier,19.41,5.0,40980,Moored,2026-07-04 15:56:43.203853,13.37
TEL-13935,MV Fleet_13,Tanker,12.38,3.0,24152,Underway,2026-07-04 16:11:43.203853,7.35
TEL-13936,MV Fleet_14,LNG Carrier,9.95,3.0,19385,Underway,2026-07-04 16:26:43.203853,8.19
TEL-13937,MV Fleet_05,Tanker,16.9,4.0,28612,Anchored,2026-07-04 16:41:43.203853,13.74
TEL-13938,MV Fleet_04,LNG Carrier,13.23,8.0,17530,Underway,2026-07-04 16:56:43.203853,15.62
TEL-13939,MV Fleet_14,Bulk Carrier,15.08,2.0,8340,Underway,2026-07-04 17:11:43.203853,4.05
TEL-13940,MV Fleet_10,Bulk Carrier,18.35,4.0,28124,Underway,2026-07-04 17:26:43.203853,9.12
TEL-13941,MV Fleet_17,Container,15.91,3.0,47579,Underway,2026-07-04 17:41:43.203853,8.84
TEL-13942,MV Fleet_10,Tanker,17.92,7.0,38043,Underway,2026-07-04 17:56:43.203853,17.4
TEL-13943,MV Fleet_07,Container,16.71,2.0,17295,Underway,2026-07-04 18:11:43.203853,6.62
TEL-13944,MV Fleet_16,Bulk Carrier,19.84,1.0,25247,Underway,2026-07-04 18:26:43.203853,7.64
TEL-13945,MV Fleet_01,Tanker,19.29,1.0,5714,Anchored,2026-07-04 18:41:43.203853,10.05
TEL-13946,MV Fleet_17,Container,16.55,6.0,43822,Anchored,2026-07-04 18:56:43.203853,13.13
TEL-13947,MV Fleet_09,Container,18.86,3.0,5809,Anchored,2026-07-04 19:11:43.203853,13.02
TEL-13948,MV Fleet_06,Container,21.98,7.0,35144,Underway,2026-07-04 19:26:43.203853,17.5
TEL-13949,MV Fleet_19,Container,14.92,8.0,25362,Underway,2026-07-04 19:41:43.203853,17.31
TEL-13950,MV Fleet_13,Container,14.6,5.0,46821,Underway,2026-07-04 19:56:43.203853,11.43
TEL-13951,MV Fleet_03,Tanker,20.23,5.0,5036,Underway,2026-07-04 20:11:43.203853,15.31
TEL-13952,MV Fleet_07,Container,17.32,2.0,37402,Underway,2026-07-04 20:26:43.203853,11.11
TEL-13953,MV Fleet_09,Tanker,9.14,8.0,29498,Moored,2026-07-04 20:41:43.203853,14.35
TEL-13954,MV Fleet_05,Container,22.27,1.0,33387,Underway,2026-07-04 20:56:43.203853,11.21
TEL-13955,MV Fleet_10,Bulk Carrier,8.49,9.0,15273,Underway,2026-07-04 21:11:43.203853,13.68
TEL-13956,MV Fleet_17,Bulk Carrier,19.97,1.0,30030,Underway,2026-07-04 21:26:43.203853,6.6
TEL-13957,MV Fleet_12,Container,20.14,1.0,16403,Anchored,2026-07-04 21:41:43.203853,5.64
TEL-13958,MV Fleet_16,LNG Carrier,23.25,1.0,20037,Underway,2026-07-04 21:56:43.203853,8.33
TEL-13959,MV Fleet_03,Bulk Carrier,8.87,7.0,24039,Underway,2026-07-04 22:11:43.203853,14.41
TEL-13960,MV Fleet_09,Tanker,17.55,4.0,19017,Anchored,2026-07-04 22:26:43.203853,11.71
TEL-13961,MV Fleet_15,Container,14.85,7.0,22365,Underway,2026-07-04 22:41:43.203853,14.03
TEL-13962,MV Fleet_05,Tanker,13.29,5.0,44215,Underway,2026-07-04 22:56:43.203853,11.06
TEL-13963,MV Fleet_13,LNG Carrier,9.45,7.0,17583,Anchored,2026-07-04 23:11:43.203853,13.34
TEL-13964,MV Fleet_14,Container,17.0,7.0,37919,Moored,2026-07-04 23:26:43.203853,16.61
TEL-13965,MV Fleet_20,Bulk Carrier,15.66,4.0,49254,Underway,2026-07-04 23:41:43.203853,10.63
TEL-13966,MV Fleet_15,Tanker,9.67,2.0,14514,Underway,2026-07-04 23:56:43.203853,6.97
TEL-13967,MV Fleet_16,Bulk Carrier,17.8,8.0,43416,Underway,2026-07-05 00:11:43.203853,15.89
TEL-13968,MV Fleet_13,Bulk Carrier,19.81,2.0,6511,Underway,2026-07-05 00:26:43.203853,8.88
TEL-13969,MV Fleet_17,Container,20.28,9.0,23642,Underway,2026-07-05 00:41:43.203853,21.92
TEL-13970,MV Fleet_08,Tanker,22.49,5.0,21615,Moored,2026-07-05 00:56:43.203853,16.89
TEL-13971,MV Fleet_02,LNG Carrier,14.55,9.0,36589,Underway,2026-07-05 01:11:43.203853,17.85
TEL-13972,MV Fleet_05,Bulk Carrier,23.25,9.0,29225,Underway,2026-07-05 01:26:43.203853,21.1
TEL-13973,MV Fleet_06,Container,21.85,8.0,25846,Underway,2026-07-05 01:41:43.203853,20.75
TEL-13974,MV Fleet_12,Container,12.74,8.0,34152,Underway,2026-07-05 01:56:43.203853,13.66
TEL-13975,MV Fleet_18,LNG Carrier,10.55,4.0,45517,Underway,2026-07-05 02:11:43.203853,9.97
TEL-13976,MV Fleet_01,Container,14.97,4.0,5571,Underway,2026-07-05 02:26:43.203853,12.26
TEL-13977,MV Fleet_17,Bulk Carrier,14.43,2.0,31188,Anchored,2026-07-05 02:41:43.203853,5.88
TEL-13978,MV Fleet_11,Container,17.21,4.0,47530,Underway,2026-07-05 02:56:43.203853,14.93
TEL-13979,MV Fleet_10,Tanker,17.33,4.0,18217,Underway,2026-07-05 03:11:43.203853,9.61
TEL-13980,MV Fleet_19,Tanker,20.0,6.0,46999,Underway,2026-07-05 03:26:43.203853,15.23
TEL-13981,MV Fleet_14,Bulk Carrier,16.16,3.0,11609,Underway,2026-07-05 03:41:43.203853,8.71
TEL-13982,MV Fleet_10,Tanker,9.68,2.0,10151,Underway,2026-07-05 03:56:43.203853,4.74
TEL-13983,MV Fleet_15,LNG Carrier,21.73,8.0,11406,Anchored,2026-07-05 04:11:43.203853,21.64
TEL-13984,MV Fleet_19,Container,12.96,2.0,19893,Moored,2026-07-05 04:26:43.203853,6.77
TEL-13985,MV Fleet_04,Bulk Carrier,23.54,8.0,37956,Underway,2026-07-05 04:41:43.203853,19.35
TEL-13986,MV Fleet_02,LNG Carrier,9.89,7.0,12145,Anchored,2026-07-05 04:56:43.203853,12.63
TEL-13987,MV Fleet_09,Container,23.33,3.0,43695,Underway,2026-07-05 05:11:43.203853,13.96
TEL-13988,MV Fleet_10,LNG Carrier,9.46,6.0,38367,Underway,2026-07-05 05:26:43.203853,11.61
TEL-13989,MV Fleet_11,Bulk Carrier,11.7,6.0,18133,Underway,2026-07-05 05:41:43.203853,13.45
TEL-13990,MV Fleet_14,Bulk Carrier,8.75,5.0,17209,Underway,2026-07-05 05:56:43.203853,9.23
TEL-13991,MV Fleet_07,LNG Carrier,19.28,8.0,49292,Underway,2026-07-05 06:11:43.203853,19.32
TEL-13992,MV Fleet_15,Container,21.6,5.0,31965,Underway,2026-07-05 06:26:43.203853,14.71
TEL-13993,MV Fleet_19,Tanker,14.95,7.0,14145,Underway,2026-07-05 06:41:43.203853,13.5
TEL-13994,MV Fleet_15,Tanker,22.86,6.0,47585,Underway,2026-07-05 06:56:43.203853,15.46
TEL-13995,MV Fleet_08,LNG Carrier,17.44,7.0,39638,Underway,2026-07-05 07:11:43.203853,18.01
TEL-13996,MV Fleet_11,Bulk Carrier,18.08,9.0,25645,Underway,2026-07-05 07:26:43.203853,16.72
TEL-13997,MV Fleet_09,Container,21.53,3.0,23408,Underway,2026-07-05 07:41:43.203853,12.26
TEL-13998,MV Fleet_15,Container,12.75,7.0,17521,Underway,2026-07-05 07:56:43.203853,14.14
TEL-13999,MV Fleet_01,Bulk Carrier,13.67,3.0,26878,Underway,2026-07-05 08:11:43.203853,6.44
TEL-14000,MV Fleet_01,Tanker,22.5,2.0,43221,Underway,2026-07-05 08:26:43.203853,12.31
TEL-14001,MV Fleet_19,Container,22.42,7.0,39595,Anchored,2026-07-05 08:41:43.203853,16.38
TEL-14002,MV Fleet_03,LNG Carrier,23.62,4.0,26086,Underway,2026-07-05 08:56:43.203853,13.77
TEL-14003,MV Fleet_10,Tanker,22.43,1.0,21923,Anchored,2026-07-05 09:11:43.203853,10.86
TEL-14004,MV Fleet_08,LNG Carrier,10.04,6.0,21225,Underway,2026-07-05 09:26:43.203853,9.07
TEL-14005,MV Fleet_15,Tanker,21.18,6.0,12202,Moored,2026-07-05 09:41:43.203853,17.41
TEL-14006,MV Fleet_10,Bulk Carrier,14.56,6.0,35139,Underway,2026-07-05 09:56:43.203853,14.47
TEL-14007,MV Fleet_01,LNG Carrier,23.85,2.0,36974,Underway,2026-07-05 10:11:43.203853,13.4
TEL-14008,MV Fleet_18,LNG Carrier,15.56,1.0,31941,Underway,2026-07-05 10:26:43.203853,6.31
TEL-14009,MV Fleet_02,Bulk Carrier,16.86,3.0,42206,Underway,2026-07-05 10:41:43.203853,8.11
TEL-14010,MV Fleet_19,LNG Carrier,16.48,2.0,24885,Underway,2026-07-05 10:56:43.203853,6.2
TEL-14011,MV Fleet_13,Tanker,13.15,6.0,49907,Underway,2026-07-05 11:11:43.203853,11.44
TEL-14012,MV Fleet_01,Container,9.2,6.0,16218,Underway,2026-07-05 11:26:43.203853,6.14
TEL-14013,MV Fleet_02,Container,22.33,5.0,33750,Underway,2026-07-05 11:41:43.203853,15.39
TEL-14014,MV Fleet_16,Bulk Carrier,20.84,5.0,36612,Moored,2026-07-05 11:56:43.203853,14.31
TEL-14015,MV Fleet_15,Tanker,10.23,9.0,11716,Moored,2026-07-05 12:11:43.203853,15.7
TEL-14016,MV Fleet_13,LNG Carrier,20.43,5.0,21088,Underway,2026-07-05 12:26:43.203853,13.89
TEL-14017,MV Fleet_16,LNG Carrier,18.01,6.0,36001,Underway,2026-07-05 12:41:43.203853,14.72
TEL-14018,MV Fleet_17,Container,14.55,4.0,44586,Underway,2026-07-05 12:56:43.203853,9.91
TEL-14019,MV Fleet_07,LNG Carrier,12.06,1.0,27584,Anchored,2026-07-05 13:11:43.203853,2.07
TEL-14020,MV Fleet_17,Container,21.76,4.0,9286,Anchored,2026-07-05 13:26:43.203853,13.94
TEL-14021,MV Fleet_07,Bulk Carrier,19.2,2.0,9739,Moored,2026-07-05 13:41:43.203853,9.05
TEL-14022,MV Fleet_13,LNG Carrier,16.76,3.0,35158,Underway,2026-07-05 13:56:43.203853,6.73
TEL-14023,MV Fleet_05,Tanker,17.75,7.0,39857,Anchored,2026-07-05 14:11:43.203853,17.16
TEL-14024,MV Fleet_17,LNG Carrier,9.46,7.0,10605,Anchored,2026-07-05 14:26:43.203853,11.88
TEL-14025,MV Fleet_03,Container,15.58,1.0,44590,Underway,2026-07-05 14:41:43.203853,6.71
TEL-14026,MV Fleet_07,Bulk Carrier,11.1,8.0,8321,Anchored,2026-07-05 14:56:43.203853,14.33
TEL-14027,MV Fleet_17,Container,11.33,7.0,49541,Underway,2026-07-05 15:11:43.203853,10.31
TEL-14028,MV Fleet_07,LNG Carrier,18.58,1.0,38984,Underway,2026-07-05 15:26:43.203853,7.62
TEL-14029,MV Fleet_01,Container,22.58,8.0,42653,Moored,2026-07-05 15:41:43.203853,20.75
TEL-14030,MV Fleet_17,Container,14.46,2.0,17170,Underway,2026-07-05 15:56:43.203853,8.51
TEL-14031,MV Fleet_17,Bulk Carrier,11.32,8.0,13933,Underway,2026-07-05 16:11:43.203853,15.85
TEL-14032,MV Fleet_11,Tanker,18.38,3.0,27692,Underway,2026-07-05 16:26:43.203853,11.94
TEL-14033,MV Fleet_03,LNG Carrier,21.94,7.0,36474,Anchored,2026-07-05 16:41:43.203853,19.23
TEL-14034,MV Fleet_15,Bulk Carrier,19.97,6.0,14906,Underway,2026-07-05 16:56:43.203853,14.76
TEL-14035,MV Fleet_11,Tanker,21.9,5.0,28814,Moored,2026-07-05 17:11:43.203853,14.4
TEL-14036,MV Fleet_16,Container,16.58,2.0,40565,Underway,2026-07-05 17:26:43.203853,9.22
TEL-14037,MV Fleet_09,Tanker,20.03,2.0,5818,Underway,2026-07-05 17:41:43.203853,8.95
TEL-14038,MV Fleet_01,Container,10.24,1.0,13434,Underway,2026-07-05 17:56:43.203853,4.38
TEL-14039,MV Fleet_16,Container,13.57,9.0,35571,Anchored,2026-07-05 18:11:43.203853,19.43
TEL-14040,MV Fleet_09,Bulk Carrier,14.23,8.0,45694,Underway,2026-07-05 18:26:43.203853,14.72
TEL-14041,MV Fleet_19,Container,16.18,8.0,33890,Underway,2026-07-05 18:41:43.203853,17.64
TEL-14042,MV Fleet_12,Bulk Carrier,22.87,1.0,17069,Underway,2026-07-05 18:56:43.203853,8.48
TEL-14043,MV Fleet_19,Tanker,21.99,5.0,37780,Anchored,2026-07-05 19:11:43.203853,16.03
TEL-14044,MV Fleet_09,Tanker,10.15,6.0,43662,Underway,2026-07-05 19:26:43.203853,13.48
TEL-14045,MV Fleet_07,Container,10.76,2.0,28434,Moored,2026-07-05 19:41:43.203853,7.28
TEL-14046,MV Fleet_14,Bulk Carrier,13.72,5.0,12392,Underway,2026-07-05 19:56:43.203853,10.35
TEL-14047,MV Fleet_19,Container,12.65,6.0,21102,Underway,2026-07-05 20:11:43.203853,14.35
TEL-14048,MV Fleet_19,Bulk Carrier,17.84,9.0,38457,Underway,2026-07-05 20:26:43.203853,18.53
TEL-14049,MV Fleet_02,Bulk Carrier,22.44,1.0,27262,Moored,2026-07-05 20:41:43.203853,12.85
TEL-14050,MV Fleet_09,Bulk Carrier,23.4,3.0,16932,Anchored,2026-07-05 20:56:43.203853,13.05
TEL-14051,MV Fleet_13,Tanker,18.46,9.0,16766,Underway,2026-07-05 21:11:43.203853,20.18
TEL-14052,MV Fleet_15,Bulk Carrier,21.41,1.0,27711,Moored,2026-07-05 21:26:43.203853,9.76
TEL-14053,MV Fleet_03,Tanker,16.4,1.0,18292,Underway,2026-07-05 21:41:43.203853,4.51
TEL-14054,MV Fleet_11,Bulk Carrier,11.33,1.0,25687,Underway,2026-07-05 21:56:43.203853,6.04
TEL-14055,MV Fleet_14,Tanker,16.4,7.0,30899,Underway,2026-07-05 22:11:43.203853,15.48
TEL-14056,MV Fleet_08,LNG Carrier,16.88,5.0,12408,Underway,2026-07-05 22:26:43.203853,11.55
TEL-14057,MV Fleet_18,Tanker,19.88,6.0,15694,Underway,2026-07-05 22:41:43.203853,14.32
TEL-14058,MV Fleet_19,Tanker,11.52,8.0,45910,Underway,2026-07-05 22:56:43.203853,13.65
TEL-14059,MV Fleet_16,Container,13.89,2.0,39533,Underway,2026-07-05 23:11:43.203853,6.39
TEL-14060,MV Fleet_02,Bulk Carrier,13.82,2.0,20237,Underway,2026-07-05 23:26:43.203853,4.87
TEL-14061,MV Fleet_08,LNG Carrier,23.35,3.0,10778,Underway,2026-07-05 23:41:43.203853,11.75
TEL-14062,MV Fleet_06,Container,15.1,3.0,40059,Underway,2026-07-05 23:56:43.203853,5.95
TEL-14063,MV Fleet_12,Bulk Carrier,20.08,3.0,31561,Underway,2026-07-06 00:11:43.203853,9.84
TEL-14064,MV Fleet_15,LNG Carrier,20.01,4.0,9866,Anchored,2026-07-06 00:26:43.203853,14.57
TEL-14065,MV Fleet_08,LNG Carrier,12.25,3.0,13429,Underway,2026-07-06 00:41:43.203853,9.13
TEL-14066,MV Fleet_04,LNG Carrier,17.15,,48352,Anchored,2026-07-06 00:56:43.203853,8.42
TEL-14067,MV Fleet_15,Bulk Carrier,22.31,9.0,49515,Anchored,2026-07-06 01:11:43.203853,24.5
TEL-14068,MV Fleet_20,LNG Carrier,15.6,6.0,27837,Underway,2026-07-06 01:26:43.203853,15.09
TEL-14069,MV Fleet_17,LNG Carrier,23.12,3.0,39075,Underway,2026-07-06 01:41:43.203853,13.49
TEL-14070,MV Fleet_13,Container,11.43,9.0,39853,Underway,2026-07-06 01:56:43.203853,16.83
TEL-14071,MV Fleet_18,Tanker,9.19,4.0,31395,Underway,2026-07-06 02:11:43.203853,7.87
TEL-14072,MV Fleet_02,Bulk Carrier,22.26,4.0,21415,Underway,2026-07-06 02:26:43.203853,11.92
TEL-14073,MV Fleet_13,Tanker,21.56,8.0,36986,Underway,2026-07-06 02:41:43.203853,19.0
TEL-14074,MV Fleet_13,Container,23.88,7.0,29104,Underway,2026-07-06 02:56:43.203853,15.41
TEL-14075,MV Fleet_15,Tanker,18.87,7.0,5291,Underway,2026-07-06 03:11:43.203853,14.76
TEL-14076,MV Fleet_20,LNG Carrier,22.99,7.0,8686,Anchored,2026-07-06 03:26:43.203853,20.84
TEL-14077,MV Fleet_10,LNG Carrier,21.23,5.0,6642,Underway,2026-07-06 03:41:43.203853,14.83
TEL-14078,MV Fleet_03,Bulk Carrier,21.51,7.0,36477,Moored,2026-07-06 03:56:43.203853,16.27
TEL-14079,MV Fleet_19,Bulk Carrier,17.11,4.0,29150,Underway,2026-07-06 04:11:43.203853,11.79
TEL-14080,MV Fleet_03,Bulk Carrier,14.12,8.0,13769,Underway,2026-07-06 04:26:43.203853,16.51
TEL-14081,MV Fleet_14,Container,22.95,9.0,34833,Underway,2026-07-06 04:41:43.203853,24.04
TEL-14082,MV Fleet_08,Bulk Carrier,14.91,3.0,8909,Underway,2026-07-06 04:56:43.203853,11.12
TEL-14083,MV Fleet_04,Container,16.62,7.0,37078,Moored,2026-07-06 05:11:43.203853,16.43
TEL-14084,MV Fleet_20,LNG Carrier,15.14,9.0,17268,Underway,2026-07-06 05:26:43.203853,15.29
TEL-14085,MV Fleet_11,Tanker,17.04,1.0,15844,Underway,2026-07-06 05:41:43.203853,9.88
TEL-14086,MV Fleet_11,LNG Carrier,15.53,2.0,13638,Underway,2026-07-06 05:56:43.203853,9.27
TEL-14087,MV Fleet_11,LNG Carrier,8.77,7.0,42141,Underway,2026-07-06 06:11:43.203853,13.38
TEL-14088,MV Fleet_02,LNG Carrier,22.11,2.0,16233,Moored,2026-07-06 06:26:43.203853,10.7
TEL-14089,MV Fleet_17,Bulk Carrier,15.11,7.0,35496,Underway,2026-07-06 06:41:43.203853,12.22
TEL-14090,MV Fleet_09,Bulk Carrier,17.42,1.0,22806,Underway,2026-07-06 06:56:43.203853,5.81
TEL-14091,MV Fleet_02,Bulk Carrier,10.23,3.0,45326,Underway,2026-07-06 07:11:43.203853,6.51
TEL-14092,MV Fleet_15,Tanker,8.05,5.0,18271,Underway,2026-07-06 07:26:43.203853,8.29
TEL-14093,MV Fleet_16,Bulk Carrier,11.92,6.0,44513,Underway,2026-07-06 07:41:43.203853,13.34
TEL-14094,MV Fleet_04,Container,19.27,9.0,24465,Moored,2026-07-06 07:56:43.203853,19.5
TEL-14095,MV Fleet_08,LNG Carrier,9.59,9.0,44502,Underway,2026-07-06 08:11:43.203853,14.2
TEL-14096,MV Fleet_09,Tanker,22.54,3.0,18860,Moored,2026-07-06 08:26:43.203853,13.23
TEL-14097,MV Fleet_05,Tanker,11.44,8.0,13250,Moored,2026-07-06 08:41:43.203853,13.28
TEL-14098,MV Fleet_16,Tanker,11.27,4.0,46418,Underway,2026-07-06 08:56:43.203853,6.01
TEL-14099,MV Fleet_13,Tanker,10.9,7.0,26310,Underway,2026-07-06 09:11:43.203853,13.59
TEL-14100,MV Fleet_07,Tanker,8.22,6.0,32982,Underway,2026-07-06 09:26:43.203853,10.33
TEL-14101,MV Fleet_20,Container,20.35,8.0,37206,Underway,2026-07-06 09:41:43.203853,18.94
TEL-14102,MV Fleet_17,LNG Carrier,22.0,6.0,14764,Underway,2026-07-06 09:56:43.203853,18.72
TEL-14103,MV Fleet_03,Tanker,17.83,4.0,48661,Underway,2026-07-06 10:11:43.203853,11.73
TEL-14104,MV Fleet_05,LNG Carrier,11.01,2.0,17842,Underway,2026-07-06 10:26:43.203853,6.21
TEL-14105,MV Fleet_19,Bulk Carrier,12.56,7.0,42491,Underway,2026-07-06 10:41:43.203853,13.48
TEL-14106,MV Fleet_12,Tanker,15.61,4.0,49372,Underway,2026-07-06 10:56:43.203853,11.49
TEL-14107,MV Fleet_07,Tanker,23.27,9.0,29043,Underway,2026-07-06 11:11:43.203853,18.73
TEL-14108,MV Fleet_09,LNG Carrier,11.96,9.0,42971,Underway,2026-07-06 11:26:43.203853,15.06
TEL-14109,MV Fleet_06,Tanker,19.71,7.0,7976,Underway,2026-07-06 11:41:43.203853,16.27
TEL-14110,MV Fleet_17,Tanker,15.03,5.0,12426,Underway,2026-07-06 11:56:43.203853,10.79
TEL-14111,MV Fleet_16,Tanker,12.77,3.0,27887,Anchored,2026-07-06 12:11:43.203853,6.35
TEL-14112,MV Fleet_03,Container,15.29,3.0,31710,Underway,2026-07-06 12:26:43.203853,8.5
TEL-14113,MV Fleet_04,Container,9.14,9.0,46387,Anchored,2026-07-06 12:41:43.203853,15.02
TEL-14114,MV Fleet_10,Tanker,20.78,9.0,11486,Underway,2026-07-06 12:56:43.203853,20.33
TEL-14115,MV Fleet_05,Container,11.89,4.0,44258,Underway,2026-07-06 13:11:43.203853,8.99
TEL-14116,MV Fleet_10,Bulk Carrier,19.61,1.0,27623,Underway,2026-07-06 13:26:43.203853,8.55
TEL-14117,MV Fleet_12,Tanker,9.09,5.0,28806,Underway,2026-07-06 13:41:43.203853,8.04
TEL-14118,MV Fleet_10,Bulk Carrier,23.28,8.0,10973,Underway,2026-07-06 13:56:43.203853,19.65
TEL-14119,MV Fleet_13,LNG Carrier,11.09,4.0,34157,Anchored,2026-07-06 14:11:43.203853,9.77
TEL-14120,MV Fleet_11,Bulk Carrier,22.12,4.0,10521,Moored,2026-07-06 14:26:43.203853,12.32
TEL-14121,MV Fleet_16,LNG Carrier,20.95,,17891,Moored,2026-07-06 14:41:43.203853,19.34
TEL-14122,MV Fleet_08,Tanker,23.49,9.0,21795,Underway,2026-07-06 14:56:43.203853,20.9
TEL-14123,MV Fleet_08,LNG Carrier,15.65,7.0,27474,Underway,2026-07-06 15:11:43.203853,14.49
TEL-14124,MV Fleet_08,LNG Carrier,19.64,8.0,31507,Underway,2026-07-06 15:26:43.203853,19.81
TEL-14125,MV Fleet_13,Bulk Carrier,13.93,4.0,15687,Underway,2026-07-06 15:41:43.203853,10.31
TEL-14126,MV Fleet_02,Bulk Carrier,10.95,8.0,38014,Anchored,2026-07-06 15:56:43.203853,13.03
TEL-14127,MV Fleet_12,Bulk Carrier,15.09,6.0,16009,Underway,2026-07-06 16:11:43.203853,15.75
TEL-14128,MV Fleet_10,Tanker,10.65,3.0,28226,Moored,2026-07-06 16:26:43.203853,5.69
TEL-14129,MV Fleet_12,Tanker,23.71,7.0,27948,Underway,2026-07-06 16:41:43.203853,16.77
TEL-14130,MV Fleet_11,Bulk Carrier,9.54,3.0,39939,Underway,2026-07-06 16:56:43.203853,9.09
TEL-14131,MV Fleet_15,Tanker,17.43,7.0,49291,Moored,2026-07-06 17:11:43.203853,14.4
TEL-14132,MV Fleet_16,Tanker,18.02,5.0,45225,Moored,2026-07-06 17:26:43.203853,12.79
TEL-14133,MV Fleet_17,LNG Carrier,16.61,4.0,27102,Underway,2026-07-06 17:41:43.203853,10.55
TEL-14134,MV Fleet_02,LNG Carrier,18.59,3.0,39828,Underway,2026-07-06 17:56:43.203853,11.12
TEL-14135,MV Fleet_18,Bulk Carrier,9.86,8.0,41102,Underway,2026-07-06 18:11:43.203853,11.2
TEL-14136,MV Fleet_12,Tanker,16.88,4.0,38712,Underway,2026-07-06 18:26:43.203853,10.43
TEL-14137,MV Fleet_19,LNG Carrier,12.6,8.0,31823,Underway,2026-07-06 18:41:43.203853,14.42
TEL-14138,MV Fleet_18,Container,23.04,3.0,10361,Underway,2026-07-06 18:56:43.203853,14.91
TEL-14139,MV Fleet_17,Tanker,20.19,9.0,30838,Underway,2026-07-06 19:11:43.203853,19.3
TEL-14140,MV Fleet_06,Container,23.56,6.0,19638,Underway,2026-07-06 19:26:43.203853,17.12
TEL-14141,MV Fleet_15,Bulk Carrier,8.6,5.0,43052,Underway,2026-07-06 19:41:43.203853,10.19
TEL-14142,MV Fleet_03,Tanker,12.56,5.0,28265,Underway,2026-07-06 19:56:43.203853,11.22
TEL-14143,MV Fleet_06,Bulk Carrier,11.13,3.0,29751,Moored,2026-07-06 20:11:43.203853,5.82
TEL-14144,MV Fleet_03,Bulk Carrier,8.18,2.0,47012,Underway,2026-07-06 20:26:43.203853,5.07
TEL-14145,MV Fleet_01,Bulk Carrier,11.88,6.0,15916,Anchored,2026-07-06 20:41:43.203853,10.58
TEL-14146,MV Fleet_13,Bulk Carrier,18.86,1.0,14509,Underway,2026-07-06 20:56:43.203853,8.6
TEL-14147,MV Fleet_14,Bulk Carrier,11.7,7.0,36102,Underway,2026-07-06 21:11:43.203853,12.88
TEL-14148,MV Fleet_13,Tanker,16.14,5.0,29324,Moored,2026-07-06 21:26:43.203853,10.14
TEL-14149,MV Fleet_04,Container,22.21,4.0,19003,Underway,2026-07-06 21:41:43.203853,10.57
TEL-14150,MV Fleet_07,Tanker,19.1,9.0,32943,Underway,2026-07-06 21:56:43.203853,18.96
TEL-14151,MV Fleet_10,Tanker,14.31,1.0,47634,Underway,2026-07-06 22:11:43.203853,4.01
TEL-14152,MV Fleet_07,Tanker,13.96,4.0,38101,Underway,2026-07-06 22:26:43.203853,9.18
TEL-14153,MV Fleet_15,LNG Carrier,15.29,3.0,34943,Underway,2026-07-06 22:41:43.203853,8.55
TEL-14154,MV Fleet_15,LNG Carrier,10.83,6.0,14456,Underway,2026-07-06 22:56:43.203853,8.43
TEL-14155,MV Fleet_04,Tanker,18.14,5.0,16369,Underway,2026-07-06 23:11:43.203853,11.92
TEL-14156,MV Fleet_06,Container,13.83,7.0,24329,Underway,2026-07-06 23:26:43.203853,13.78
TEL-14157,MV Fleet_20,Tanker,21.64,1.0,18218,Underway,2026-07-06 23:41:43.203853,9.1
TEL-14158,MV Fleet_05,Bulk Carrier,20.1,5.0,26164,Underway,2026-07-06 23:56:43.203853,15.27
TEL-14159,MV Fleet_20,LNG Carrier,17.77,2.0,42424,Underway,2026-07-07 00:11:43.203853,9.78
TEL-14160,MV Fleet_12,LNG Carrier,13.83,2.0,17410,Underway,2026-07-07 00:26:43.203853,6.12
TEL-14161,MV Fleet_01,Tanker,11.36,2.0,34730,Underway,2026-07-07 00:41:43.203853,5.27
TEL-14162,MV Fleet_08,Tanker,20.42,9.0,7665,Underway,2026-07-07 00:56:43.203853,19.53
TEL-14163,MV Fleet_01,Container,15.78,3.0,44899,Anchored,2026-07-07 01:11:43.203853,9.84
TEL-14164,MV Fleet_05,Container,11.6,4.0,42703,Underway,2026-07-07 01:26:43.203853,8.0
TEL-14165,MV Fleet_06,Bulk Carrier,11.12,5.0,5415,Anchored,2026-07-07 01:41:43.203853,8.45
TEL-14166,MV Fleet_03,Tanker,10.65,4.0,38475,Anchored,2026-07-07 01:56:43.203853,5.74
TEL-14167,MV Fleet_15,Tanker,20.43,4.0,29172,Anchored,2026-07-07 02:11:43.203853,11.33
TEL-14168,MV Fleet_05,Tanker,11.66,5.0,7684,Underway,2026-07-07 02:26:43.203853,9.7
TEL-14169,MV Fleet_14,LNG Carrier,16.43,9.0,12494,Underway,2026-07-07 02:41:43.203853,19.63
TEL-14170,MV Fleet_18,Bulk Carrier,15.22,9.0,24750,Anchored,2026-07-07 02:56:43.203853,17.66
TEL-14171,MV Fleet_16,Container,17.27,6.0,24887,Underway,2026-07-07 03:11:43.203853,14.25
TEL-14172,MV Fleet_06,LNG Carrier,22.03,3.0,25826,Underway,2026-07-07 03:26:43.203853,12.18
TEL-14173,MV Fleet_14,LNG Carrier,21.88,6.0,11180,Underway,2026-07-07 03:41:43.203853,18.51
TEL-14174,MV Fleet_08,LNG Carrier,15.22,4.0,7559,Underway,2026-07-07 03:56:43.203853,10.86
TEL-14175,MV Fleet_07,LNG Carrier,8.25,3.0,45905,Underway,2026-07-07 04:11:43.203853,5.92
TEL-14176,MV Fleet_08,Bulk Carrier,14.82,6.0,8971,Underway,2026-07-07 04:26:43.203853,12.01
TEL-14177,MV Fleet_13,Tanker,17.7,6.0,40725,Underway,2026-07-07 04:41:43.203853,12.4
TEL-14178,MV Fleet_06,Container,16.92,2.0,23113,Moored,2026-07-07 04:56:43.203853,10.38
TEL-14179,MV Fleet_18,Container,18.42,9.0,47861,Moored,2026-07-07 05:11:43.203853,20.37
TEL-14180,MV Fleet_02,LNG Carrier,10.47,8.0,17951,Anchored,2026-07-07 05:26:43.203853,13.88
TEL-14181,MV Fleet_08,LNG Carrier,18.34,6.0,30617,Moored,2026-07-07 05:41:43.203853,17.31
TEL-14182,MV Fleet_11,Bulk Carrier,10.92,1.0,37794,Moored,2026-07-07 05:56:43.203853,3.82
TEL-14183,MV Fleet_01,LNG Carrier,20.01,2.0,7583,Anchored,2026-07-07 06:11:43.203853,8.29
TEL-14184,MV Fleet_06,Container,13.43,4.0,30628,Underway,2026-07-07 06:26:43.203853,11.14
TEL-14185,MV Fleet_16,Container,19.36,7.0,31250,Underway,2026-07-07 06:41:43.203853,14.74
TEL-14186,MV Fleet_20,Tanker,8.77,9.0,8055,Underway,2026-07-07 06:56:43.203853,14.5
TEL-14187,MV Fleet_12,Tanker,14.53,5.0,11801,Underway,2026-07-07 07:11:43.203853,9.48
TEL-14188,MV Fleet_11,Container,19.28,2.0,39426,Anchored,2026-07-07 07:26:43.203853,7.92
TEL-14189,MV Fleet_10,Container,11.63,1.0,41719,Underway,2026-07-07 07:41:43.203853,4.39
TEL-14190,MV Fleet_03,Bulk Carrier,20.72,1.0,45067,Underway,2026-07-07 07:56:43.203853,8.92
TEL-14191,MV Fleet_13,Bulk Carrier,18.09,5.0,28840,Underway,2026-07-07 08:11:43.203853,11.34
TEL-14192,MV Fleet_03,Container,17.4,7.0,14933,Underway,2026-07-07 08:26:43.203853,18.35
TEL-14193,MV Fleet_15,LNG Carrier,13.66,9.0,36979,Underway,2026-07-07 08:41:43.203853,13.77
TEL-14194,MV Fleet_16,Tanker,15.72,9.0,9137,Underway,2026-07-07 08:56:43.203853,18.02
TEL-14195,MV Fleet_13,Container,17.56,8.0,16423,Underway,2026-07-07 09:11:43.203853,17.45
TEL-14196,MV Fleet_17,LNG Carrier,15.56,1.0,29315,Underway,2026-07-07 09:26:43.203853,6.15
TEL-14197,MV Fleet_03,Container,19.17,5.0,39482,Underway,2026-07-07 09:41:43.203853,14.88
TEL-14198,MV Fleet_20,Tanker,14.94,6.0,49156,Anchored,2026-07-07 09:56:43.203853,8.39
TEL-14199,MV Fleet_11,Tanker,11.24,6.0,41115,Underway,2026-07-07 10:11:43.203853,10.28
TEL-14200,MV Fleet_19,Bulk Carrier,11.42,4.0,39754,Underway,2026-07-07 10:26:43.203853,8.74
TEL-14201,MV Fleet_11,Bulk Carrier,8.09,1.0,41312,Underway,2026-07-07 10:41:43.203853,5.45
TEL-14202,MV Fleet_16,Bulk Carrier,12.82,3.0,28363,Anchored,2026-07-07 10:56:43.203853,6.69
TEL-14203,MV Fleet_03,Bulk Carrier,19.98,4.0,22085,Underway,2026-07-07 11:11:43.203853,12.21
TEL-14204,MV Fleet_06,Tanker,20.71,4.0,47414,Underway,2026-07-07 11:26:43.203853,14.0
TEL-14205,MV Fleet_14,LNG Carrier,11.24,4.0,41554,Underway,2026-07-07 11:41:43.203853,6.63
TEL-14206,MV Fleet_18,LNG Carrier,23.34,5.0,19415,Anchored,2026-07-07 11:56:43.203853,16.0
TEL-14207,MV Fleet_17,LNG Carrier,16.04,9.0,26398,Underway,2026-07-07 12:11:43.203853,17.82
TEL-14208,MV Fleet_04,Container,22.67,4.0,37691,Underway,2026-07-07 12:26:43.203853,13.15
TEL-14209,MV Fleet_15,Bulk Carrier,19.31,9.0,11659,Underway,2026-07-07 12:41:43.203853,20.39
TEL-14210,MV Fleet_11,Bulk Carrier,19.56,9.0,25644,Underway,2026-07-07 12:56:43.203853,23.01
TEL-14211,MV Fleet_03,Tanker,9.36,1.0,8044,Underway,2026-07-07 13:11:43.203853,3.55
TEL-14212,MV Fleet_03,Tanker,11.52,5.0,8883,Underway,2026-07-07 13:26:43.203853,6.7
TEL-14213,MV Fleet_16,Container,8.14,9.0,36712,Underway,2026-07-07 13:41:43.203853,13.61
TEL-14214,MV Fleet_05,Container,19.46,4.0,24324,Anchored,2026-07-07 13:56:43.203853,14.44
TEL-14215,MV Fleet_10,LNG Carrier,13.51,5.0,26545,Underway,2026-07-07 14:11:43.203853,10.48
TEL-14216,MV Fleet_19,Tanker,20.59,4.0,23204,Underway,2026-07-07 14:26:43.203853,11.08
TEL-14217,MV Fleet_04,Bulk Carrier,13.42,2.0,28268,Underway,2026-07-07 14:41:43.203853,7.44
TEL-14218,MV Fleet_19,LNG Carrier,21.11,2.0,20762,Underway,2026-07-07 14:56:43.203853,9.18
TEL-14219,MV Fleet_11,Bulk Carrier,10.09,2.0,33371,Underway,2026-07-07 15:11:43.203853,5.09
TEL-14220,MV Fleet_02,LNG Carrier,10.77,1.0,23847,Underway,2026-07-07 15:26:43.203853,2.08
TEL-14221,MV Fleet_10,Bulk Carrier,13.45,3.0,41139,Underway,2026-07-07 15:41:43.203853,7.19
TEL-14222,MV Fleet_11,Container,14.54,1.0,46295,Underway,2026-07-07 15:56:43.203853,5.24
TEL-14223,MV Fleet_20,LNG Carrier,13.58,4.0,15116,Underway,2026-07-07 16:11:43.203853,9.22
TEL-14224,MV Fleet_16,Bulk Carrier,20.22,1.0,35125,Moored,2026-07-07 16:26:43.203853,8.7
TEL-14225,MV Fleet_19,Bulk Carrier,9.55,4.0,36404,Underway,2026-07-07 16:41:43.203853,8.16
TEL-14226,MV Fleet_11,Tanker,13.62,3.0,33436,Underway,2026-07-07 16:56:43.203853,6.36
TEL-14227,MV Fleet_14,LNG Carrier,21.4,9.0,7788,Underway,2026-07-07 17:11:43.203853,23.34
TEL-14228,MV Fleet_02,Bulk Carrier,9.07,1.0,37149,Underway,2026-07-07 17:26:43.203853,2.96
TEL-14229,MV Fleet_05,Tanker,23.08,8.0,9125,Underway,2026-07-07 17:41:43.203853,18.28
TEL-14230,MV Fleet_05,Bulk Carrier,23.78,9.0,8606,Underway,2026-07-07 17:56:43.203853,18.91
TEL-14231,MV Fleet_19,LNG Carrier,9.42,7.0,46534,Underway,2026-07-07 18:11:43.203853,12.42
TEL-14232,MV Fleet_12,Container,12.66,1.0,37988,Underway,2026-07-07 18:26:43.203853,3.1
TEL-14233,MV Fleet_18,LNG Carrier,13.96,4.0,26306,Underway,2026-07-07 18:41:43.203853,10.39
TEL-14234,MV Fleet_04,LNG Carrier,20.42,1.0,47973,Underway,2026-07-07 18:56:43.203853,8.32
TEL-14235,MV Fleet_17,Bulk Carrier,17.53,4.0,15833,Underway,2026-07-07 19:11:43.203853,17.11
TEL-14236,MV Fleet_10,Bulk Carrier,18.31,3.0,26997,Underway,2026-07-07 19:26:43.203853,8.21
TEL-14237,MV Fleet_20,LNG Carrier,20.12,2.0,38521,Underway,2026-07-07 19:41:43.203853,11.17
TEL-14238,MV Fleet_06,Tanker,9.89,1.0,34948,Underway,2026-07-07 19:56:43.203853,1.83
TEL-14239,MV Fleet_14,Tanker,21.33,6.0,12488,Underway,2026-07-07 20:11:43.203853,17.51
TEL-14240,MV Fleet_11,Tanker,19.29,7.0,44974,Underway,2026-07-07 20:26:43.203853,18.76
TEL-14241,MV Fleet_11,Bulk Carrier,17.24,6.0,47448,Underway,2026-07-07 20:41:43.203853,13.54
TEL-14242,MV Fleet_18,Bulk Carrier,22.24,9.0,12938,Underway,2026-07-07 20:56:43.203853,20.21
TEL-14243,MV Fleet_18,LNG Carrier,19.2,9.0,43726,Anchored,2026-07-07 21:11:43.203853,19.34
TEL-14244,MV Fleet_11,Container,11.23,2.0,20770,Anchored,2026-07-07 21:26:43.203853,4.33
TEL-14245,MV Fleet_12,Bulk Carrier,14.88,2.0,11635,Underway,2026-07-07 21:41:43.203853,9.36
TEL-14246,MV Fleet_05,LNG Carrier,15.9,9.0,13629,Underway,2026-07-07 21:56:43.203853,17.61
TEL-14247,MV Fleet_09,LNG Carrier,8.88,1.0,36668,Anchored,2026-07-07 22:11:43.203853,3.8
TEL-14248,MV Fleet_09,Container,23.27,5.0,26487,Underway,2026-07-07 22:26:43.203853,16.63
TEL-14249,MV Fleet_10,Tanker,10.06,1.0,17869,Underway,2026-07-07 22:41:43.203853,4.86
TEL-14250,MV Fleet_19,LNG Carrier,19.16,7.0,14219,Anchored,2026-07-07 22:56:43.203853,15.88
TEL-14251,MV Fleet_01,LNG Carrier,16.1,9.0,45797,Underway,2026-07-07 23:11:43.203853,19.16
TEL-14252,MV Fleet_07,LNG Carrier,8.41,6.0,21673,Underway,2026-07-07 23:26:43.203853,12.45
TEL-14253,MV Fleet_04,Tanker,22.8,2.0,21763,Underway,2026-07-07 23:41:43.203853,10.91
TEL-14254,MV Fleet_01,Tanker,21.63,6.0,49933,Underway,2026-07-07 23:56:43.203853,14.44
TEL-14255,MV Fleet_15,Container,16.39,9.0,16043,Underway,2026-07-08 00:11:43.203853,20.2
TEL-14256,MV Fleet_08,Bulk Carrier,11.66,3.0,14570,Underway,2026-07-08 00:26:43.203853,7.36
TEL-14257,MV Fleet_12,Tanker,9.95,9.0,11886,Underway,2026-07-08 00:41:43.203853,15.49
TEL-14258,MV Fleet_18,Bulk Carrier,13.81,8.0,6958,Underway,2026-07-08 00:56:43.203853,16.49
TEL-14259,MV Fleet_15,Bulk Carrier,12.09,7.0,48087,Underway,2026-07-08 01:11:43.203853,15.41
TEL-14260,MV Fleet_17,Tanker,16.11,8.0,29641,Underway,2026-07-08 01:26:43.203853,16.18
TEL-14261,MV Fleet_14,LNG Carrier,23.46,6.0,7183,Underway,2026-07-08 01:41:43.203853,19.43
TEL-14262,MV Fleet_14,Container,17.2,3.0,34070,Underway,2026-07-08 01:56:43.203853,9.65
TEL-14263,MV Fleet_18,Bulk Carrier,22.24,7.0,8774,Underway,2026-07-08 02:11:43.203853,19.24
TEL-14264,MV Fleet_20,LNG Carrier,18.41,4.0,34018,Underway,2026-07-08 02:26:43.203853,10.75
TEL-14265,MV Fleet_18,Tanker,15.6,5.0,25303,Underway,2026-07-08 02:41:43.203853,11.39
TEL-14266,MV Fleet_16,Bulk Carrier,21.67,8.0,19272,Underway,2026-07-08 02:56:43.203853,21.09
TEL-14267,MV Fleet_01,Bulk Carrier,15.54,7.0,27586,Underway,2026-07-08 03:11:43.203853,11.8
TEL-14268,MV Fleet_11,Bulk Carrier,21.9,7.0,38545,Underway,2026-07-08 03:26:43.203853,19.15
TEL-14269,MV Fleet_15,LNG Carrier,12.67,8.0,7566,Underway,2026-07-08 03:41:43.203853,15.57
TEL-14270,MV Fleet_12,LNG Carrier,10.06,3.0,47863,Underway,2026-07-08 03:56:43.203853,9.02
TEL-14271,MV Fleet_08,LNG Carrier,21.69,3.0,15953,Underway,2026-07-08 04:11:43.203853,13.49
TEL-14272,MV Fleet_20,Bulk Carrier,17.4,2.0,36696,Underway,2026-07-08 04:26:43.203853,8.41
TEL-14273,MV Fleet_06,Bulk Carrier,22.23,1.0,12404,Underway,2026-07-08 04:41:43.203853,7.39
TEL-14274,MV Fleet_03,Container,23.01,6.0,37846,Anchored,2026-07-08 04:56:43.203853,16.4
TEL-14275,MV Fleet_13,Container,8.86,6.0,6581,Underway,2026-07-08 05:11:43.203853,10.29
TEL-14276,MV Fleet_13,LNG Carrier,16.02,8.0,19066,Moored,2026-07-08 05:26:43.203853,18.7
TEL-14277,MV Fleet_02,LNG Carrier,14.0,6.0,45735,Moored,2026-07-08 05:41:43.203853,13.75
TEL-14278,MV Fleet_05,Tanker,18.01,6.0,12839,Underway,2026-07-08 05:56:43.203853,13.26
TEL-14279,MV Fleet_17,LNG Carrier,20.7,1.0,39930,Anchored,2026-07-08 06:11:43.203853,9.01
TEL-14280,MV Fleet_06,Container,12.49,7.0,27129,Anchored,2026-07-08 06:26:43.203853,12.74
TEL-14281,MV Fleet_02,Container,16.91,7.0,35845,Moored,2026-07-08 06:41:43.203853,14.43
TEL-14282,MV Fleet_04,Container,19.34,9.0,18913,Underway,2026-07-08 06:56:43.203853,20.6
TEL-14283,MV Fleet_11,Bulk Carrier,10.15,7.0,5964,Underway,2026-07-08 07:11:43.203853,12.34
TEL-14284,MV Fleet_08,Bulk Carrier,21.03,8.0,15739,Underway,2026-07-08 07:26:43.203853,17.35
TEL-14285,MV Fleet_12,LNG Carrier,17.7,4.0,7673,Underway,2026-07-08 07:41:43.203853,12.53
TEL-14286,MV Fleet_08,Tanker,23.19,9.0,43061,Underway,2026-07-08 07:56:43.203853,22.1
TEL-14287,MV Fleet_11,Tanker,13.43,1.0,36171,Underway,2026-07-08 08:11:43.203853,4.26
TEL-14288,MV Fleet_20,Tanker,9.73,8.0,28643,Moored,2026-07-08 08:26:43.203853,16.15
TEL-14289,MV Fleet_08,Bulk Carrier,16.1,3.0,39486,Underway,2026-07-08 08:41:43.203853,10.6
TEL-14290,MV Fleet_08,Container,9.37,1.0,15624,Underway,2026-07-08 08:56:43.203853,3.48
TEL-14291,MV Fleet_17,Container,23.51,2.0,6228,Underway,2026-07-08 09:11:43.203853,9.01
TEL-14292,MV Fleet_20,Bulk Carrier,8.62,6.0,48370,Underway,2026-07-08 09:26:43.203853,12.22
TEL-14293,MV Fleet_20,Tanker,20.06,5.0,39608,Underway,2026-07-08 09:41:43.203853,13.32
TEL-14294,MV Fleet_16,Tanker,16.4,3.0,21920,Underway,2026-07-08 09:56:43.203853,8.91
TEL-14295,MV Fleet_14,LNG Carrier,13.9,9.0,24689,Moored,2026-07-08 10:11:43.203853,16.55
TEL-14296,MV Fleet_11,LNG Carrier,9.05,8.0,12124,Underway,2026-07-08 10:26:43.203853,11.75
TEL-14297,MV Fleet_07,Tanker,17.95,3.0,47124,Underway,2026-07-08 10:41:43.203853,10.6
TEL-14298,MV Fleet_16,Bulk Carrier,17.36,2.0,36339,Underway,2026-07-08 10:56:43.203853,6.86
TEL-14299,MV Fleet_13,Tanker,12.49,8.0,12587,Underway,2026-07-08 11:11:43.203853,15.53
TEL-14300,MV Fleet_15,LNG Carrier,22.56,5.0,8527,Underway,2026-07-08 11:26:43.203853,14.09
TEL-14301,MV Fleet_16,Tanker,12.87,9.0,38067,Underway,2026-07-08 11:41:43.203853,15.9
TEL-14302,MV Fleet_09,Bulk Carrier,15.2,1.0,8963,Underway,2026-07-08 11:56:43.203853,6.13
TEL-14303,MV Fleet_03,Container,16.7,3.0,42455,Underway,2026-07-08 12:11:43.203853,9.48
TEL-14304,MV Fleet_19,Bulk Carrier,9.6,5.0,41939,Underway,2026-07-08 12:26:43.203853,10.3
TEL-14305,MV Fleet_20,Bulk Carrier,22.91,2.0,25243,Anchored,2026-07-08 12:41:43.203853,12.25
TEL-14306,MV Fleet_05,LNG Carrier,13.99,3.0,37693,Underway,2026-07-08 12:56:43.203853,10.05
TEL-14307,MV Fleet_10,Bulk Carrier,9.29,4.0,8695,Underway,2026-07-08 13:11:43.203853,7.77
TEL-14308,MV Fleet_17,Bulk Carrier,14.2,4.0,14112,Underway,2026-07-08 13:26:43.203853,11.45
TEL-14309,MV Fleet_15,LNG Carrier,17.6,9.0,37059,Underway,2026-07-08 13:41:43.203853,18.26
TEL-14310,MV Fleet_08,LNG Carrier,16.22,1.0,12242,Anchored,2026-07-08 13:56:43.203853,7.23
TEL-14311,MV Fleet_15,Container,19.11,9.0,14941,Anchored,2026-07-08 14:11:43.203853,21.21
TEL-14312,MV Fleet_14,Tanker,8.89,9.0,25001,Underway,2026-07-08 14:26:43.203853,16.82
TEL-14313,MV Fleet_20,Bulk Carrier,12.55,6.0,7700,Underway,2026-07-08 14:41:43.203853,9.76
TEL-14314,MV Fleet_07,LNG Carrier,21.11,1.0,23085,Underway,2026-07-08 14:56:43.203853,3.92
TEL-14315,MV Fleet_12,Container,9.28,,18339,Anchored,2026-07-08 15:11:43.203853,11.6
TEL-14316,MV Fleet_17,Tanker,21.69,8.0,20834,Underway,2026-07-08 15:26:43.203853,19.48
TEL-14317,MV Fleet_17,LNG Carrier,9.47,5.0,16084,Underway,2026-07-08 15:41:43.203853,9.75
TEL-14318,MV Fleet_10,Tanker,21.35,5.0,34543,Underway,2026-07-08 15:56:43.203853,14.92
TEL-14319,MV Fleet_19,Tanker,13.77,1.0,40930,Underway,2026-07-08 16:11:43.203853,4.44
TEL-14320,MV Fleet_14,Bulk Carrier,17.8,1.0,46074,Underway,2026-07-08 16:26:43.203853,7.7
TEL-14321,MV Fleet_11,Bulk Carrier,10.45,8.0,36902,Underway,2026-07-08 16:41:43.203853,14.67
TEL-14322,MV Fleet_02,LNG Carrier,9.06,5.0,34044,Underway,2026-07-08 16:56:43.203853,9.04
TEL-14323,MV Fleet_18,Tanker,11.46,8.0,18137,Underway,2026-07-08 17:11:43.203853,14.57
TEL-14324,MV Fleet_07,LNG Carrier,10.05,2.0,39905,Underway,2026-07-08 17:26:43.203853,5.95
TEL-14325,MV Fleet_12,LNG Carrier,13.0,4.0,10948,Underway,2026-07-08 17:41:43.203853,8.24
TEL-14326,MV Fleet_02,Tanker,16.23,9.0,37567,Anchored,2026-07-08 17:56:43.203853,16.4
TEL-14327,MV Fleet_20,LNG Carrier,17.42,3.0,36189,Underway,2026-07-08 18:11:43.203853,7.96
TEL-14328,MV Fleet_18,Tanker,20.64,6.0,36871,Underway,2026-07-08 18:26:43.203853,15.11
TEL-14329,MV Fleet_06,Tanker,18.5,7.0,23189,Underway,2026-07-08 18:41:43.203853,18.43
TEL-14330,MV Fleet_10,Tanker,17.74,3.0,27797,Underway,2026-07-08 18:56:43.203853,10.01
TEL-14331,MV Fleet_20,Tanker,14.59,1.0,8569,Underway,2026-07-08 19:11:43.203853,4.29
TEL-14332,MV Fleet_15,Container,15.58,2.0,31012,Underway,2026-07-08 19:26:43.203853,7.56
TEL-14333,MV Fleet_05,Tanker,14.63,7.0,17977,Anchored,2026-07-08 19:41:43.203853,12.76
TEL-14334,MV Fleet_20,Bulk Carrier,21.47,7.0,37049,Moored,2026-07-08 19:56:43.203853,17.57
TEL-14335,MV Fleet_03,Bulk Carrier,11.68,1.0,26694,Underway,2026-07-08 20:11:43.203853,3.49
TEL-14336,MV Fleet_05,Bulk Carrier,8.09,7.0,49388,Underway,2026-07-08 20:26:43.203853,9.91
TEL-14337,MV Fleet_08,Tanker,18.42,6.0,38224,Underway,2026-07-08 20:41:43.203853,16.3
TEL-14338,MV Fleet_08,Bulk Carrier,11.24,6.0,21832,Underway,2026-07-08 20:56:43.203853,10.88
TEL-14339,MV Fleet_08,Container,22.24,7.0,37835,Underway,2026-07-08 21:11:43.203853,18.24
TEL-14340,MV Fleet_12,LNG Carrier,21.74,7.0,6862,Underway,2026-07-08 21:26:43.203853,19.05
TEL-14341,MV Fleet_08,Tanker,9.23,1.0,23186,Anchored,2026-07-08 21:41:43.203853,3.78
TEL-14342,MV Fleet_11,Bulk Carrier,9.7,5.0,34545,Underway,2026-07-08 21:56:43.203853,9.52
TEL-14343,MV Fleet_14,Container,15.92,8.0,49391,Underway,2026-07-08 22:11:43.203853,16.06
TEL-14344,MV Fleet_08,LNG Carrier,17.75,8.0,45322,Moored,2026-07-08 22:26:43.203853,18.41
TEL-14345,MV Fleet_10,Container,12.4,3.0,13319,Underway,2026-07-08 22:41:43.203853,7.38
TEL-14346,MV Fleet_07,Bulk Carrier,19.47,3.0,43663,Underway,2026-07-08 22:56:43.203853,10.94
TEL-14347,MV Fleet_17,Container,17.52,7.0,33401,Underway,2026-07-08 23:11:43.203853,17.37
TEL-14348,MV Fleet_04,LNG Carrier,13.2,4.0,37228,Anchored,2026-07-08 23:26:43.203853,10.97
TEL-14349,MV Fleet_13,Bulk Carrier,8.41,6.0,17202,Underway,2026-07-08 23:41:43.203853,10.9
TEL-14350,MV Fleet_04,LNG Carrier,20.0,9.0,43283,Underway,2026-07-08 23:56:43.203853,20.17
TEL-14351,MV Fleet_05,Container,11.44,2.0,25122,Underway,2026-07-09 00:11:43.203853,6.5
TEL-14352,MV Fleet_04,Tanker,21.35,2.0,38135,Anchored,2026-07-09 00:26:43.203853,9.9
TEL-14353,MV Fleet_18,Tanker,14.72,6.0,27585,Underway,2026-07-09 00:41:43.203853,12.49
TEL-14354,MV Fleet_06,Tanker,17.23,3.0,19897,Underway,2026-07-09 00:56:43.203853,9.46
TEL-14355,MV Fleet_02,Tanker,21.97,1.0,26291,Anchored,2026-07-09 01:11:43.203853,7.61
TEL-14356,MV Fleet_11,LNG Carrier,21.82,2.0,37826,Moored,2026-07-09 01:26:43.203853,14.1
TEL-14357,MV Fleet_14,Tanker,13.94,7.0,13294,Anchored,2026-07-09 01:41:43.203853,13.43
TEL-14358,MV Fleet_05,LNG Carrier,11.34,4.0,9507,Underway,2026-07-09 01:56:43.203853,9.18
TEL-14359,MV Fleet_06,Bulk Carrier,20.4,2.0,33854,Underway,2026-07-09 02:11:43.203853,9.71
TEL-14360,MV Fleet_10,Tanker,14.93,8.0,20475,Underway,2026-07-09 02:26:43.203853,16.99
TEL-14361,MV Fleet_08,LNG Carrier,11.07,4.0,49905,Underway,2026-07-09 02:41:43.203853,7.81
TEL-14362,MV Fleet_14,Tanker,22.47,4.0,19334,Moored,2026-07-09 02:56:43.203853,14.26
TEL-14363,MV Fleet_03,Tanker,11.17,2.0,23830,Anchored,2026-07-09 03:11:43.203853,4.14
TEL-14364,MV Fleet_12,Tanker,8.41,1.0,32278,Underway,2026-07-09 03:26:43.203853,4.81
TEL-14365,MV Fleet_16,LNG Carrier,8.32,1.0,23749,Underway,2026-07-09 03:41:43.203853,3.96
TEL-14366,MV Fleet_17,Container,17.96,3.0,35511,Underway,2026-07-09 03:56:43.203853,7.8
TEL-14367,MV Fleet_01,Tanker,18.59,6.0,42469,Underway,2026-07-09 04:11:43.203853,14.77
TEL-14368,MV Fleet_10,Tanker,12.98,7.0,45185,Underway,2026-07-09 04:26:43.203853,11.54
TEL-14369,MV Fleet_10,Bulk Carrier,13.12,9.0,30072,Underway,2026-07-09 04:41:43.203853,15.48
TEL-14370,MV Fleet_02,Container,13.43,5.0,47326,Underway,2026-07-09 04:56:43.203853,12.19
TEL-14371,MV Fleet_09,LNG Carrier,18.88,9.0,36146,Anchored,2026-07-09 05:11:43.203853,15.68
TEL-14372,MV Fleet_13,Bulk Carrier,8.93,8.0,16057,Underway,2026-07-09 05:26:43.203853,15.22
TEL-14373,MV Fleet_16,Tanker,22.87,1.0,31427,Underway,2026-07-09 05:41:43.203853,10.25
TEL-14374,MV Fleet_18,Bulk Carrier,11.56,3.0,46982,Anchored,2026-07-09 05:56:43.203853,6.94
TEL-14375,MV Fleet_19,Bulk Carrier,23.99,8.0,49090,Underway,2026-07-09 06:11:43.203853,22.19
TEL-14376,MV Fleet_12,Tanker,10.74,9.0,16036,Underway,2026-07-09 06:26:43.203853,19.82
TEL-14377,MV Fleet_08,Container,20.34,4.0,19060,Underway,2026-07-09 06:41:43.203853,10.71
TEL-14378,MV Fleet_17,Container,11.57,6.0,18607,Anchored,2026-07-09 06:56:43.203853,14.11
TEL-14379,MV Fleet_15,Bulk Carrier,9.29,4.0,40102,Underway,2026-07-09 07:11:43.203853,9.22
TEL-14380,MV Fleet_10,Tanker,22.0,9.0,29074,Anchored,2026-07-09 07:26:43.203853,20.1
TEL-14381,MV Fleet_15,LNG Carrier,21.74,2.0,24773,Underway,2026-07-09 07:41:43.203853,11.29
TEL-14382,MV Fleet_15,Bulk Carrier,14.46,6.0,37970,Anchored,2026-07-09 07:56:43.203853,11.08
TEL-14383,MV Fleet_07,LNG Carrier,19.24,3.0,37998,Underway,2026-07-09 08:11:43.203853,9.86
TEL-14384,MV Fleet_13,Bulk Carrier,16.91,4.0,33210,Underway,2026-07-09 08:26:43.203853,7.74
TEL-14385,MV Fleet_17,Bulk Carrier,21.65,2.0,49088,Moored,2026-07-09 08:41:43.203853,8.43
TEL-14386,MV Fleet_09,Tanker,13.04,8.0,16683,Underway,2026-07-09 08:56:43.203853,15.72
TEL-14387,MV Fleet_08,Tanker,16.38,8.0,7962,Moored,2026-07-09 09:11:43.203853,17.34
TEL-14388,MV Fleet_20,LNG Carrier,15.77,1.0,40095,Anchored,2026-07-09 09:26:43.203853,6.54
TEL-14389,MV Fleet_18,LNG Carrier,13.66,6.0,35000,Underway,2026-07-09 09:41:43.203853,13.36
TEL-14390,MV Fleet_13,Container,22.26,1.0,34137,Underway,2026-07-09 09:56:43.203853,9.49
TEL-14391,MV Fleet_16,Tanker,10.65,6.0,40552,Underway,2026-07-09 10:11:43.203853,12.25
TEL-14392,MV Fleet_09,Bulk Carrier,10.39,7.0,38571,Underway,2026-07-09 10:26:43.203853,14.25
TEL-14393,MV Fleet_12,Bulk Carrier,17.23,2.0,48861,Underway,2026-07-09 10:41:43.203853,8.42
TEL-14394,MV Fleet_12,Container,18.52,9.0,44164,Anchored,2026-07-09 10:56:43.203853,18.56
TEL-14395,MV Fleet_06,Tanker,11.11,8.0,21559,Underway,2026-07-09 11:11:43.203853,14.18
TEL-14396,MV Fleet_19,Bulk Carrier,14.25,9.0,47404,Underway,2026-07-09 11:26:43.203853,15.91
TEL-14397,MV Fleet_07,Container,23.15,4.0,49963,Underway,2026-07-09 11:41:43.203853,15.63
TEL-14398,MV Fleet_03,Container,11.95,4.0,10691,Underway,2026-07-09 11:56:43.203853,6.31
TEL-14399,MV Fleet_16,Bulk Carrier,18.69,8.0,8532,Anchored,2026-07-09 12:11:43.203853,17.57
TEL-14400,MV Fleet_18,Bulk Carrier,19.84,1.0,25733,Underway,2026-07-09 12:26:43.203853,8.78
TEL-14401,MV Fleet_16,LNG Carrier,15.17,8.0,22927,Underway,2026-07-09 12:41:43.203853,14.54
TEL-14402,MV Fleet_07,Tanker,23.0,7.0,48114,Underway,2026-07-09 12:56:43.203853,16.66
TEL-14403,MV Fleet_04,LNG Carrier,19.79,7.0,18482,Underway,2026-07-09 13:11:43.203853,13.48
TEL-14404,MV Fleet_08,Container,15.33,9.0,31681,Underway,2026-07-09 13:26:43.203853,17.22
TEL-14405,MV Fleet_13,Bulk Carrier,17.11,7.0,10456,Underway,2026-07-09 13:41:43.203853,13.78
TEL-14406,MV Fleet_13,LNG Carrier,19.08,2.0,8413,Underway,2026-07-09 13:56:43.203853,10.33
TEL-14407,MV Fleet_17,Container,17.48,1.0,12085,Underway,2026-07-09 14:11:43.203853,4.35
TEL-14408,MV Fleet_17,Tanker,22.06,1.0,32937,Underway,2026-07-09 14:26:43.203853,9.99
TEL-14409,MV Fleet_05,Bulk Carrier,13.71,7.0,25563,Underway,2026-07-09 14:41:43.203853,11.97
TEL-14410,MV Fleet_06,LNG Carrier,12.8,5.0,14332,Underway,2026-07-09 14:56:43.203853,8.28
TEL-14411,MV Fleet_19,Tanker,11.42,4.0,42575,Underway,2026-07-09 15:11:43.203853,6.71
TEL-14412,MV Fleet_13,LNG Carrier,8.6,5.0,12386,Underway,2026-07-09 15:26:43.203853,10.66
TEL-14413,MV Fleet_14,Container,8.69,6.0,31337,Underway,2026-07-09 15:41:43.203853,8.77
TEL-14414,MV Fleet_04,Tanker,21.92,6.0,39708,Underway,2026-07-09 15:56:43.203853,18.32
TEL-14415,MV Fleet_07,LNG Carrier,18.85,1.0,34572,Underway,2026-07-09 16:11:43.203853,7.69
TEL-14416,MV Fleet_08,Tanker,18.57,2.0,38424,Underway,2026-07-09 16:26:43.203853,7.96
TEL-14417,MV Fleet_13,Container,17.83,3.0,40271,Underway,2026-07-09 16:41:43.203853,8.28
TEL-14418,MV Fleet_06,Tanker,21.59,4.0,16030,Underway,2026-07-09 16:56:43.203853,16.27
TEL-14419,MV Fleet_06,LNG Carrier,15.68,6.0,18138,Moored,2026-07-09 17:11:43.203853,12.42
TEL-14420,MV Fleet_03,Container,21.93,9.0,20646,Underway,2026-07-09 17:26:43.203853,20.24
TEL-14421,MV Fleet_03,Bulk Carrier,13.75,2.0,33812,Underway,2026-07-09 17:41:43.203853,8.62
TEL-14422,MV Fleet_13,LNG Carrier,22.83,8.0,28422,Underway,2026-07-09 17:56:43.203853,22.6
TEL-14423,MV Fleet_02,LNG Carrier,19.18,9.0,15645,Anchored,2026-07-09 18:11:43.203853,19.36
TEL-14424,MV Fleet_16,Container,12.11,2.0,19628,Underway,2026-07-09 18:26:43.203853,7.55
TEL-14425,MV Fleet_06,Container,17.03,9.0,29486,Moored,2026-07-09 18:41:43.203853,17.54
TEL-14426,MV Fleet_08,Bulk Carrier,16.53,7.0,27409,Underway,2026-07-09 18:56:43.203853,18.58
TEL-14427,MV Fleet_08,LNG Carrier,10.21,9.0,44266,Underway,2026-07-09 19:11:43.203853,13.61
TEL-14428,MV Fleet_06,Container,17.46,6.0,27732,Underway,2026-07-09 19:26:43.203853,12.8
TEL-14429,MV Fleet_14,Bulk Carrier,13.04,2.0,24425,Underway,2026-07-09 19:41:43.203853,8.12
TEL-14430,MV Fleet_03,Bulk Carrier,8.84,8.0,17195,Moored,2026-07-09 19:56:43.203853,13.19
TEL-14431,MV Fleet_10,Container,23.18,9.0,23722,Anchored,2026-07-09 20:11:43.203853,23.93
TEL-14432,MV Fleet_03,LNG Carrier,18.26,8.0,21494,Underway,2026-07-09 20:26:43.203853,16.88
TEL-14433,MV Fleet_12,Tanker,22.03,2.0,26571,Underway,2026-07-09 20:41:43.203853,11.67
TEL-14434,MV Fleet_17,Tanker,18.82,8.0,39486,Anchored,2026-07-09 20:56:43.203853,16.83
TEL-14435,MV Fleet_05,Bulk Carrier,13.71,3.0,27900,Underway,2026-07-09 21:11:43.203853,7.81
TEL-14436,MV Fleet_20,Tanker,16.2,3.0,5125,Underway,2026-07-09 21:26:43.203853,7.13
TEL-14437,MV Fleet_09,Tanker,18.81,9.0,24318,Underway,2026-07-09 21:41:43.203853,19.3
TEL-14438,MV Fleet_20,Container,23.36,9.0,43685,Underway,2026-07-09 21:56:43.203853,20.66
TEL-14439,MV Fleet_07,Bulk Carrier,12.06,9.0,48162,Anchored,2026-07-09 22:11:43.203853,19.37
TEL-14440,MV Fleet_04,LNG Carrier,22.0,4.0,12590,Underway,2026-07-09 22:26:43.203853,13.18
TEL-14441,MV Fleet_13,Bulk Carrier,22.79,7.0,39850,Underway,2026-07-09 22:41:43.203853,16.84
TEL-14442,MV Fleet_13,Container,18.73,8.0,17134,Anchored,2026-07-09 22:56:43.203853,18.86
TEL-14443,MV Fleet_10,Tanker,22.9,5.0,30230,Underway,2026-07-09 23:11:43.203853,13.89
TEL-14444,MV Fleet_18,LNG Carrier,14.37,1.0,20058,Underway,2026-07-09 23:26:43.203853,6.53
TEL-14445,MV Fleet_17,Bulk Carrier,23.25,9.0,19301,Anchored,2026-07-09 23:41:43.203853,21.08
TEL-14446,MV Fleet_20,Tanker,19.24,6.0,42861,Underway,2026-07-09 23:56:43.203853,15.04
TEL-14447,MV Fleet_20,Bulk Carrier,8.67,3.0,32039,Underway,2026-07-10 00:11:43.203853,5.79
TEL-14448,MV Fleet_13,LNG Carrier,22.51,3.0,5284,Underway,2026-07-10 00:26:43.203853,12.08
TEL-14449,MV Fleet_17,Bulk Carrier,15.75,1.0,43334,Underway,2026-07-10 00:41:43.203853,5.93
TEL-14450,MV Fleet_04,Bulk Carrier,15.37,8.0,48525,Underway,2026-07-10 00:56:43.203853,15.17
TEL-14451,MV Fleet_01,Bulk Carrier,17.06,2.0,45986,Underway,2026-07-10 01:11:43.203853,6.33
TEL-14452,MV Fleet_01,Tanker,10.39,1.0,23658,Underway,2026-07-10 01:26:43.203853,3.7
TEL-14453,MV Fleet_15,LNG Carrier,15.51,7.0,33443,Underway,2026-07-10 01:41:43.203853,14.13
TEL-14454,MV Fleet_13,LNG Carrier,21.3,9.0,8972,Underway,2026-07-10 01:56:43.203853,18.83
TEL-14455,MV Fleet_17,Tanker,8.25,6.0,31167,Anchored,2026-07-10 02:11:43.203853,11.37
TEL-14456,MV Fleet_08,Tanker,12.37,8.0,18679,Underway,2026-07-10 02:26:43.203853,14.85
TEL-14457,MV Fleet_18,Tanker,8.04,8.0,49341,Underway,2026-07-10 02:41:43.203853,11.75
TEL-14458,MV Fleet_13,Container,14.65,9.0,34519,Moored,2026-07-10 02:56:43.203853,16.98
TEL-14459,MV Fleet_14,Bulk Carrier,19.65,7.0,30704,Underway,2026-07-10 03:11:43.203853,16.6
TEL-14460,MV Fleet_08,Bulk Carrier,20.78,9.0,41881,Underway,2026-07-10 03:26:43.203853,18.9
TEL-14461,MV Fleet_08,LNG Carrier,23.12,9.0,36948,Underway,2026-07-10 03:41:43.203853,26.58
TEL-14462,MV Fleet_15,Bulk Carrier,17.74,1.0,19378,Underway,2026-07-10 03:56:43.203853,6.8
TEL-14463,MV Fleet_13,Container,12.07,6.0,15328,Underway,2026-07-10 04:11:43.203853,11.43
TEL-14464,MV Fleet_07,Tanker,22.79,8.0,29732,Moored,2026-07-10 04:26:43.203853,23.79
TEL-14465,MV Fleet_05,LNG Carrier,20.41,9.0,22673,Anchored,2026-07-10 04:41:43.203853,20.93
TEL-14466,MV Fleet_17,LNG Carrier,17.19,4.0,15373,Underway,2026-07-10 04:56:43.203853,12.85
TEL-14467,MV Fleet_16,Bulk Carrier,19.13,2.0,10720,Anchored,2026-07-10 05:11:43.203853,9.18
TEL-14468,MV Fleet_02,LNG Carrier,22.79,9.0,10153,Underway,2026-07-10 05:26:43.203853,21.73
TEL-14469,MV Fleet_18,Tanker,19.4,9.0,11226,Underway,2026-07-10 05:41:43.203853,18.4
TEL-14470,MV Fleet_17,LNG Carrier,13.89,8.0,7976,Underway,2026-07-10 05:56:43.203853,16.51
TEL-14471,MV Fleet_07,Tanker,19.41,3.0,43019,Underway,2026-07-10 06:11:43.203853,13.46
TEL-14472,MV Fleet_13,Container,8.64,5.0,41267,Underway,2026-07-10 06:26:43.203853,11.43
TEL-14473,MV Fleet_18,Container,14.18,2.0,24297,Anchored,2026-07-10 06:41:43.203853,4.81
TEL-14474,MV Fleet_14,Tanker,14.5,3.0,21587,Anchored,2026-07-10 06:56:43.203853,11.06
TEL-14475,MV Fleet_18,Bulk Carrier,10.67,1.0,23206,Underway,2026-07-10 07:11:43.203853,2.5
TEL-14476,MV Fleet_13,LNG Carrier,8.37,4.0,30935,Underway,2026-07-10 07:26:43.203853,6.07
TEL-14477,MV Fleet_11,Bulk Carrier,10.13,5.0,34633,Underway,2026-07-10 07:41:43.203853,8.22
TEL-14478,MV Fleet_16,LNG Carrier,18.47,2.0,15736,Moored,2026-07-10 07:56:43.203853,8.1
TEL-14479,MV Fleet_17,Container,20.84,3.0,46401,Underway,2026-07-10 08:11:43.203853,8.59
TEL-14480,MV Fleet_08,Container,23.81,6.0,11971,Underway,2026-07-10 08:26:43.203853,17.84
TEL-14481,MV Fleet_19,Container,13.54,6.0,14507,Moored,2026-07-10 08:41:43.203853,11.97
TEL-14482,MV Fleet_20,LNG Carrier,17.59,7.0,30724,Underway,2026-07-10 08:56:43.203853,15.8
TEL-14483,MV Fleet_15,Container,22.99,9.0,27166,Underway,2026-07-10 09:11:43.203853,21.01
TEL-14484,MV Fleet_09,Container,10.67,4.0,18158,Underway,2026-07-10 09:26:43.203853,5.85
TEL-14485,MV Fleet_20,Container,19.48,5.0,30774,Underway,2026-07-10 09:41:43.203853,13.34
TEL-14486,MV Fleet_10,Container,20.08,2.0,16108,Underway,2026-07-10 09:56:43.203853,11.39
TEL-14487,MV Fleet_12,Bulk Carrier,9.42,6.0,17077,Underway,2026-07-10 10:11:43.203853,9.3
TEL-14488,MV Fleet_20,Container,21.78,4.0,9175,Underway,2026-07-10 10:26:43.203853,12.21
TEL-14489,MV Fleet_01,Container,21.01,5.0,40627,Underway,2026-07-10 10:41:43.203853,15.26
TEL-14490,MV Fleet_20,Bulk Carrier,8.53,7.0,7962,Underway,2026-07-10 10:56:43.203853,10.17
TEL-14491,MV Fleet_09,Bulk Carrier,9.46,6.0,18616,Underway,2026-07-10 11:11:43.203853,11.16
TEL-14492,MV Fleet_15,LNG Carrier,8.79,8.0,37253,Underway,2026-07-10 11:26:43.203853,14.28
TEL-14493,MV Fleet_01,Tanker,13.36,6.0,22751,Anchored,2026-07-10 11:41:43.203853,11.44
TEL-14494,MV Fleet_12,Container,16.15,8.0,10210,Underway,2026-07-10 11:56:43.203853,15.4
TEL-14495,MV Fleet_03,Container,16.52,4.0,37390,Underway,2026-07-10 12:11:43.203853,8.59
TEL-14496,MV Fleet_11,Container,12.28,7.0,40677,Underway,2026-07-10 12:26:43.203853,12.16
TEL-14497,MV Fleet_02,LNG Carrier,22.59,3.0,48176,Underway,2026-07-10 12:41:43.203853,13.36
TEL-14498,MV Fleet_16,Container,13.89,1.0,41173,Underway,2026-07-10 12:56:43.203853,6.26
TEL-14499,MV Fleet_09,Tanker,8.73,9.0,20993,Moored,2026-07-10 13:11:43.203853,15.19
TEL-14500,MV Fleet_15,Bulk Carrier,12.8,9.0,31859,Underway,2026-07-10 13:26:43.203853,15.63
TEL-14501,MV Fleet_12,LNG Carrier,16.5,6.0,25878,Anchored,2026-07-10 13:41:43.203853,13.81
TEL-14502,MV Fleet_01,Bulk Carrier,14.53,2.0,19923,Underway,2026-07-10 13:56:43.203853,5.56
TEL-14503,MV Fleet_13,Container,12.38,8.0,38588,Underway,2026-07-10 14:11:43.203853,15.15
TEL-14504,MV Fleet_14,Container,10.1,6.0,32100,Anchored,2026-07-10 14:26:43.203853,12.16
TEL-14505,MV Fleet_08,Container,21.11,7.0,29086,Underway,2026-07-10 14:41:43.203853,16.94
TEL-14506,MV Fleet_08,Tanker,23.94,1.0,45023,Underway,2026-07-10 14:56:43.203853,9.14
TEL-14507,MV Fleet_12,Tanker,13.27,3.0,37571,Underway,2026-07-10 15:11:43.203853,7.01
TEL-14508,MV Fleet_01,LNG Carrier,14.11,1.0,16017,Underway,2026-07-10 15:26:43.203853,6.73
TEL-14509,MV Fleet_11,Bulk Carrier,17.89,1.0,42221,Underway,2026-07-10 15:41:43.203853,11.08
TEL-14510,MV Fleet_08,Container,19.5,1.0,24513,Anchored,2026-07-10 15:56:43.203853,8.71
TEL-14511,MV Fleet_10,Container,14.27,4.0,49974,Underway,2026-07-10 16:11:43.203853,9.56
TEL-14512,MV Fleet_19,Container,22.48,7.0,19860,Moored,2026-07-10 16:26:43.203853,16.99
TEL-14513,MV Fleet_11,Container,16.96,7.0,13086,Underway,2026-07-10 16:41:43.203853,13.87
TEL-14514,MV Fleet_07,Tanker,15.21,5.0,23050,Underway,2026-07-10 16:56:43.203853,12.23
TEL-14515,MV Fleet_11,Bulk Carrier,18.35,6.0,45157,Underway,2026-07-10 17:11:43.203853,13.46
TEL-14516,MV Fleet_17,Bulk Carrier,23.24,2.0,24784,Underway,2026-07-10 17:26:43.203853,12.94
TEL-14517,MV Fleet_01,LNG Carrier,20.71,5.0,16774,Underway,2026-07-10 17:41:43.203853,13.51
TEL-14518,MV Fleet_08,Tanker,8.64,7.0,39968,Underway,2026-07-10 17:56:43.203853,14.2
TEL-14519,MV Fleet_06,Container,13.32,9.0,17142,Moored,2026-07-10 18:11:43.203853,16.15
TEL-14520,MV Fleet_18,Bulk Carrier,15.53,6.0,28007,Underway,2026-07-10 18:26:43.203853,14.94
TEL-14521,MV Fleet_06,Bulk Carrier,13.03,4.0,30158,Underway,2026-07-10 18:41:43.203853,10.15
TEL-14522,MV Fleet_05,Tanker,19.2,3.0,11051,Underway,2026-07-10 18:56:43.203853,11.85
TEL-14523,MV Fleet_13,LNG Carrier,21.22,9.0,36576,Moored,2026-07-10 19:11:43.203853,20.6
TEL-14524,MV Fleet_19,LNG Carrier,19.7,7.0,9115,Underway,2026-07-10 19:26:43.203853,15.85
TEL-14525,MV Fleet_08,Container,23.83,6.0,24024,Anchored,2026-07-10 19:41:43.203853,19.29
TEL-14526,MV Fleet_09,LNG Carrier,12.36,7.0,11371,Underway,2026-07-10 19:56:43.203853,16.06
TEL-14527,MV Fleet_17,Bulk Carrier,22.0,8.0,33690,Underway,2026-07-10 20:11:43.203853,18.16
TEL-14528,MV Fleet_03,LNG Carrier,20.27,5.0,44355,Moored,2026-07-10 20:26:43.203853,14.88
TEL-14529,MV Fleet_19,Container,13.79,3.0,37420,Underway,2026-07-10 20:41:43.203853,8.67
TEL-14530,MV Fleet_11,Bulk Carrier,19.75,3.0,48375,Anchored,2026-07-10 20:56:43.203853,11.12
TEL-14531,MV Fleet_17,LNG Carrier,9.67,2.0,14080,Underway,2026-07-10 21:11:43.203853,7.04
TEL-14532,MV Fleet_19,LNG Carrier,20.63,8.0,6883,Underway,2026-07-10 21:26:43.203853,17.7
TEL-14533,MV Fleet_02,Tanker,16.52,1.0,9821,Anchored,2026-07-10 21:41:43.203853,7.85
TEL-14534,MV Fleet_08,Container,12.68,8.0,41590,Underway,2026-07-10 21:56:43.203853,14.59
TEL-14535,MV Fleet_19,LNG Carrier,18.49,3.0,13338,Underway,2026-07-10 22:11:43.203853,6.7
TEL-14536,MV Fleet_07,Tanker,18.27,9.0,27007,Underway,2026-07-10 22:26:43.203853,16.9
TEL-14537,MV Fleet_17,Bulk Carrier,11.35,2.0,7477,Underway,2026-07-10 22:41:43.203853,5.54
TEL-14538,MV Fleet_06,Tanker,8.49,9.0,18135,Underway,2026-07-10 22:56:43.203853,16.85
TEL-14539,MV Fleet_19,Tanker,14.94,6.0,47423,Underway,2026-07-10 23:11:43.203853,14.59
TEL-14540,MV Fleet_06,LNG Carrier,17.11,1.0,15437,Anchored,2026-07-10 23:26:43.203853,6.65
TEL-14541,MV Fleet_02,LNG Carrier,22.03,5.0,14502,Underway,2026-07-10 23:41:43.203853,13.46
TEL-14542,MV Fleet_06,LNG Carrier,22.85,9.0,34236,Underway,2026-07-10 23:56:43.203853,19.86
TEL-14543,MV Fleet_05,Tanker,16.46,6.0,5368,Anchored,2026-07-11 00:11:43.203853,14.31
TEL-14544,MV Fleet_19,Bulk Carrier,20.06,7.0,30839,Underway,2026-07-11 00:26:43.203853,16.98
TEL-14545,MV Fleet_20,Container,15.03,4.0,40515,Anchored,2026-07-11 00:41:43.203853,11.46
TEL-14546,MV Fleet_04,Tanker,19.94,1.0,12562,Moored,2026-07-11 00:56:43.203853,7.48
TEL-14547,MV Fleet_17,LNG Carrier,11.28,5.0,12139,Underway,2026-07-11 01:11:43.203853,8.8
TEL-14548,MV Fleet_11,Container,13.94,2.0,32141,Underway,2026-07-11 01:26:43.203853,6.11
TEL-14549,MV Fleet_04,Bulk Carrier,18.15,8.0,47778,Underway,2026-07-11 01:41:43.203853,17.5
TEL-14550,MV Fleet_13,Container,8.29,4.0,11704,Anchored,2026-07-11 01:56:43.203853,4.41
TEL-14551,MV Fleet_20,LNG Carrier,19.56,1.0,6887,Underway,2026-07-11 02:11:43.203853,8.48
TEL-14552,MV Fleet_17,Tanker,21.37,7.0,16975,Underway,2026-07-11 02:26:43.203853,18.0
TEL-14553,MV Fleet_09,Tanker,14.39,2.0,5544,Underway,2026-07-11 02:41:43.203853,8.14
TEL-14554,MV Fleet_04,LNG Carrier,15.17,3.0,24448,Anchored,2026-07-11 02:56:43.203853,9.74
TEL-14555,MV Fleet_14,Tanker,21.62,9.0,27830,Anchored,2026-07-11 03:11:43.203853,22.56
TEL-14556,MV Fleet_19,LNG Carrier,20.41,9.0,28926,Moored,2026-07-11 03:26:43.203853,22.76
TEL-14557,MV Fleet_03,Tanker,12.61,2.0,36002,Underway,2026-07-11 03:41:43.203853,6.18
TEL-14558,MV Fleet_14,Tanker,13.18,3.0,18333,Underway,2026-07-11 03:56:43.203853,4.4
TEL-14559,MV Fleet_08,Tanker,18.86,9.0,21942,Underway,2026-07-11 04:11:43.203853,20.69
TEL-14560,MV Fleet_01,Bulk Carrier,17.01,1.0,19684,Underway,2026-07-11 04:26:43.203853,8.24
TEL-14561,MV Fleet_10,Bulk Carrier,10.6,2.0,31088,Underway,2026-07-11 04:41:43.203853,4.87
TEL-14562,MV Fleet_18,LNG Carrier,12.96,2.0,27447,Moored,2026-07-11 04:56:43.203853,3.09
TEL-14563,MV Fleet_16,Bulk Carrier,22.4,3.0,13861,Anchored,2026-07-11 05:11:43.203853,13.96
TEL-14564,MV Fleet_08,LNG Carrier,19.01,3.0,29833,Underway,2026-07-11 05:26:43.203853,10.45
TEL-14565,MV Fleet_01,Container,23.78,2.0,22454,Anchored,2026-07-11 05:41:43.203853,9.74
TEL-14566,MV Fleet_12,Container,20.27,8.0,6050,Underway,2026-07-11 05:56:43.203853,18.26
TEL-14567,MV Fleet_08,Bulk Carrier,23.07,8.0,25422,Underway,2026-07-11 06:11:43.203853,20.3
TEL-14568,MV Fleet_16,Container,11.46,8.0,26530,Anchored,2026-07-11 06:26:43.203853,14.13
TEL-14569,MV Fleet_18,Container,20.34,2.0,20756,Moored,2026-07-11 06:41:43.203853,8.94
TEL-14570,MV Fleet_04,Tanker,8.32,9.0,9022,Underway,2026-07-11 06:56:43.203853,16.39
TEL-14571,MV Fleet_06,Tanker,18.73,7.0,46104,Anchored,2026-07-11 07:11:43.203853,18.35
TEL-14572,MV Fleet_12,LNG Carrier,15.51,5.0,7634,Anchored,2026-07-11 07:26:43.203853,14.63
TEL-14573,MV Fleet_09,Container,13.55,7.0,32145,Underway,2026-07-11 07:41:43.203853,12.35
TEL-14574,MV Fleet_15,LNG Carrier,21.8,8.0,12288,Underway,2026-07-11 07:56:43.203853,21.49
TEL-14575,MV Fleet_16,LNG Carrier,21.67,9.0,13992,Underway,2026-07-11 08:11:43.203853,21.25
TEL-14576,MV Fleet_12,Container,8.36,2.0,39253,Anchored,2026-07-11 08:26:43.203853,5.04
TEL-14577,MV Fleet_14,Bulk Carrier,17.75,6.0,32005,Underway,2026-07-11 08:41:43.203853,16.14
TEL-14578,MV Fleet_13,Container,13.89,9.0,17166,Underway,2026-07-11 08:56:43.203853,16.93
TEL-14579,MV Fleet_02,Tanker,14.65,6.0,33065,Underway,2026-07-11 09:11:43.203853,12.56
TEL-14580,MV Fleet_03,Container,21.31,2.0,22798,Underway,2026-07-11 09:26:43.203853,9.21
TEL-14581,MV Fleet_10,Bulk Carrier,12.96,1.0,34301,Underway,2026-07-11 09:41:43.203853,2.87
TEL-14582,MV Fleet_09,LNG Carrier,23.09,3.0,8894,Underway,2026-07-11 09:56:43.203853,11.87
TEL-14583,MV Fleet_20,LNG Carrier,10.87,5.0,8846,Anchored,2026-07-11 10:11:43.203853,10.07
TEL-14584,MV Fleet_08,Tanker,18.6,7.0,19481,Underway,2026-07-11 10:26:43.203853,16.18
TEL-14585,MV Fleet_10,Tanker,18.75,3.0,47154,Anchored,2026-07-11 10:41:43.203853,9.77
TEL-14586,MV Fleet_19,Tanker,12.04,9.0,35221,Moored,2026-07-11 10:56:43.203853,15.72
TEL-14587,MV Fleet_03,LNG Carrier,13.2,4.0,13048,Anchored,2026-07-11 11:11:43.203853,10.79
TEL-14588,MV Fleet_05,Tanker,21.36,2.0,32386,Moored,2026-07-11 11:26:43.203853,10.55
TEL-14589,MV Fleet_03,Container,20.19,3.0,38336,Moored,2026-07-11 11:41:43.203853,9.63
TEL-14590,MV Fleet_16,LNG Carrier,13.27,5.0,44258,Underway,2026-07-11 11:56:43.203853,10.83
TEL-14591,MV Fleet_17,Bulk Carrier,16.54,3.0,28853,Underway,2026-07-11 12:11:43.203853,10.14
TEL-14592,MV Fleet_15,LNG Carrier,8.99,5.0,39713,Underway,2026-07-11 12:26:43.203853,10.61
TEL-14593,MV Fleet_03,Container,11.34,4.0,21791,Underway,2026-07-11 12:41:43.203853,9.33
TEL-14594,MV Fleet_12,Container,15.77,3.0,9228,Underway,2026-07-11 12:56:43.203853,10.12
TEL-14595,MV Fleet_09,Tanker,9.38,6.0,16945,Underway,2026-07-11 13:11:43.203853,11.56
TEL-14596,MV Fleet_12,LNG Carrier,21.49,8.0,46573,Underway,2026-07-11 13:26:43.203853,16.35
TEL-14597,MV Fleet_15,LNG Carrier,19.49,4.0,44899,Underway,2026-07-11 13:41:43.203853,11.99
TEL-14598,MV Fleet_02,LNG Carrier,23.1,9.0,29681,Underway,2026-07-11 13:56:43.203853,21.69
TEL-14599,MV Fleet_18,Bulk Carrier,19.1,6.0,39986,Moored,2026-07-11 14:11:43.203853,18.08
TEL-14600,MV Fleet_20,Tanker,23.05,5.0,19975,Underway,2026-07-11 14:26:43.203853,16.93
TEL-14601,MV Fleet_12,Container,16.87,3.0,12711,Underway,2026-07-11 14:41:43.203853,8.94
TEL-14602,MV Fleet_04,Container,17.6,5.0,49759,Underway,2026-07-11 14:56:43.203853,11.58
TEL-14603,MV Fleet_16,Tanker,23.63,5.0,17105,Underway,2026-07-11 15:11:43.203853,15.63
TEL-14604,MV Fleet_16,Container,18.27,4.0,35146,Anchored,2026-07-11 15:26:43.203853,10.37
TEL-14605,MV Fleet_01,Container,8.49,6.0,20238,Underway,2026-07-11 15:41:43.203853,13.79
TEL-14606,MV Fleet_02,Tanker,19.58,3.0,8868,Underway,2026-07-11 15:56:43.203853,10.76
TEL-14607,MV Fleet_03,Container,22.49,1.0,49294,Anchored,2026-07-11 16:11:43.203853,10.69
TEL-14608,MV Fleet_20,LNG Carrier,20.73,7.0,15060,Underway,2026-07-11 16:26:43.203853,18.2
TEL-14609,MV Fleet_17,Bulk Carrier,17.34,7.0,10433,Anchored,2026-07-11 16:41:43.203853,16.6
TEL-14610,MV Fleet_20,Tanker,18.74,4.0,27612,Underway,2026-07-11 16:56:43.203853,10.51
TEL-14611,MV Fleet_01,Bulk Carrier,23.84,9.0,22822,Underway,2026-07-11 17:11:43.203853,24.29
TEL-14612,MV Fleet_20,Container,9.45,2.0,39120,Underway,2026-07-11 17:26:43.203853,4.69
TEL-14613,MV Fleet_06,Container,18.68,1.0,46004,Underway,2026-07-11 17:41:43.203853,9.55
TEL-14614,MV Fleet_15,LNG Carrier,12.53,3.0,26294,Underway,2026-07-11 17:56:43.203853,8.08
TEL-14615,MV Fleet_14,Tanker,18.24,7.0,23764,Underway,2026-07-11 18:11:43.203853,18.7
TEL-14616,MV Fleet_20,Container,17.72,9.0,9560,Anchored,2026-07-11 18:26:43.203853,19.7
TEL-14617,MV Fleet_15,Tanker,10.46,2.0,21583,Underway,2026-07-11 18:41:43.203853,4.89
TEL-14618,MV Fleet_14,Tanker,11.31,6.0,20560,Underway,2026-07-11 18:56:43.203853,13.58
TEL-14619,MV Fleet_05,Tanker,17.95,3.0,9424,Underway,2026-07-11 19:11:43.203853,10.13
TEL-14620,MV Fleet_06,Tanker,10.05,5.0,45615,Moored,2026-07-11 19:26:43.203853,10.33
TEL-14621,MV Fleet_17,Tanker,12.24,9.0,31863,Underway,2026-07-11 19:41:43.203853,16.46
TEL-14622,MV Fleet_11,Bulk Carrier,21.36,3.0,34469,Underway,2026-07-11 19:56:43.203853,10.97
TEL-14623,MV Fleet_16,LNG Carrier,13.23,1.0,42565,Underway,2026-07-11 20:11:43.203853,4.49
TEL-14624,MV Fleet_12,Tanker,15.81,5.0,28184,Underway,2026-07-11 20:26:43.203853,12.94
TEL-14625,MV Fleet_15,Bulk Carrier,23.06,1.0,28910,Underway,2026-07-11 20:41:43.203853,11.26
TEL-14626,MV Fleet_04,Container,11.63,8.0,27404,Moored,2026-07-11 20:56:43.203853,11.56
TEL-14627,MV Fleet_18,Tanker,14.23,7.0,40175,Underway,2026-07-11 21:11:43.203853,14.63
TEL-14628,MV Fleet_03,Container,17.7,2.0,8791,Underway,2026-07-11 21:26:43.203853,8.18
TEL-14629,MV Fleet_08,Tanker,20.09,9.0,37208,Underway,2026-07-11 21:41:43.203853,18.01
TEL-14630,MV Fleet_03,Bulk Carrier,22.43,5.0,44276,Underway,2026-07-11 21:56:43.203853,16.7
TEL-14631,MV Fleet_08,Bulk Carrier,22.65,7.0,14629,Underway,2026-07-11 22:11:43.203853,21.26
TEL-14632,MV Fleet_18,Bulk Carrier,20.43,4.0,37894,Moored,2026-07-11 22:26:43.203853,14.98
TEL-14633,MV Fleet_10,LNG Carrier,11.65,1.0,26990,Underway,2026-07-11 22:41:43.203853,0.6
TEL-14634,MV Fleet_20,Container,8.4,8.0,47580,Anchored,2026-07-11 22:56:43.203853,13.98
TEL-14635,MV Fleet_17,LNG Carrier,14.14,,12694,Underway,2026-07-11 23:11:43.203853,4.14
TEL-14636,MV Fleet_08,Tanker,10.26,3.0,41087,Underway,2026-07-11 23:26:43.203853,5.92
TEL-14637,MV Fleet_11,Container,19.37,6.0,13673,Underway,2026-07-11 23:41:43.203853,14.79
TEL-14638,MV Fleet_05,Bulk Carrier,18.58,8.0,43199,Underway,2026-07-11 23:56:43.203853,14.41
TEL-14639,MV Fleet_13,Container,8.7,8.0,37187,Underway,2026-07-12 00:11:43.203853,10.49
TEL-14640,MV Fleet_05,Bulk Carrier,21.39,2.0,9378,Anchored,2026-07-12 00:26:43.203853,10.43
TEL-14641,MV Fleet_13,LNG Carrier,11.98,9.0,28553,Underway,2026-07-12 00:41:43.203853,16.6
TEL-14642,MV Fleet_06,LNG Carrier,14.92,4.0,48780,Underway,2026-07-12 00:56:43.203853,9.66
TEL-14643,MV Fleet_05,Bulk Carrier,18.69,4.0,44258,Underway,2026-07-12 01:11:43.203853,9.93
TEL-14644,MV Fleet_09,Bulk Carrier,14.87,2.0,27524,Moored,2026-07-12 01:26:43.203853,6.33
TEL-14645,MV Fleet_16,Tanker,15.06,1.0,48331,Moored,2026-07-12 01:41:43.203853,7.69
TEL-14646,MV Fleet_02,LNG Carrier,9.05,7.0,21622,Underway,2026-07-12 01:56:43.203853,11.65
TEL-14647,MV Fleet_01,LNG Carrier,14.42,3.0,6420,Underway,2026-07-12 02:11:43.203853,7.48
TEL-14648,MV Fleet_08,Tanker,20.24,4.0,5340,Underway,2026-07-12 02:26:43.203853,14.5
TEL-14649,MV Fleet_19,LNG Carrier,22.64,9.0,49310,Anchored,2026-07-12 02:41:43.203853,21.22
TEL-14650,MV Fleet_11,Bulk Carrier,14.62,6.0,45288,Underway,2026-07-12 02:56:43.203853,13.84
TEL-14651,MV Fleet_12,Container,14.78,1.0,48953,Underway,2026-07-12 03:11:43.203853,6.09
TEL-14652,MV Fleet_12,Container,19.24,9.0,9987,Anchored,2026-07-12 03:26:43.203853,18.26
TEL-14653,MV Fleet_07,LNG Carrier,23.08,9.0,31062,Underway,2026-07-12 03:41:43.203853,20.32
TEL-14654,MV Fleet_13,Tanker,12.27,5.0,37456,Underway,2026-07-12 03:56:43.203853,8.32
TEL-14655,MV Fleet_08,Bulk Carrier,15.04,8.0,43180,Underway,2026-07-12 04:11:43.203853,14.5
TEL-14656,MV Fleet_09,Container,20.74,7.0,30308,Underway,2026-07-12 04:26:43.203853,18.67
TEL-14657,MV Fleet_07,Bulk Carrier,17.76,8.0,24862,Moored,2026-07-12 04:41:43.203853,16.09
TEL-14658,MV Fleet_15,LNG Carrier,9.77,9.0,12670,Underway,2026-07-12 04:56:43.203853,15.22
TEL-14659,MV Fleet_02,LNG Carrier,18.04,2.0,29246,Anchored,2026-07-12 05:11:43.203853,8.04
TEL-14660,MV Fleet_20,Container,10.99,5.0,18766,Underway,2026-07-12 05:26:43.203853,10.42
TEL-14661,MV Fleet_12,LNG Carrier,16.16,8.0,34681,Anchored,2026-07-12 05:41:43.203853,14.49
TEL-14662,MV Fleet_01,Tanker,16.47,3.0,13323,Underway,2026-07-12 05:56:43.203853,10.83
TEL-14663,MV Fleet_08,LNG Carrier,22.02,6.0,6857,Underway,2026-07-12 06:11:43.203853,18.83
TEL-14664,MV Fleet_05,LNG Carrier,15.4,6.0,35587,Anchored,2026-07-12 06:26:43.203853,13.14
TEL-14665,MV Fleet_15,LNG Carrier,12.47,7.0,30818,Underway,2026-07-12 06:41:43.203853,10.06
TEL-14666,MV Fleet_01,Bulk Carrier,11.7,3.0,30247,Underway,2026-07-12 06:56:43.203853,5.83
TEL-14667,MV Fleet_01,Bulk Carrier,21.99,8.0,38272,Underway,2026-07-12 07:11:43.203853,20.13
TEL-14668,MV Fleet_10,Container,10.74,8.0,45235,Underway,2026-07-12 07:26:43.203853,14.82
TEL-14669,MV Fleet_10,Container,14.81,9.0,23540,Underway,2026-07-12 07:41:43.203853,17.02
TEL-14670,MV Fleet_15,Container,10.99,8.0,30837,Anchored,2026-07-12 07:56:43.203853,16.0
TEL-14671,MV Fleet_17,LNG Carrier,20.37,3.0,13484,Underway,2026-07-12 08:11:43.203853,10.36
TEL-14672,MV Fleet_06,Bulk Carrier,15.59,6.0,35682,Underway,2026-07-12 08:26:43.203853,14.74
TEL-14673,MV Fleet_03,Tanker,13.62,9.0,36707,Underway,2026-07-12 08:41:43.203853,16.89
TEL-14674,MV Fleet_13,LNG Carrier,13.78,1.0,49610,Underway,2026-07-12 08:56:43.203853,4.11
TEL-14675,MV Fleet_16,LNG Carrier,21.64,3.0,9923,Anchored,2026-07-12 09:11:43.203853,13.04
TEL-14676,MV Fleet_08,LNG Carrier,16.86,2.0,47019,Anchored,2026-07-12 09:26:43.203853,7.81
TEL-14677,MV Fleet_15,Tanker,19.49,8.0,20920,Underway,2026-07-12 09:41:43.203853,19.56
TEL-14678,MV Fleet_17,Container,22.35,6.0,48263,Underway,2026-07-12 09:56:43.203853,21.23
TEL-14679,MV Fleet_17,Tanker,22.43,8.0,26938,Underway,2026-07-12 10:11:43.203853,18.51
TEL-14680,MV Fleet_13,Container,13.26,2.0,18319,Underway,2026-07-12 10:26:43.203853,7.56
TEL-14681,MV Fleet_17,Tanker,23.24,6.0,47161,Underway,2026-07-12 10:41:43.203853,18.36
TEL-14682,MV Fleet_06,Bulk Carrier,8.4,7.0,11900,Underway,2026-07-12 10:56:43.203853,14.66
TEL-14683,MV Fleet_17,LNG Carrier,14.03,8.0,7160,Underway,2026-07-12 11:11:43.203853,16.94
TEL-14684,MV Fleet_16,LNG Carrier,22.33,,21236,Underway,2026-07-12 11:26:43.203853,23.71
TEL-14685,MV Fleet_14,LNG Carrier,12.39,5.0,11221,Underway,2026-07-12 11:41:43.203853,8.91
TEL-14686,MV Fleet_13,Container,12.37,3.0,30294,Underway,2026-07-12 11:56:43.203853,5.46
TEL-14687,MV Fleet_06,Tanker,12.84,2.0,15038,Moored,2026-07-12 12:11:43.203853,4.66
TEL-14688,MV Fleet_03,Bulk Carrier,17.8,8.0,24651,Underway,2026-07-12 12:26:43.203853,17.11
TEL-14689,MV Fleet_14,Tanker,15.01,1.0,28360,Underway,2026-07-12 12:41:43.203853,7.57
TEL-14690,MV Fleet_14,LNG Carrier,19.63,6.0,13255,Underway,2026-07-12 12:56:43.203853,17.72
TEL-14691,MV Fleet_15,Bulk Carrier,22.32,2.0,7699,Anchored,2026-07-12 13:11:43.203853,10.3
TEL-14692,MV Fleet_08,Bulk Carrier,18.79,3.0,48893,Underway,2026-07-12 13:26:43.203853,10.19
TEL-14693,MV Fleet_15,LNG Carrier,11.27,8.0,26928,Underway,2026-07-12 13:41:43.203853,12.7
TEL-14694,MV Fleet_13,Tanker,22.92,1.0,5372,Underway,2026-07-12 13:56:43.203853,9.82
TEL-14695,MV Fleet_17,LNG Carrier,12.23,6.0,23898,Anchored,2026-07-12 14:11:43.203853,11.53
TEL-14696,MV Fleet_03,Tanker,10.4,3.0,28855,Anchored,2026-07-12 14:26:43.203853,6.35
TEL-14697,MV Fleet_06,Bulk Carrier,9.44,6.0,39758,Underway,2026-07-12 14:41:43.203853,12.59
TEL-14698,MV Fleet_05,Bulk Carrier,17.01,3.0,14607,Anchored,2026-07-12 14:56:43.203853,10.05
TEL-14699,MV Fleet_17,LNG Carrier,9.82,8.0,44558,Underway,2026-07-12 15:11:43.203853,11.98
TEL-14700,MV Fleet_02,Bulk Carrier,10.22,5.0,13553,Moored,2026-07-12 15:26:43.203853,5.76
TEL-14701,MV Fleet_15,Container,12.8,4.0,10383,Moored,2026-07-12 15:41:43.203853,9.88
TEL-14702,MV Fleet_05,Bulk Carrier,12.51,9.0,5715,Underway,2026-07-12 15:56:43.203853,16.78
TEL-14703,MV Fleet_20,Container,17.67,5.0,14837,Underway,2026-07-12 16:11:43.203853,13.34
TEL-14704,MV Fleet_06,Bulk Carrier,21.07,4.0,18950,Underway,2026-07-12 16:26:43.203853,13.47
TEL-14705,MV Fleet_06,LNG Carrier,20.18,8.0,12992,Underway,2026-07-12 16:41:43.203853,16.9
TEL-14706,MV Fleet_18,LNG Carrier,12.2,8.0,31817,Underway,2026-07-12 16:56:43.203853,14.53
TEL-14707,MV Fleet_18,Container,11.92,8.0,38818,Underway,2026-07-12 17:11:43.203853,14.24
TEL-14708,MV Fleet_04,LNG Carrier,23.45,4.0,18357,Underway,2026-07-12 17:26:43.203853,14.42
TEL-14709,MV Fleet_17,Bulk Carrier,8.13,1.0,9742,Moored,2026-07-12 17:41:43.203853,4.23
TEL-14710,MV Fleet_14,Bulk Carrier,22.08,2.0,18369,Underway,2026-07-12 17:56:43.203853,9.84
TEL-14711,MV Fleet_14,LNG Carrier,11.2,4.0,10044,Underway,2026-07-12 18:11:43.203853,6.7
TEL-14712,MV Fleet_13,Bulk Carrier,23.16,2.0,15288,Underway,2026-07-12 18:26:43.203853,13.37
TEL-14713,MV Fleet_07,Tanker,13.48,3.0,30378,Underway,2026-07-12 18:41:43.203853,6.74
TEL-14714,MV Fleet_12,Tanker,15.05,9.0,12261,Moored,2026-07-12 18:56:43.203853,19.25
TEL-14715,MV Fleet_15,Bulk Carrier,19.31,9.0,48614,Underway,2026-07-12 19:11:43.203853,22.86
TEL-14716,MV Fleet_19,LNG Carrier,17.4,9.0,23064,Underway,2026-07-12 19:26:43.203853,20.9
TEL-14717,MV Fleet_11,Container,13.09,7.0,14799,Moored,2026-07-12 19:41:43.203853,14.67
TEL-14718,MV Fleet_15,LNG Carrier,16.86,4.0,8522,Underway,2026-07-12 19:56:43.203853,10.57
TEL-14719,MV Fleet_12,Container,19.69,1.0,18690,Moored,2026-07-12 20:11:43.203853,9.21
TEL-14720,MV Fleet_03,LNG Carrier,8.68,3.0,7057,Underway,2026-07-12 20:26:43.203853,6.04
TEL-14721,MV Fleet_17,Bulk Carrier,8.18,8.0,40489,Anchored,2026-07-12 20:41:43.203853,15.55
TEL-14722,MV Fleet_03,Tanker,15.33,4.0,42589,Underway,2026-07-12 20:56:43.203853,11.1
TEL-14723,MV Fleet_19,LNG Carrier,10.11,2.0,40331,Moored,2026-07-12 21:11:43.203853,5.61
TEL-14724,MV Fleet_20,Container,18.63,8.0,19559,Underway,2026-07-12 21:26:43.203853,17.85
TEL-14725,MV Fleet_04,Tanker,11.42,7.0,18692,Underway,2026-07-12 21:41:43.203853,12.27
TEL-14726,MV Fleet_03,Container,14.93,9.0,5202,Anchored,2026-07-12 21:56:43.203853,17.46
TEL-14727,MV Fleet_16,Bulk Carrier,11.16,2.0,38709,Underway,2026-07-12 22:11:43.203853,5.86
TEL-14728,MV Fleet_12,Tanker,16.78,5.0,21972,Anchored,2026-07-12 22:26:43.203853,11.95
TEL-14729,MV Fleet_08,Container,9.86,6.0,46530,Underway,2026-07-12 22:41:43.203853,11.4
TEL-14730,MV Fleet_17,LNG Carrier,8.37,2.0,14537,Underway,2026-07-12 22:56:43.203853,5.96
TEL-14731,MV Fleet_07,Bulk Carrier,8.82,2.0,6642,Underway,2026-07-12 23:11:43.203853,5.04
TEL-14732,MV Fleet_11,Bulk Carrier,23.27,4.0,6365,Moored,2026-07-12 23:26:43.203853,13.62
TEL-14733,MV Fleet_18,Bulk Carrier,10.28,8.0,45324,Anchored,2026-07-12 23:41:43.203853,9.97
TEL-14734,MV Fleet_01,LNG Carrier,19.34,5.0,5008,Underway,2026-07-12 23:56:43.203853,15.47
TEL-14735,MV Fleet_03,LNG Carrier,9.09,9.0,33820,Underway,2026-07-13 00:11:43.203853,15.04
TEL-14736,MV Fleet_04,Tanker,9.73,4.0,38803,Underway,2026-07-13 00:26:43.203853,8.21
TEL-14737,MV Fleet_13,LNG Carrier,16.14,3.0,23001,Underway,2026-07-13 00:41:43.203853,9.84
TEL-14738,MV Fleet_06,Tanker,15.44,8.0,11722,Underway,2026-07-13 00:56:43.203853,17.01
TEL-14739,MV Fleet_14,Bulk Carrier,23.23,1.0,25100,Anchored,2026-07-13 01:11:43.203853,11.04
TEL-14740,MV Fleet_05,Tanker,23.12,9.0,22460,Anchored,2026-07-13 01:26:43.203853,23.35
TEL-14741,MV Fleet_16,Container,20.47,4.0,28987,Anchored,2026-07-13 01:41:43.203853,13.91
TEL-14742,MV Fleet_15,Bulk Carrier,17.63,9.0,9015,Underway,2026-07-13 01:56:43.203853,14.08
TEL-14743,MV Fleet_15,Bulk Carrier,15.28,8.0,44897,Underway,2026-07-13 02:11:43.203853,16.71
TEL-14744,MV Fleet_04,Tanker,13.7,3.0,7962,Anchored,2026-07-13 02:26:43.203853,8.31
TEL-14745,MV Fleet_08,Bulk Carrier,23.15,3.0,9840,Anchored,2026-07-13 02:41:43.203853,12.47
TEL-14746,MV Fleet_16,LNG Carrier,17.65,9.0,25533,Underway,2026-07-13 02:56:43.203853,19.49
TEL-14747,MV Fleet_16,Container,17.27,3.0,25454,Underway,2026-07-13 03:11:43.203853,9.61
TEL-14748,MV Fleet_04,Tanker,11.71,4.0,10699,Underway,2026-07-13 03:26:43.203853,7.77
TEL-14749,MV Fleet_13,Tanker,8.75,9.0,10922,Underway,2026-07-13 03:41:43.203853,16.95
TEL-14750,MV Fleet_13,Bulk Carrier,23.12,4.0,29919,Underway,2026-07-13 03:56:43.203853,14.86
TEL-14751,MV Fleet_02,LNG Carrier,13.02,3.0,31508,Underway,2026-07-13 04:11:43.203853,7.9
TEL-14752,MV Fleet_03,Bulk Carrier,15.08,7.0,26664,Underway,2026-07-13 04:26:43.203853,11.41
TEL-14753,MV Fleet_08,Bulk Carrier,9.83,6.0,37270,Moored,2026-07-13 04:41:43.203853,14.14
TEL-14754,MV Fleet_15,Tanker,21.39,1.0,30278,Underway,2026-07-13 04:56:43.203853,6.01
TEL-14755,MV Fleet_11,Bulk Carrier,8.44,8.0,19862,Underway,2026-07-13 05:11:43.203853,14.29
TEL-14756,MV Fleet_09,Container,21.34,1.0,18598,Anchored,2026-07-13 05:26:43.203853,9.84
TEL-14757,MV Fleet_07,Bulk Carrier,10.24,4.0,6898,Underway,2026-07-13 05:41:43.203853,10.55
TEL-14758,MV Fleet_13,Bulk Carrier,22.19,6.0,27939,Anchored,2026-07-13 05:56:43.203853,15.33
TEL-14759,MV Fleet_02,Tanker,19.68,6.0,36288,Underway,2026-07-13 06:11:43.203853,14.12
TEL-14760,MV Fleet_08,Bulk Carrier,10.63,7.0,29774,Moored,2026-07-13 06:26:43.203853,13.92
TEL-14761,MV Fleet_07,LNG Carrier,17.05,5.0,7822,Underway,2026-07-13 06:41:43.203853,13.44
TEL-14762,MV Fleet_12,Tanker,13.0,5.0,42252,Underway,2026-07-13 06:56:43.203853,13.18
TEL-14763,MV Fleet_19,Bulk Carrier,10.85,4.0,30049,Underway,2026-07-13 07:11:43.203853,9.93
TEL-14764,MV Fleet_07,Container,21.75,6.0,26884,Anchored,2026-07-13 07:26:43.203853,16.0
TEL-14765,MV Fleet_10,Container,14.46,7.0,18052,Underway,2026-07-13 07:41:43.203853,14.09
TEL-14766,MV Fleet_16,Tanker,14.38,1.0,23038,Underway,2026-07-13 07:56:43.203853,6.0
TEL-14767,MV Fleet_03,Tanker,10.72,,21975,Underway,2026-07-13 08:11:43.203853,13.46
TEL-14768,MV Fleet_10,Bulk Carrier,14.13,8.0,39616,Underway,2026-07-13 08:26:43.203853,16.45
TEL-14769,MV Fleet_06,LNG Carrier,21.95,7.0,18269,Underway,2026-07-13 08:41:43.203853,19.08
TEL-14770,MV Fleet_18,Bulk Carrier,13.81,9.0,8041,Underway,2026-07-13 08:56:43.203853,15.76
TEL-14771,MV Fleet_18,Container,23.23,3.0,21551,Underway,2026-07-13 09:11:43.203853,12.58
TEL-14772,MV Fleet_05,LNG Carrier,23.14,4.0,9379,Underway,2026-07-13 09:26:43.203853,11.37
TEL-14773,MV Fleet_07,LNG Carrier,10.32,7.0,12661,Underway,2026-07-13 09:41:43.203853,14.01
TEL-14774,MV Fleet_02,LNG Carrier,10.84,6.0,11967,Anchored,2026-07-13 09:56:43.203853,11.93
TEL-14775,MV Fleet_11,Bulk Carrier,21.8,2.0,34870,Underway,2026-07-13 10:11:43.203853,8.58
TEL-14776,MV Fleet_13,Container,14.28,2.0,49967,Underway,2026-07-13 10:26:43.203853,5.08
TEL-14777,MV Fleet_05,Tanker,8.07,7.0,20674,Underway,2026-07-13 10:41:43.203853,11.24
TEL-14778,MV Fleet_06,Bulk Carrier,12.38,9.0,25394,Underway,2026-07-13 10:56:43.203853,17.66
TEL-14779,MV Fleet_14,Tanker,17.56,9.0,18531,Underway,2026-07-13 11:11:43.203853,19.48
TEL-14780,MV Fleet_12,LNG Carrier,20.79,7.0,26370,Underway,2026-07-13 11:26:43.203853,16.22
TEL-14781,MV Fleet_04,LNG Carrier,10.13,8.0,23565,Moored,2026-07-13 11:41:43.203853,13.16
TEL-14782,MV Fleet_06,Bulk Carrier,9.77,3.0,5832,Moored,2026-07-13 11:56:43.203853,6.51
TEL-14783,MV Fleet_10,Container,22.75,1.0,22405,Underway,2026-07-13 12:11:43.203853,8.41
TEL-14784,MV Fleet_18,LNG Carrier,20.02,7.0,15185,Underway,2026-07-13 12:26:43.203853,16.24
TEL-14785,MV Fleet_15,Tanker,17.44,8.0,8492,Underway,2026-07-13 12:41:43.203853,18.2
TEL-14786,MV Fleet_08,Tanker,20.31,2.0,49630,Underway,2026-07-13 12:56:43.203853,7.85
TEL-14787,MV Fleet_09,Bulk Carrier,14.86,9.0,5288,Underway,2026-07-13 13:11:43.203853,17.22
TEL-14788,MV Fleet_05,Tanker,20.14,4.0,45584,Anchored,2026-07-13 13:26:43.203853,12.27
TEL-14789,MV Fleet_10,Container,13.95,9.0,6076,Underway,2026-07-13 13:41:43.203853,16.97
TEL-14790,MV Fleet_20,LNG Carrier,11.91,3.0,39139,Anchored,2026-07-13 13:56:43.203853,7.59
TEL-14791,MV Fleet_06,Tanker,19.66,8.0,6074,Underway,2026-07-13 14:11:43.203853,19.25
TEL-14792,MV Fleet_16,Tanker,14.71,2.0,42702,Moored,2026-07-13 14:26:43.203853,8.04
TEL-14793,MV Fleet_03,LNG Carrier,23.7,3.0,32535,Underway,2026-07-13 14:41:43.203853,12.68
TEL-14794,MV Fleet_10,Bulk Carrier,13.59,1.0,37807,Underway,2026-07-13 14:56:43.203853,4.65
TEL-14795,MV Fleet_11,Tanker,22.75,5.0,9274,Underway,2026-07-13 15:11:43.203853,16.13
TEL-14796,MV Fleet_11,Bulk Carrier,22.93,4.0,33198,Anchored,2026-07-13 15:26:43.203853,14.49
TEL-14797,MV Fleet_17,Bulk Carrier,11.87,1.0,34859,Underway,2026-07-13 15:41:43.203853,5.04
TEL-14798,MV Fleet_04,Tanker,20.77,9.0,43264,Underway,2026-07-13 15:56:43.203853,21.12
TEL-14799,MV Fleet_04,Container,14.93,6.0,40276,Underway,2026-07-13 16:11:43.203853,11.73
TEL-14800,MV Fleet_17,Bulk Carrier,22.68,6.0,17018,Underway,2026-07-13 16:26:43.203853,19.88
TEL-14801,MV Fleet_09,Tanker,15.2,2.0,13072,Underway,2026-07-13 16:41:43.203853,7.09
TEL-14802,MV Fleet_19,Bulk Carrier,19.91,7.0,18348,Underway,2026-07-13 16:56:43.203853,18.01
TEL-14803,MV Fleet_05,LNG Carrier,15.47,9.0,18952,Underway,2026-07-13 17:11:43.203853,18.63
TEL-14804,MV Fleet_06,Container,11.64,6.0,5318,Moored,2026-07-13 17:26:43.203853,12.0
TEL-14805,MV Fleet_03,Container,11.19,8.0,16818,Underway,2026-07-13 17:41:43.203853,14.82
TEL-14806,MV Fleet_01,LNG Carrier,14.81,5.0,31011,Anchored,2026-07-13 17:56:43.203853,12.8
TEL-14807,MV Fleet_20,LNG Carrier,20.09,2.0,23787,Underway,2026-07-13 18:11:43.203853,9.25
TEL-14808,MV Fleet_16,Bulk Carrier,17.68,4.0,48624,Underway,2026-07-13 18:26:43.203853,12.45
TEL-14809,MV Fleet_11,LNG Carrier,19.02,1.0,17516,Underway,2026-07-13 18:41:43.203853,8.23
TEL-14810,MV Fleet_13,Container,12.52,1.0,38496,Underway,2026-07-13 18:56:43.203853,6.2
TEL-14811,MV Fleet_10,LNG Carrier,15.7,6.0,39055,Underway,2026-07-13 19:11:43.203853,12.57
TEL-14812,MV Fleet_03,Tanker,8.71,2.0,41769,Underway,2026-07-13 19:26:43.203853,4.71
TEL-14813,MV Fleet_09,Tanker,21.08,6.0,13752,Underway,2026-07-13 19:41:43.203853,14.84
TEL-14814,MV Fleet_12,Bulk Carrier,23.84,1.0,6375,Moored,2026-07-13 19:56:43.203853,11.94
TEL-14815,MV Fleet_14,Container,14.51,3.0,19970,Underway,2026-07-13 20:11:43.203853,7.17
TEL-14816,MV Fleet_01,Tanker,8.18,9.0,49846,Anchored,2026-07-13 20:26:43.203853,15.42
TEL-14817,MV Fleet_18,LNG Carrier,10.72,2.0,37792,Moored,2026-07-13 20:41:43.203853,4.58
TEL-14818,MV Fleet_17,Tanker,18.44,8.0,22538,Underway,2026-07-13 20:56:43.203853,19.39
TEL-14819,MV Fleet_09,Tanker,17.79,6.0,17657,Moored,2026-07-13 21:11:43.203853,14.25
TEL-14820,MV Fleet_09,Bulk Carrier,20.61,6.0,22843,Underway,2026-07-13 21:26:43.203853,16.83
TEL-14821,MV Fleet_10,LNG Carrier,12.06,7.0,20583,Anchored,2026-07-13 21:41:43.203853,11.63
TEL-14822,MV Fleet_19,LNG Carrier,20.22,5.0,26491,Underway,2026-07-13 21:56:43.203853,13.19
TEL-14823,MV Fleet_15,LNG Carrier,19.01,4.0,42474,Underway,2026-07-13 22:11:43.203853,12.89
TEL-14824,MV Fleet_05,Bulk Carrier,13.17,6.0,47180,Underway,2026-07-13 22:26:43.203853,14.14
TEL-14825,MV Fleet_15,LNG Carrier,16.73,8.0,23540,Moored,2026-07-13 22:41:43.203853,17.6
TEL-14826,MV Fleet_20,LNG Carrier,10.36,4.0,10979,Moored,2026-07-13 22:56:43.203853,11.7
TEL-14827,MV Fleet_02,Tanker,15.24,5.0,12943,Underway,2026-07-13 23:11:43.203853,12.79
TEL-14828,MV Fleet_13,Tanker,22.1,7.0,13911,Underway,2026-07-13 23:26:43.203853,18.24
TEL-14829,MV Fleet_16,LNG Carrier,14.74,6.0,45254,Anchored,2026-07-13 23:41:43.203853,12.4
TEL-14830,MV Fleet_15,Container,21.43,4.0,38873,Underway,2026-07-13 23:56:43.203853,16.05
TEL-14831,MV Fleet_10,Container,17.44,4.0,8769,Underway,2026-07-14 00:11:43.203853,12.37
TEL-14832,MV Fleet_14,LNG Carrier,11.07,4.0,7479,Underway,2026-07-14 00:26:43.203853,7.61
TEL-14833,MV Fleet_10,Container,17.3,1.0,15112,Anchored,2026-07-14 00:41:43.203853,5.6
TEL-14834,MV Fleet_14,Bulk Carrier,16.1,5.0,49039,Underway,2026-07-14 00:56:43.203853,11.01
TEL-14835,MV Fleet_09,Tanker,14.38,8.0,9731,Underway,2026-07-14 01:11:43.203853,16.48
TEL-14836,MV Fleet_14,Bulk Carrier,9.91,7.0,16361,Underway,2026-07-14 01:26:43.203853,10.2
TEL-14837,MV Fleet_03,Tanker,14.67,5.0,40940,Underway,2026-07-14 01:41:43.203853,10.58
TEL-14838,MV Fleet_20,Container,9.16,3.0,37205,Moored,2026-07-14 01:56:43.203853,6.67
TEL-14839,MV Fleet_16,Container,9.58,1.0,29569,Underway,2026-07-14 02:11:43.203853,3.41
TEL-14840,MV Fleet_02,LNG Carrier,14.65,7.0,12068,Underway,2026-07-14 02:26:43.203853,13.65
TEL-14841,MV Fleet_10,Container,12.89,3.0,11557,Anchored,2026-07-14 02:41:43.203853,8.63
TEL-14842,MV Fleet_03,Container,22.81,,41098,Underway,2026-07-14 02:56:43.203853,15.18
TEL-14843,MV Fleet_11,LNG Carrier,14.01,5.0,43790,Moored,2026-07-14 03:11:43.203853,10.73
TEL-14844,MV Fleet_11,LNG Carrier,20.13,8.0,39826,Underway,2026-07-14 03:26:43.203853,17.79
TEL-14845,MV Fleet_13,Tanker,16.48,7.0,27074,Moored,2026-07-14 03:41:43.203853,16.48
TEL-14846,MV Fleet_07,Container,19.27,9.0,27155,Underway,2026-07-14 03:56:43.203853,19.38
TEL-14847,MV Fleet_17,Tanker,12.16,3.0,41389,Underway,2026-07-14 04:11:43.203853,7.32
TEL-14848,MV Fleet_02,Tanker,23.07,1.0,47105,Anchored,2026-07-14 04:26:43.203853,10.98
TEL-14849,MV Fleet_12,Bulk Carrier,16.48,1.0,41759,Underway,2026-07-14 04:41:43.203853,4.54
TEL-14850,MV Fleet_10,Container,21.3,1.0,35784,Underway,2026-07-14 04:56:43.203853,7.97
TEL-14851,MV Fleet_18,Container,13.84,2.0,37401,Underway,2026-07-14 05:11:43.203853,6.09
TEL-14852,MV Fleet_11,Bulk Carrier,9.6,2.0,16565,Underway,2026-07-14 05:26:43.203853,7.73
TEL-14853,MV Fleet_16,Tanker,18.78,7.0,29700,Underway,2026-07-14 05:41:43.203853,14.47
TEL-14854,MV Fleet_17,Container,8.12,9.0,46271,Underway,2026-07-14 05:56:43.203853,14.97
TEL-14855,MV Fleet_19,Tanker,15.6,8.0,20337,Underway,2026-07-14 06:11:43.203853,14.94
TEL-14856,MV Fleet_18,Bulk Carrier,11.08,4.0,16112,Anchored,2026-07-14 06:26:43.203853,11.85
TEL-14857,MV Fleet_03,LNG Carrier,18.04,2.0,18761,Underway,2026-07-14 06:41:43.203853,8.87
TEL-14858,MV Fleet_16,Tanker,23.67,3.0,47791,Underway,2026-07-14 06:56:43.203853,11.74
TEL-14859,MV Fleet_06,Container,15.43,5.0,13885,Underway,2026-07-14 07:11:43.203853,9.22
TEL-14860,MV Fleet_12,LNG Carrier,21.08,9.0,6376,Underway,2026-07-14 07:26:43.203853,21.54
TEL-14861,MV Fleet_11,Tanker,16.12,8.0,10939,Underway,2026-07-14 07:41:43.203853,16.8
TEL-14862,MV Fleet_15,Tanker,15.93,3.0,46949,Underway,2026-07-14 07:56:43.203853,9.88
TEL-14863,MV Fleet_15,LNG Carrier,22.89,9.0,7846,Anchored,2026-07-14 08:11:43.203853,20.18
TEL-14864,MV Fleet_16,LNG Carrier,22.24,3.0,11817,Underway,2026-07-14 08:26:43.203853,15.1
TEL-14865,MV Fleet_10,LNG Carrier,20.57,8.0,12430,Moored,2026-07-14 08:41:43.203853,18.96
TEL-14866,MV Fleet_12,Container,12.74,,31328,Moored,2026-07-14 08:56:43.203853,5.16
TEL-14867,MV Fleet_13,Container,16.72,4.0,16151,Underway,2026-07-14 09:11:43.203853,11.74
TEL-14868,MV Fleet_04,Tanker,11.58,4.0,32619,Anchored,2026-07-14 09:26:43.203853,8.73
TEL-14869,MV Fleet_07,Tanker,15.1,6.0,39484,Underway,2026-07-14 09:41:43.203853,15.0
TEL-14870,MV Fleet_02,Bulk Carrier,15.75,2.0,32664,Underway,2026-07-14 09:56:43.203853,6.54
TEL-14871,MV Fleet_15,Container,21.31,7.0,11780,Underway,2026-07-14 10:11:43.203853,19.29
TEL-14872,MV Fleet_08,Tanker,22.34,5.0,8331,Anchored,2026-07-14 10:26:43.203853,17.36
TEL-14873,MV Fleet_07,LNG Carrier,14.63,6.0,33604,Moored,2026-07-14 10:41:43.203853,14.38
TEL-14874,MV Fleet_15,LNG Carrier,8.28,6.0,46849,Underway,2026-07-14 10:56:43.203853,12.61
TEL-14875,MV Fleet_14,Container,21.79,6.0,22762,Underway,2026-07-14 11:11:43.203853,15.44
TEL-14876,MV Fleet_08,LNG Carrier,10.79,8.0,28765,Underway,2026-07-14 11:26:43.203853,15.03
TEL-14877,MV Fleet_12,Bulk Carrier,17.95,4.0,42043,Underway,2026-07-14 11:41:43.203853,12.05
TEL-14878,MV Fleet_13,Tanker,8.4,8.0,26922,Underway,2026-07-14 11:56:43.203853,13.6
TEL-14879,MV Fleet_11,Tanker,14.39,9.0,28694,Anchored,2026-07-14 12:11:43.203853,18.16
TEL-14880,MV Fleet_17,Tanker,23.78,4.0,15556,Underway,2026-07-14 12:26:43.203853,16.55
TEL-14881,MV Fleet_17,Container,9.61,1.0,18555,Underway,2026-07-14 12:41:43.203853,2.29
TEL-14882,MV Fleet_04,LNG Carrier,14.78,3.0,15004,Underway,2026-07-14 12:56:43.203853,6.58
TEL-14883,MV Fleet_08,Bulk Carrier,12.91,1.0,43190,Underway,2026-07-14 13:11:43.203853,4.29
TEL-14884,MV Fleet_05,Container,22.48,7.0,25810,Underway,2026-07-14 13:26:43.203853,14.72
TEL-14885,MV Fleet_16,Tanker,21.91,1.0,16188,Underway,2026-07-14 13:41:43.203853,9.0
TEL-14886,MV Fleet_04,Bulk Carrier,11.8,4.0,5247,Moored,2026-07-14 13:56:43.203853,10.8
TEL-14887,MV Fleet_15,Tanker,9.3,1.0,25762,Underway,2026-07-14 14:11:43.203853,1.14
TEL-14888,MV Fleet_12,Tanker,18.03,2.0,18811,Underway,2026-07-14 14:26:43.203853,7.83
TEL-14889,MV Fleet_05,Container,13.38,1.0,8741,Underway,2026-07-14 14:41:43.203853,3.08
TEL-14890,MV Fleet_16,Tanker,18.75,5.0,34052,Underway,2026-07-14 14:56:43.203853,13.93
TEL-14891,MV Fleet_14,Bulk Carrier,8.51,7.0,39319,Anchored,2026-07-14 15:11:43.203853,12.98
TEL-14892,MV Fleet_10,Tanker,10.13,3.0,11306,Underway,2026-07-14 15:26:43.203853,6.58
TEL-14893,MV Fleet_07,LNG Carrier,18.98,8.0,8005,Moored,2026-07-14 15:41:43.203853,16.93
TEL-14894,MV Fleet_13,Tanker,11.4,5.0,8322,Moored,2026-07-14 15:56:43.203853,10.29
TEL-14895,MV Fleet_20,Container,21.72,5.0,21008,Underway,2026-07-14 16:11:43.203853,16.85
TEL-14896,MV Fleet_05,Bulk Carrier,8.94,5.0,45765,Moored,2026-07-14 16:26:43.203853,10.49
TEL-14897,MV Fleet_03,Container,11.45,8.0,29870,Moored,2026-07-14 16:41:43.203853,13.91
TEL-14898,MV Fleet_15,LNG Carrier,23.98,2.0,17466,Underway,2026-07-14 16:56:43.203853,11.38
TEL-14899,MV Fleet_04,Tanker,14.93,2.0,38161,Underway,2026-07-14 17:11:43.203853,6.43
TEL-14900,MV Fleet_15,Container,19.25,8.0,7739,Anchored,2026-07-14 17:26:43.203853,18.84
TEL-14901,MV Fleet_14,Container,10.92,9.0,41935,Underway,2026-07-14 17:41:43.203853,13.76
TEL-14902,MV Fleet_20,Container,17.76,2.0,18194,Underway,2026-07-14 17:56:43.203853,9.14
TEL-14903,MV Fleet_19,Container,19.62,4.0,9231,Underway,2026-07-14 18:11:43.203853,11.49
TEL-14904,MV Fleet_13,LNG Carrier,13.03,8.0,33268,Underway,2026-07-14 18:26:43.203853,14.75
TEL-14905,MV Fleet_10,LNG Carrier,21.26,2.0,6401,Moored,2026-07-14 18:41:43.203853,9.13
TEL-14906,MV Fleet_05,Tanker,17.65,4.0,13086,Underway,2026-07-14 18:56:43.203853,12.36
TEL-14907,MV Fleet_20,Tanker,14.23,1.0,38673,Anchored,2026-07-14 19:11:43.203853,4.26
TEL-14908,MV Fleet_20,Bulk Carrier,16.92,2.0,5529,Underway,2026-07-14 19:26:43.203853,6.46
TEL-14909,MV Fleet_06,LNG Carrier,17.23,7.0,45779,Underway,2026-07-14 19:41:43.203853,14.69
TEL-14910,MV Fleet_04,Container,10.65,1.0,28462,Underway,2026-07-14 19:56:43.203853,2.11
TEL-14911,MV Fleet_02,Container,14.44,1.0,42386,Underway,2026-07-14 20:11:43.203853,6.54
TEL-14912,MV Fleet_16,Bulk Carrier,13.49,2.0,21956,Underway,2026-07-14 20:26:43.203853,4.68
TEL-14913,MV Fleet_18,Container,14.41,4.0,22027,Anchored,2026-07-14 20:41:43.203853,9.67
TEL-14914,MV Fleet_05,Bulk Carrier,20.18,7.0,25455,Underway,2026-07-14 20:56:43.203853,16.14
TEL-14915,MV Fleet_04,Tanker,15.72,4.0,44781,Underway,2026-07-14 21:11:43.203853,12.68
TEL-14916,MV Fleet_13,LNG Carrier,23.05,5.0,47252,Underway,2026-07-14 21:26:43.203853,16.43
TEL-14917,MV Fleet_19,Bulk Carrier,12.7,4.0,49555,Underway,2026-07-14 21:41:43.203853,8.07
TEL-14918,MV Fleet_02,Container,14.65,4.0,10605,Moored,2026-07-14 21:56:43.203853,10.09
TEL-14919,MV Fleet_13,Bulk Carrier,20.59,9.0,15677,Underway,2026-07-14 22:11:43.203853,18.98
TEL-14920,MV Fleet_11,Tanker,16.74,6.0,21938,Underway,2026-07-14 22:26:43.203853,14.82
TEL-14921,MV Fleet_04,Container,16.75,3.0,48534,Underway,2026-07-14 22:41:43.203853,9.57
TEL-14922,MV Fleet_20,Tanker,8.85,6.0,48184,Underway,2026-07-14 22:56:43.203853,11.26
TEL-14923,MV Fleet_20,Tanker,14.38,7.0,20009,Underway,2026-07-14 23:11:43.203853,12.79
TEL-14924,MV Fleet_15,Bulk Carrier,12.33,7.0,35246,Underway,2026-07-14 23:26:43.203853,11.29
TEL-14925,MV Fleet_04,Tanker,23.99,8.0,33185,Underway,2026-07-14 23:41:43.203853,18.38
TEL-14926,MV Fleet_09,Container,12.93,4.0,34295,Anchored,2026-07-14 23:56:43.203853,6.72
TEL-14927,MV Fleet_07,Tanker,22.15,1.0,30519,Underway,2026-07-15 00:11:43.203853,9.26
TEL-14928,MV Fleet_19,Tanker,18.82,6.0,25952,Underway,2026-07-15 00:26:43.203853,17.76
TEL-14929,MV Fleet_19,Bulk Carrier,13.45,8.0,14185,Moored,2026-07-15 00:41:43.203853,14.72
TEL-14930,MV Fleet_06,Tanker,16.7,5.0,24843,Moored,2026-07-15 00:56:43.203853,11.43
TEL-14931,MV Fleet_06,LNG Carrier,21.45,3.0,22505,Underway,2026-07-15 01:11:43.203853,11.76
TEL-14932,MV Fleet_20,Bulk Carrier,22.13,4.0,33022,Underway,2026-07-15 01:26:43.203853,12.56
TEL-14933,MV Fleet_15,Bulk Carrier,10.57,8.0,21439,Underway,2026-07-15 01:41:43.203853,12.28
TEL-14934,MV Fleet_15,Container,13.43,6.0,19660,Underway,2026-07-15 01:56:43.203853,11.33
TEL-14935,MV Fleet_20,Container,13.36,5.0,13849,Anchored,2026-07-15 02:11:43.203853,10.44
TEL-14936,MV Fleet_09,Container,8.67,9.0,34628,Underway,2026-07-15 02:26:43.203853,17.86
TEL-14937,MV Fleet_04,Container,17.57,3.0,29835,Underway,2026-07-15 02:41:43.203853,8.99
TEL-14938,MV Fleet_18,LNG Carrier,21.68,7.0,9736,Anchored,2026-07-15 02:56:43.203853,18.26
TEL-14939,MV Fleet_18,Bulk Carrier,14.11,9.0,40377,Moored,2026-07-15 03:11:43.203853,15.04
TEL-14940,MV Fleet_05,Tanker,19.84,4.0,8909,Moored,2026-07-15 03:26:43.203853,13.47
TEL-14941,MV Fleet_20,Container,18.04,3.0,19867,Underway,2026-07-15 03:41:43.203853,8.86
TEL-14942,MV Fleet_11,Container,14.01,1.0,5794,Underway,2026-07-15 03:56:43.203853,3.36
TEL-14943,MV Fleet_05,Container,10.26,9.0,22945,Underway,2026-07-15 04:11:43.203853,14.05
TEL-14944,MV Fleet_04,Tanker,19.35,1.0,20369,Anchored,2026-07-15 04:26:43.203853,6.69
TEL-14945,MV Fleet_12,Container,21.67,2.0,48601,Moored,2026-07-15 04:41:43.203853,8.73
TEL-14946,MV Fleet_02,Tanker,18.97,9.0,28807,Anchored,2026-07-15 04:56:43.203853,19.89
TEL-14947,MV Fleet_13,Bulk Carrier,8.29,5.0,15856,Anchored,2026-07-15 05:11:43.203853,7.33
TEL-14948,MV Fleet_10,Bulk Carrier,11.46,4.0,11795,Underway,2026-07-15 05:26:43.203853,9.5
TEL-14949,MV Fleet_09,Bulk Carrier,9.11,9.0,34385,Underway,2026-07-15 05:41:43.203853,14.45
TEL-14950,MV Fleet_10,LNG Carrier,17.13,9.0,36063,Underway,2026-07-15 05:56:43.203853,17.13
TEL-14951,MV Fleet_07,Tanker,20.1,2.0,43260,Anchored,2026-07-15 06:11:43.203853,8.54
TEL-14952,MV Fleet_04,Container,9.77,3.0,15149,Underway,2026-07-15 06:26:43.203853,4.9
TEL-14953,MV Fleet_19,Container,21.41,3.0,31669,Underway,2026-07-15 06:41:43.203853,11.85
TEL-14954,MV Fleet_10,Container,16.89,5.0,31328,Underway,2026-07-15 06:56:43.203853,11.57
TEL-14955,MV Fleet_03,Container,19.04,3.0,42767,Underway,2026-07-15 07:11:43.203853,12.16
TEL-14956,MV Fleet_19,LNG Carrier,23.54,6.0,42965,Anchored,2026-07-15 07:26:43.203853,14.13
TEL-14957,MV Fleet_02,Container,9.34,2.0,8562,Underway,2026-07-15 07:41:43.203853,6.54
TEL-14958,MV Fleet_20,LNG Carrier,22.42,6.0,38623,Anchored,2026-07-15 07:56:43.203853,15.9
TEL-14959,MV Fleet_10,Tanker,10.02,6.0,47255,Underway,2026-07-15 08:11:43.203853,13.41
TEL-14960,MV Fleet_02,Bulk Carrier,14.29,2.0,41389,Underway,2026-07-15 08:26:43.203853,6.86
TEL-14961,MV Fleet_02,Container,21.62,6.0,9206,Underway,2026-07-15 08:41:43.203853,18.24
TEL-14962,MV Fleet_17,Bulk Carrier,22.5,6.0,38806,Moored,2026-07-15 08:56:43.203853,16.84
TEL-14963,MV Fleet_16,Tanker,16.1,6.0,42364,Underway,2026-07-15 09:11:43.203853,13.3
TEL-14964,MV Fleet_16,Tanker,17.51,5.0,25897,Underway,2026-07-15 09:26:43.203853,11.27
TEL-14965,MV Fleet_14,Container,19.33,7.0,19151,Underway,2026-07-15 09:41:43.203853,16.51
TEL-14966,MV Fleet_07,Tanker,21.32,,9370,Underway,2026-07-15 09:56:43.203853,13.26
TEL-14967,MV Fleet_11,Bulk Carrier,9.94,1.0,29045,Underway,2026-07-15 10:11:43.203853,3.77
TEL-14968,MV Fleet_01,Container,20.96,9.0,26700,Underway,2026-07-15 10:26:43.203853,20.8
TEL-14969,MV Fleet_11,LNG Carrier,15.7,3.0,41215,Moored,2026-07-15 10:41:43.203853,8.63
TEL-14970,MV Fleet_04,Container,15.21,2.0,27234,Anchored,2026-07-15 10:56:43.203853,8.95
TEL-14971,MV Fleet_07,Bulk Carrier,14.78,6.0,20326,Underway,2026-07-15 11:11:43.203853,13.64
TEL-14972,MV Fleet_15,Container,16.15,8.0,42997,Underway,2026-07-15 11:26:43.203853,15.15
TEL-14973,MV Fleet_18,Container,23.12,2.0,7241,Anchored,2026-07-15 11:41:43.203853,12.19
TEL-14974,MV Fleet_12,Bulk Carrier,16.77,4.0,35639,Anchored,2026-07-15 11:56:43.203853,12.26
TEL-14975,MV Fleet_17,Container,23.25,2.0,45586,Underway,2026-07-15 12:11:43.203853,7.82
TEL-14976,MV Fleet_01,Container,10.88,9.0,44766,Underway,2026-07-15 12:26:43.203853,14.19
TEL-14977,MV Fleet_11,Bulk Carrier,19.59,2.0,26278,Anchored,2026-07-15 12:41:43.203853,8.58
TEL-14978,MV Fleet_01,Tanker,21.0,2.0,47923,Anchored,2026-07-15 12:56:43.203853,8.86
TEL-14979,MV Fleet_15,Bulk Carrier,18.87,5.0,11444,Underway,2026-07-15 13:11:43.203853,14.36
TEL-14980,MV Fleet_10,Container,17.71,5.0,8015,Underway,2026-07-15 13:26:43.203853,11.47
TEL-14981,MV Fleet_07,LNG Carrier,17.04,7.0,19903,Underway,2026-07-15 13:41:43.203853,13.97
TEL-14982,MV Fleet_02,LNG Carrier,21.77,1.0,44583,Underway,2026-07-15 13:56:43.203853,9.38
TEL-14983,MV Fleet_10,Bulk Carrier,21.15,2.0,33143,Underway,2026-07-15 14:11:43.203853,9.82
TEL-14984,MV Fleet_04,LNG Carrier,9.96,6.0,9864,Underway,2026-07-15 14:26:43.203853,12.67
TEL-14985,MV Fleet_12,Container,21.58,2.0,14676,Underway,2026-07-15 14:41:43.203853,10.97
TEL-14986,MV Fleet_19,Container,14.63,4.0,9234,Underway,2026-07-15 14:56:43.203853,14.93
TEL-14987,MV Fleet_11,Bulk Carrier,12.06,6.0,26340,Underway,2026-07-15 15:11:43.203853,10.12
TEL-14988,MV Fleet_08,Container,21.92,7.0,23723,Underway,2026-07-15 15:26:43.203853,15.82
TEL-14989,MV Fleet_18,Tanker,14.91,5.0,13526,Underway,2026-07-15 15:41:43.203853,13.52
TEL-14990,MV Fleet_11,Container,20.93,8.0,11842,Underway,2026-07-15 15:56:43.203853,23.64
TEL-14991,MV Fleet_11,Bulk Carrier,12.21,6.0,39626,Underway,2026-07-15 16:11:43.203853,11.48
TEL-14992,MV Fleet_13,Tanker,8.06,5.0,6207,Underway,2026-07-15 16:26:43.203853,8.41
TEL-14993,MV Fleet_03,Tanker,15.93,4.0,22308,Underway,2026-07-15 16:41:43.203853,10.62
TEL-14994,MV Fleet_12,LNG Carrier,9.6,6.0,10429,Underway,2026-07-15 16:56:43.203853,9.59
TEL-14995,MV Fleet_03,Container,20.07,6.0,12591,Underway,2026-07-15 17:11:43.203853,12.63
TEL-14996,MV Fleet_10,Bulk Carrier,12.42,6.0,43660,Underway,2026-07-15 17:26:43.203853,12.26
TEL-14997,MV Fleet_17,LNG Carrier,15.1,1.0,16777,Anchored,2026-07-15 17:41:43.203853,5.55
TEL-14998,MV Fleet_02,LNG Carrier,9.39,6.0,43713,Underway,2026-07-15 17:56:43.203853,8.73
TEL-14999,MV Fleet_17,Container,12.59,1.0,45459,Anchored,2026-07-15 18:11:43.203853,3.54
